model,parallel_id,pair_id,query_language,gui_language,text_dependency,y_O,y_R,y_C,y_F,R_minus_O,F_minus_C,C_minus_O,F_minus_R,interaction
internvl,rel::1/booking_1.jpg,rel::1/booking_1.jpg::en::ru,en,ru,dependent,1,1,1,1,0,0,0,0,0
internvl,rel::1/booking_1.jpg,rel::1/booking_1.jpg::en::th,en,th,dependent,1,1,1,1,0,0,0,0,0
internvl,rel::1/booking_1.jpg,rel::1/booking_1.jpg::en::zh,en,zh,dependent,0,1,0,0,1,0,0,-1,-1
internvl,rel::1/booking_1.jpg,rel::1/booking_1.jpg::ru::en,ru,en,dependent,1,0,1,1,-1,0,0,1,1
internvl,rel::1/booking_1.jpg,rel::1/booking_1.jpg::ru::th,ru,th,dependent,1,1,1,1,0,0,0,0,0
internvl,rel::1/booking_1.jpg,rel::1/booking_1.jpg::ru::zh,ru,zh,dependent,1,0,0,0,-1,0,-1,0,1
internvl,rel::1/booking_1.jpg,rel::1/booking_1.jpg::th::en,th,en,dependent,0,1,1,1,1,0,1,0,-1
internvl,rel::1/booking_1.jpg,rel::1/booking_1.jpg::th::ru,th,ru,dependent,1,1,1,1,0,0,0,0,0
internvl,rel::1/booking_1.jpg,rel::1/booking_1.jpg::th::zh,th,zh,dependent,1,1,1,0,0,-1,0,-1,-1
internvl,rel::1/booking_1.jpg,rel::1/booking_1.jpg::zh::en,zh,en,dependent,1,1,1,1,0,0,0,0,0
internvl,rel::1/booking_1.jpg,rel::1/booking_1.jpg::zh::ru,zh,ru,dependent,1,1,1,1,0,0,0,0,0
internvl,rel::1/booking_1.jpg,rel::1/booking_1.jpg::zh::th,zh,th,dependent,1,1,1,1,0,0,0,0,0
internvl,rel::1/booking_10.jpg,rel::1/booking_10.jpg::en::ru,en,ru,dependent,1,1,1,1,0,0,0,0,0
internvl,rel::1/booking_10.jpg,rel::1/booking_10.jpg::en::th,en,th,dependent,1,0,0,0,-1,0,-1,0,1
internvl,rel::1/booking_10.jpg,rel::1/booking_10.jpg::en::zh,en,zh,dependent,1,1,1,1,0,0,0,0,0
internvl,rel::1/booking_10.jpg,rel::1/booking_10.jpg::ru::en,ru,en,dependent,0,0,0,0,0,0,0,0,0
internvl,rel::1/booking_10.jpg,rel::1/booking_10.jpg::ru::th,ru,th,dependent,1,0,0,0,-1,0,-1,0,1
internvl,rel::1/booking_10.jpg,rel::1/booking_10.jpg::ru::zh,ru,zh,dependent,1,1,1,1,0,0,0,0,0
internvl,rel::1/booking_10.jpg,rel::1/booking_10.jpg::th::en,th,en,dependent,0,0,0,0,0,0,0,0,0
internvl,rel::1/booking_10.jpg,rel::1/booking_10.jpg::th::ru,th,ru,dependent,0,0,1,1,0,0,1,1,0
internvl,rel::1/booking_10.jpg,rel::1/booking_10.jpg::th::zh,th,zh,dependent,0,0,0,1,0,1,0,1,1
internvl,rel::1/booking_10.jpg,rel::1/booking_10.jpg::zh::en,zh,en,dependent,0,0,0,0,0,0,0,0,0
internvl,rel::1/booking_10.jpg,rel::1/booking_10.jpg::zh::ru,zh,ru,dependent,1,1,1,1,0,0,0,0,0
internvl,rel::1/booking_10.jpg,rel::1/booking_10.jpg::zh::th,zh,th,dependent,1,0,0,0,-1,0,-1,0,1
internvl,rel::1/booking_2.jpg,rel::1/booking_2.jpg::en::ru,en,ru,dependent,1,1,0,1,0,1,-1,0,1
internvl,rel::1/booking_2.jpg,rel::1/booking_2.jpg::en::th,en,th,dependent,1,1,0,1,0,1,-1,0,1
internvl,rel::1/booking_2.jpg,rel::1/booking_2.jpg::en::zh,en,zh,dependent,1,1,1,1,0,0,0,0,0
internvl,rel::1/booking_2.jpg,rel::1/booking_2.jpg::ru::en,ru,en,dependent,1,1,1,1,0,0,0,0,0
internvl,rel::1/booking_2.jpg,rel::1/booking_2.jpg::ru::th,ru,th,dependent,1,1,1,1,0,0,0,0,0
internvl,rel::1/booking_2.jpg,rel::1/booking_2.jpg::ru::zh,ru,zh,dependent,1,1,1,1,0,0,0,0,0
internvl,rel::1/booking_2.jpg,rel::1/booking_2.jpg::th::en,th,en,dependent,1,1,1,1,0,0,0,0,0
internvl,rel::1/booking_2.jpg,rel::1/booking_2.jpg::th::ru,th,ru,dependent,1,1,1,1,0,0,0,0,0
internvl,rel::1/booking_2.jpg,rel::1/booking_2.jpg::th::zh,th,zh,dependent,0,1,1,1,1,0,1,0,-1
internvl,rel::1/booking_2.jpg,rel::1/booking_2.jpg::zh::en,zh,en,dependent,1,1,1,1,0,0,0,0,0
internvl,rel::1/booking_2.jpg,rel::1/booking_2.jpg::zh::ru,zh,ru,dependent,0,1,0,1,1,1,0,0,0
internvl,rel::1/booking_2.jpg,rel::1/booking_2.jpg::zh::th,zh,th,dependent,0,1,0,1,1,1,0,0,0
internvl,rel::1/booking_3.jpg,rel::1/booking_3.jpg::en::ru,en,ru,dependent,1,1,0,0,0,0,-1,-1,0
internvl,rel::1/booking_3.jpg,rel::1/booking_3.jpg::en::th,en,th,dependent,1,1,1,1,0,0,0,0,0
internvl,rel::1/booking_3.jpg,rel::1/booking_3.jpg::ru::en,ru,en,dependent,1,1,1,1,0,0,0,0,0
internvl,rel::1/booking_3.jpg,rel::1/booking_3.jpg::ru::th,ru,th,dependent,1,1,1,1,0,0,0,0,0
internvl,rel::1/booking_3.jpg,rel::1/booking_3.jpg::th::en,th,en,dependent,1,1,1,1,0,0,0,0,0
internvl,rel::1/booking_3.jpg,rel::1/booking_3.jpg::th::ru,th,ru,dependent,1,0,1,0,-1,-1,0,0,0
internvl,rel::1/booking_4.jpg,rel::1/booking_4.jpg::en::ru,en,ru,independent,1,1,1,0,0,-1,0,-1,-1
internvl,rel::1/booking_4.jpg,rel::1/booking_4.jpg::en::th,en,th,independent,1,1,1,0,0,-1,0,-1,-1
internvl,rel::1/booking_4.jpg,rel::1/booking_4.jpg::en::zh,en,zh,independent,1,1,1,1,0,0,0,0,0
internvl,rel::1/booking_4.jpg,rel::1/booking_4.jpg::ru::en,ru,en,independent,0,1,1,1,1,0,1,0,-1
internvl,rel::1/booking_4.jpg,rel::1/booking_4.jpg::ru::th,ru,th,independent,1,1,1,0,0,-1,0,-1,-1
internvl,rel::1/booking_4.jpg,rel::1/booking_4.jpg::ru::zh,ru,zh,independent,0,1,1,1,1,0,1,0,-1
internvl,rel::1/booking_4.jpg,rel::1/booking_4.jpg::th::en,th,en,independent,0,1,1,1,1,0,1,0,-1
internvl,rel::1/booking_4.jpg,rel::1/booking_4.jpg::th::ru,th,ru,independent,1,0,1,0,-1,-1,0,0,0
internvl,rel::1/booking_4.jpg,rel::1/booking_4.jpg::th::zh,th,zh,independent,0,0,1,1,0,0,1,1,0
internvl,rel::1/booking_4.jpg,rel::1/booking_4.jpg::zh::en,zh,en,independent,1,1,1,1,0,0,0,0,0
internvl,rel::1/booking_4.jpg,rel::1/booking_4.jpg::zh::ru,zh,ru,independent,1,1,0,0,0,0,-1,-1,0
internvl,rel::1/booking_4.jpg,rel::1/booking_4.jpg::zh::th,zh,th,independent,1,1,1,0,0,-1,0,-1,-1
internvl,rel::1/booking_5.jpg,rel::1/booking_5.jpg::en::ru,en,ru,dependent,0,0,0,0,0,0,0,0,0
internvl,rel::1/booking_5.jpg,rel::1/booking_5.jpg::en::th,en,th,dependent,0,0,0,0,0,0,0,0,0
internvl,rel::1/booking_5.jpg,rel::1/booking_5.jpg::en::zh,en,zh,dependent,0,0,0,0,0,0,0,0,0
internvl,rel::1/booking_5.jpg,rel::1/booking_5.jpg::ru::en,ru,en,dependent,0,0,1,0,0,-1,1,0,-1
internvl,rel::1/booking_5.jpg,rel::1/booking_5.jpg::ru::th,ru,th,dependent,0,0,0,0,0,0,0,0,0
internvl,rel::1/booking_5.jpg,rel::1/booking_5.jpg::ru::zh,ru,zh,dependent,1,0,0,0,-1,0,-1,0,1
internvl,rel::1/booking_5.jpg,rel::1/booking_5.jpg::th::en,th,en,dependent,0,1,0,0,1,0,0,-1,-1
internvl,rel::1/booking_5.jpg,rel::1/booking_5.jpg::th::ru,th,ru,dependent,0,0,1,0,0,-1,1,0,-1
internvl,rel::1/booking_5.jpg,rel::1/booking_5.jpg::th::zh,th,zh,dependent,0,0,0,0,0,0,0,0,0
internvl,rel::1/booking_5.jpg,rel::1/booking_5.jpg::zh::en,zh,en,dependent,0,0,0,0,0,0,0,0,0
internvl,rel::1/booking_5.jpg,rel::1/booking_5.jpg::zh::ru,zh,ru,dependent,0,0,1,0,0,-1,1,0,-1
internvl,rel::1/booking_5.jpg,rel::1/booking_5.jpg::zh::th,zh,th,dependent,0,0,0,0,0,0,0,0,0
internvl,rel::1/booking_6.jpg,rel::1/booking_6.jpg::en::ru,en,ru,dependent,1,1,1,1,0,0,0,0,0
internvl,rel::1/booking_6.jpg,rel::1/booking_6.jpg::en::th,en,th,dependent,1,1,1,1,0,0,0,0,0
internvl,rel::1/booking_6.jpg,rel::1/booking_6.jpg::en::zh,en,zh,dependent,1,1,1,1,0,0,0,0,0
internvl,rel::1/booking_6.jpg,rel::1/booking_6.jpg::ru::en,ru,en,dependent,0,0,1,1,0,0,1,1,0
internvl,rel::1/booking_6.jpg,rel::1/booking_6.jpg::ru::th,ru,th,dependent,1,1,1,1,0,0,0,0,0
internvl,rel::1/booking_6.jpg,rel::1/booking_6.jpg::ru::zh,ru,zh,dependent,1,1,1,1,0,0,0,0,0
internvl,rel::1/booking_6.jpg,rel::1/booking_6.jpg::th::en,th,en,dependent,0,0,1,1,0,0,1,1,0
internvl,rel::1/booking_6.jpg,rel::1/booking_6.jpg::th::ru,th,ru,dependent,1,1,1,1,0,0,0,0,0
internvl,rel::1/booking_6.jpg,rel::1/booking_6.jpg::th::zh,th,zh,dependent,1,1,1,1,0,0,0,0,0
internvl,rel::1/booking_6.jpg,rel::1/booking_6.jpg::zh::en,zh,en,dependent,0,1,0,1,1,1,0,0,0
internvl,rel::1/booking_6.jpg,rel::1/booking_6.jpg::zh::ru,zh,ru,dependent,1,1,1,1,0,0,0,0,0
internvl,rel::1/booking_6.jpg,rel::1/booking_6.jpg::zh::th,zh,th,dependent,1,1,0,1,0,1,-1,0,1
internvl,rel::1/booking_7.jpg,rel::1/booking_7.jpg::en::ru,en,ru,dependent,0,1,0,0,1,0,0,-1,-1
internvl,rel::1/booking_7.jpg,rel::1/booking_7.jpg::en::th,en,th,dependent,0,0,0,0,0,0,0,0,0
internvl,rel::1/booking_7.jpg,rel::1/booking_7.jpg::en::zh,en,zh,dependent,0,0,0,0,0,0,0,0,0
internvl,rel::1/booking_7.jpg,rel::1/booking_7.jpg::ru::en,ru,en,dependent,0,0,0,0,0,0,0,0,0
internvl,rel::1/booking_7.jpg,rel::1/booking_7.jpg::ru::th,ru,th,dependent,0,0,0,0,0,0,0,0,0
internvl,rel::1/booking_7.jpg,rel::1/booking_7.jpg::ru::zh,ru,zh,dependent,0,0,0,0,0,0,0,0,0
internvl,rel::1/booking_7.jpg,rel::1/booking_7.jpg::th::en,th,en,dependent,0,0,0,0,0,0,0,0,0
internvl,rel::1/booking_7.jpg,rel::1/booking_7.jpg::th::ru,th,ru,dependent,0,0,0,0,0,0,0,0,0
internvl,rel::1/booking_7.jpg,rel::1/booking_7.jpg::th::zh,th,zh,dependent,1,0,0,0,-1,0,-1,0,1
internvl,rel::1/booking_7.jpg,rel::1/booking_7.jpg::zh::en,zh,en,dependent,0,0,0,0,0,0,0,0,0
internvl,rel::1/booking_7.jpg,rel::1/booking_7.jpg::zh::ru,zh,ru,dependent,0,0,0,0,0,0,0,0,0
internvl,rel::1/booking_7.jpg,rel::1/booking_7.jpg::zh::th,zh,th,dependent,0,0,0,0,0,0,0,0,0
internvl,rel::1/booking_8.jpg,rel::1/booking_8.jpg::en::ru,en,ru,dependent,1,1,1,1,0,0,0,0,0
internvl,rel::1/booking_8.jpg,rel::1/booking_8.jpg::en::th,en,th,dependent,1,1,1,0,0,-1,0,-1,-1
internvl,rel::1/booking_8.jpg,rel::1/booking_8.jpg::en::zh,en,zh,dependent,1,1,1,1,0,0,0,0,0
internvl,rel::1/booking_8.jpg,rel::1/booking_8.jpg::ru::en,ru,en,dependent,1,1,1,1,0,0,0,0,0
internvl,rel::1/booking_8.jpg,rel::1/booking_8.jpg::ru::th,ru,th,dependent,1,0,1,0,-1,-1,0,0,0
internvl,rel::1/booking_8.jpg,rel::1/booking_8.jpg::ru::zh,ru,zh,dependent,1,1,1,1,0,0,0,0,0
internvl,rel::1/booking_8.jpg,rel::1/booking_8.jpg::th::en,th,en,dependent,1,1,1,1,0,0,0,0,0
internvl,rel::1/booking_8.jpg,rel::1/booking_8.jpg::th::ru,th,ru,dependent,1,1,1,1,0,0,0,0,0
internvl,rel::1/booking_8.jpg,rel::1/booking_8.jpg::th::zh,th,zh,dependent,1,1,1,1,0,0,0,0,0
internvl,rel::1/booking_8.jpg,rel::1/booking_8.jpg::zh::en,zh,en,dependent,1,1,1,1,0,0,0,0,0
internvl,rel::1/booking_8.jpg,rel::1/booking_8.jpg::zh::ru,zh,ru,dependent,1,1,1,1,0,0,0,0,0
internvl,rel::1/booking_8.jpg,rel::1/booking_8.jpg::zh::th,zh,th,dependent,1,0,1,0,-1,-1,0,0,0
internvl,rel::1/booking_9.jpg,rel::1/booking_9.jpg::en::ru,en,ru,dependent,0,1,0,1,1,1,0,0,0
internvl,rel::1/booking_9.jpg,rel::1/booking_9.jpg::en::th,en,th,dependent,0,0,0,0,0,0,0,0,0
internvl,rel::1/booking_9.jpg,rel::1/booking_9.jpg::en::zh,en,zh,dependent,1,1,1,1,0,0,0,0,0
internvl,rel::1/booking_9.jpg,rel::1/booking_9.jpg::ru::en,ru,en,dependent,1,1,1,1,0,0,0,0,0
internvl,rel::1/booking_9.jpg,rel::1/booking_9.jpg::ru::th,ru,th,dependent,0,0,0,0,0,0,0,0,0
internvl,rel::1/booking_9.jpg,rel::1/booking_9.jpg::ru::zh,ru,zh,dependent,1,1,1,1,0,0,0,0,0
internvl,rel::1/booking_9.jpg,rel::1/booking_9.jpg::th::en,th,en,dependent,1,1,1,1,0,0,0,0,0
internvl,rel::1/booking_9.jpg,rel::1/booking_9.jpg::th::ru,th,ru,dependent,1,1,0,1,0,1,-1,0,1
internvl,rel::1/booking_9.jpg,rel::1/booking_9.jpg::th::zh,th,zh,dependent,1,1,0,1,0,1,-1,0,1
internvl,rel::1/booking_9.jpg,rel::1/booking_9.jpg::zh::en,zh,en,dependent,1,1,1,1,0,0,0,0,0
internvl,rel::1/booking_9.jpg,rel::1/booking_9.jpg::zh::ru,zh,ru,dependent,0,1,0,1,1,1,0,0,0
internvl,rel::1/booking_9.jpg,rel::1/booking_9.jpg::zh::th,zh,th,dependent,0,0,0,0,0,0,0,0,0
internvl,rel::1/podcast_1.jpg,rel::1/podcast_1.jpg::en::ru,en,ru,dependent,0,0,1,1,0,0,1,1,0
internvl,rel::1/podcast_1.jpg,rel::1/podcast_1.jpg::en::th,en,th,dependent,0,0,0,0,0,0,0,0,0
internvl,rel::1/podcast_1.jpg,rel::1/podcast_1.jpg::en::zh,en,zh,dependent,0,0,0,0,0,0,0,0,0
internvl,rel::1/podcast_1.jpg,rel::1/podcast_1.jpg::ru::en,ru,en,dependent,1,1,0,0,0,0,-1,-1,0
internvl,rel::1/podcast_1.jpg,rel::1/podcast_1.jpg::ru::th,ru,th,dependent,0,0,0,0,0,0,0,0,0
internvl,rel::1/podcast_1.jpg,rel::1/podcast_1.jpg::ru::zh,ru,zh,dependent,1,1,0,0,0,0,-1,-1,0
internvl,rel::1/podcast_1.jpg,rel::1/podcast_1.jpg::th::en,th,en,dependent,1,1,0,0,0,0,-1,-1,0
internvl,rel::1/podcast_1.jpg,rel::1/podcast_1.jpg::th::ru,th,ru,dependent,0,0,1,1,0,0,1,1,0
internvl,rel::1/podcast_1.jpg,rel::1/podcast_1.jpg::th::zh,th,zh,dependent,1,1,0,0,0,0,-1,-1,0
internvl,rel::1/podcast_1.jpg,rel::1/podcast_1.jpg::zh::en,zh,en,dependent,0,0,0,0,0,0,0,0,0
internvl,rel::1/podcast_1.jpg,rel::1/podcast_1.jpg::zh::ru,zh,ru,dependent,0,0,1,1,0,0,1,1,0
internvl,rel::1/podcast_1.jpg,rel::1/podcast_1.jpg::zh::th,zh,th,dependent,0,0,0,0,0,0,0,0,0
internvl,rel::1/podcast_2.jpg,rel::1/podcast_2.jpg::en::ru,en,ru,dependent,0,0,0,1,0,1,0,1,1
internvl,rel::1/podcast_2.jpg,rel::1/podcast_2.jpg::en::th,en,th,dependent,0,0,0,0,0,0,0,0,0
internvl,rel::1/podcast_2.jpg,rel::1/podcast_2.jpg::en::zh,en,zh,dependent,1,1,0,1,0,1,-1,0,1
internvl,rel::1/podcast_2.jpg,rel::1/podcast_2.jpg::ru::en,ru,en,dependent,0,1,0,1,1,1,0,0,0
internvl,rel::1/podcast_2.jpg,rel::1/podcast_2.jpg::ru::th,ru,th,dependent,0,0,0,0,0,0,0,0,0
internvl,rel::1/podcast_2.jpg,rel::1/podcast_2.jpg::ru::zh,ru,zh,dependent,0,1,0,1,1,1,0,0,0
internvl,rel::1/podcast_2.jpg,rel::1/podcast_2.jpg::th::en,th,en,dependent,0,1,0,1,1,1,0,0,0
internvl,rel::1/podcast_2.jpg,rel::1/podcast_2.jpg::th::ru,th,ru,dependent,0,0,0,1,0,1,0,1,1
internvl,rel::1/podcast_2.jpg,rel::1/podcast_2.jpg::th::zh,th,zh,dependent,0,1,0,1,1,1,0,0,0
internvl,rel::1/podcast_2.jpg,rel::1/podcast_2.jpg::zh::en,zh,en,dependent,1,1,1,1,0,0,0,0,0
internvl,rel::1/podcast_2.jpg,rel::1/podcast_2.jpg::zh::ru,zh,ru,dependent,0,0,0,1,0,1,0,1,1
internvl,rel::1/podcast_2.jpg,rel::1/podcast_2.jpg::zh::th,zh,th,dependent,0,0,0,0,0,0,0,0,0
internvl,rel::1/podcast_3.jpg,rel::1/podcast_3.jpg::en::ru,en,ru,dependent,1,1,0,1,0,1,-1,0,1
internvl,rel::1/podcast_3.jpg,rel::1/podcast_3.jpg::en::th,en,th,dependent,1,1,1,1,0,0,0,0,0
internvl,rel::1/podcast_3.jpg,rel::1/podcast_3.jpg::en::zh,en,zh,dependent,1,1,1,1,0,0,0,0,0
internvl,rel::1/podcast_3.jpg,rel::1/podcast_3.jpg::ru::en,ru,en,dependent,1,1,1,1,0,0,0,0,0
internvl,rel::1/podcast_3.jpg,rel::1/podcast_3.jpg::ru::th,ru,th,dependent,0,1,0,1,1,1,0,0,0
internvl,rel::1/podcast_3.jpg,rel::1/podcast_3.jpg::ru::zh,ru,zh,dependent,1,1,0,1,0,1,-1,0,1
internvl,rel::1/podcast_3.jpg,rel::1/podcast_3.jpg::th::en,th,en,dependent,0,1,1,1,1,0,1,0,-1
internvl,rel::1/podcast_3.jpg,rel::1/podcast_3.jpg::th::ru,th,ru,dependent,0,0,1,1,0,0,1,1,0
internvl,rel::1/podcast_3.jpg,rel::1/podcast_3.jpg::th::zh,th,zh,dependent,1,0,1,1,-1,0,0,1,1
internvl,rel::1/podcast_3.jpg,rel::1/podcast_3.jpg::zh::en,zh,en,dependent,1,1,1,1,0,0,0,0,0
internvl,rel::1/podcast_3.jpg,rel::1/podcast_3.jpg::zh::ru,zh,ru,dependent,1,1,1,1,0,0,0,0,0
internvl,rel::1/podcast_3.jpg,rel::1/podcast_3.jpg::zh::th,zh,th,dependent,0,1,0,1,1,1,0,0,0
internvl,rel::1/podcast_4.jpg,rel::1/podcast_4.jpg::en::ru,en,ru,dependent,0,0,1,1,0,0,1,1,0
internvl,rel::1/podcast_4.jpg,rel::1/podcast_4.jpg::en::th,en,th,dependent,1,0,1,1,-1,0,0,1,1
internvl,rel::1/podcast_4.jpg,rel::1/podcast_4.jpg::en::zh,en,zh,dependent,1,1,1,1,0,0,0,0,0
internvl,rel::1/podcast_4.jpg,rel::1/podcast_4.jpg::ru::en,ru,en,dependent,1,1,1,1,0,0,0,0,0
internvl,rel::1/podcast_4.jpg,rel::1/podcast_4.jpg::ru::th,ru,th,dependent,1,1,0,1,0,1,-1,0,1
internvl,rel::1/podcast_4.jpg,rel::1/podcast_4.jpg::ru::zh,ru,zh,dependent,1,1,1,1,0,0,0,0,0
internvl,rel::1/podcast_4.jpg,rel::1/podcast_4.jpg::th::en,th,en,dependent,1,1,1,1,0,0,0,0,0
internvl,rel::1/podcast_4.jpg,rel::1/podcast_4.jpg::th::ru,th,ru,dependent,1,1,1,1,0,0,0,0,0
internvl,rel::1/podcast_4.jpg,rel::1/podcast_4.jpg::th::zh,th,zh,dependent,1,1,1,1,0,0,0,0,0
internvl,rel::1/podcast_4.jpg,rel::1/podcast_4.jpg::zh::en,zh,en,dependent,1,1,1,1,0,0,0,0,0
internvl,rel::1/podcast_4.jpg,rel::1/podcast_4.jpg::zh::ru,zh,ru,dependent,0,0,1,1,0,0,1,1,0
internvl,rel::1/podcast_4.jpg,rel::1/podcast_4.jpg::zh::th,zh,th,dependent,1,1,1,1,0,0,0,0,0
internvl,rel::1/podcast_5.jpg,rel::1/podcast_5.jpg::en::ru,en,ru,dependent,0,1,1,1,1,0,1,0,-1
internvl,rel::1/podcast_5.jpg,rel::1/podcast_5.jpg::en::th,en,th,dependent,1,1,1,0,0,-1,0,-1,-1
internvl,rel::1/podcast_5.jpg,rel::1/podcast_5.jpg::en::zh,en,zh,dependent,1,1,1,1,0,0,0,0,0
internvl,rel::1/podcast_5.jpg,rel::1/podcast_5.jpg::ru::en,ru,en,dependent,0,1,0,1,1,1,0,0,0
internvl,rel::1/podcast_5.jpg,rel::1/podcast_5.jpg::ru::th,ru,th,dependent,1,0,1,0,-1,-1,0,0,0
internvl,rel::1/podcast_5.jpg,rel::1/podcast_5.jpg::ru::zh,ru,zh,dependent,1,1,1,1,0,0,0,0,0
internvl,rel::1/podcast_5.jpg,rel::1/podcast_5.jpg::th::en,th,en,dependent,0,1,1,1,1,0,1,0,-1
internvl,rel::1/podcast_5.jpg,rel::1/podcast_5.jpg::th::ru,th,ru,dependent,0,1,0,1,1,1,0,0,0
internvl,rel::1/podcast_5.jpg,rel::1/podcast_5.jpg::th::zh,th,zh,dependent,0,1,1,1,1,0,1,0,-1
internvl,rel::1/podcast_5.jpg,rel::1/podcast_5.jpg::zh::en,zh,en,dependent,0,1,1,1,1,0,1,0,-1
internvl,rel::1/podcast_5.jpg,rel::1/podcast_5.jpg::zh::ru,zh,ru,dependent,0,1,1,1,1,0,1,0,-1
internvl,rel::1/podcast_5.jpg,rel::1/podcast_5.jpg::zh::th,zh,th,dependent,0,1,0,0,1,0,0,-1,-1
internvl,rel::2/calendar_1.png,rel::2/calendar_1.png::en::ru,en,ru,dependent,1,1,1,1,0,0,0,0,0
internvl,rel::2/calendar_1.png,rel::2/calendar_1.png::en::th,en,th,dependent,1,1,1,1,0,0,0,0,0
internvl,rel::2/calendar_1.png,rel::2/calendar_1.png::en::zh,en,zh,dependent,1,1,1,1,0,0,0,0,0
internvl,rel::2/calendar_1.png,rel::2/calendar_1.png::ru::en,ru,en,dependent,1,1,1,1,0,0,0,0,0
internvl,rel::2/calendar_1.png,rel::2/calendar_1.png::ru::th,ru,th,dependent,1,1,1,1,0,0,0,0,0
internvl,rel::2/calendar_1.png,rel::2/calendar_1.png::ru::zh,ru,zh,dependent,1,1,1,1,0,0,0,0,0
internvl,rel::2/calendar_1.png,rel::2/calendar_1.png::th::en,th,en,dependent,1,1,1,1,0,0,0,0,0
internvl,rel::2/calendar_1.png,rel::2/calendar_1.png::th::ru,th,ru,dependent,1,1,1,1,0,0,0,0,0
internvl,rel::2/calendar_1.png,rel::2/calendar_1.png::th::zh,th,zh,dependent,1,1,1,1,0,0,0,0,0
internvl,rel::2/calendar_1.png,rel::2/calendar_1.png::zh::en,zh,en,dependent,1,1,1,1,0,0,0,0,0
internvl,rel::2/calendar_1.png,rel::2/calendar_1.png::zh::ru,zh,ru,dependent,1,1,1,1,0,0,0,0,0
internvl,rel::2/calendar_1.png,rel::2/calendar_1.png::zh::th,zh,th,dependent,1,1,1,1,0,0,0,0,0
internvl,rel::2/calendar_10.png,rel::2/calendar_10.png::en::ru,en,ru,dependent,0,1,0,1,1,1,0,0,0
internvl,rel::2/calendar_10.png,rel::2/calendar_10.png::en::th,en,th,dependent,0,0,0,0,0,0,0,0,0
internvl,rel::2/calendar_10.png,rel::2/calendar_10.png::en::zh,en,zh,dependent,1,1,0,0,0,0,-1,-1,0
internvl,rel::2/calendar_10.png,rel::2/calendar_10.png::ru::en,ru,en,dependent,0,0,0,0,0,0,0,0,0
internvl,rel::2/calendar_10.png,rel::2/calendar_10.png::ru::th,ru,th,dependent,0,0,0,0,0,0,0,0,0
internvl,rel::2/calendar_10.png,rel::2/calendar_10.png::ru::zh,ru,zh,dependent,0,0,0,0,0,0,0,0,0
internvl,rel::2/calendar_10.png,rel::2/calendar_10.png::th::en,th,en,dependent,0,0,0,0,0,0,0,0,0
internvl,rel::2/calendar_10.png,rel::2/calendar_10.png::th::ru,th,ru,dependent,0,0,0,1,0,1,0,1,1
internvl,rel::2/calendar_10.png,rel::2/calendar_10.png::th::zh,th,zh,dependent,0,0,0,0,0,0,0,0,0
internvl,rel::2/calendar_10.png,rel::2/calendar_10.png::zh::en,zh,en,dependent,0,0,0,0,0,0,0,0,0
internvl,rel::2/calendar_10.png,rel::2/calendar_10.png::zh::ru,zh,ru,dependent,0,0,0,1,0,1,0,1,1
internvl,rel::2/calendar_10.png,rel::2/calendar_10.png::zh::th,zh,th,dependent,0,0,0,0,0,0,0,0,0
internvl,rel::2/calendar_2.png,rel::2/calendar_2.png::en::ru,en,ru,dependent,1,1,1,0,0,-1,0,-1,-1
internvl,rel::2/calendar_2.png,rel::2/calendar_2.png::en::th,en,th,dependent,0,0,0,0,0,0,0,0,0
internvl,rel::2/calendar_2.png,rel::2/calendar_2.png::en::zh,en,zh,dependent,1,1,1,1,0,0,0,0,0
internvl,rel::2/calendar_2.png,rel::2/calendar_2.png::ru::en,ru,en,dependent,0,1,1,1,1,0,1,0,-1
internvl,rel::2/calendar_2.png,rel::2/calendar_2.png::ru::th,ru,th,dependent,0,0,0,0,0,0,0,0,0
internvl,rel::2/calendar_2.png,rel::2/calendar_2.png::ru::zh,ru,zh,dependent,0,0,1,1,0,0,1,1,0
internvl,rel::2/calendar_2.png,rel::2/calendar_2.png::th::en,th,en,dependent,0,0,1,1,0,0,1,1,0
internvl,rel::2/calendar_2.png,rel::2/calendar_2.png::th::ru,th,ru,dependent,1,0,1,0,-1,-1,0,0,0
internvl,rel::2/calendar_2.png,rel::2/calendar_2.png::th::zh,th,zh,dependent,0,0,1,1,0,0,1,1,0
internvl,rel::2/calendar_2.png,rel::2/calendar_2.png::zh::en,zh,en,dependent,1,1,1,1,0,0,0,0,0
internvl,rel::2/calendar_2.png,rel::2/calendar_2.png::zh::ru,zh,ru,dependent,1,1,0,0,0,0,-1,-1,0
internvl,rel::2/calendar_2.png,rel::2/calendar_2.png::zh::th,zh,th,dependent,1,1,0,0,0,0,-1,-1,0
internvl,rel::2/calendar_3.png,rel::2/calendar_3.png::en::ru,en,ru,dependent,0,0,0,0,0,0,0,0,0
internvl,rel::2/calendar_3.png,rel::2/calendar_3.png::en::th,en,th,dependent,0,0,0,0,0,0,0,0,0
internvl,rel::2/calendar_3.png,rel::2/calendar_3.png::en::zh,en,zh,dependent,0,1,0,1,1,1,0,0,0
internvl,rel::2/calendar_3.png,rel::2/calendar_3.png::ru::en,ru,en,dependent,0,0,0,1,0,1,0,1,1
internvl,rel::2/calendar_3.png,rel::2/calendar_3.png::ru::th,ru,th,dependent,0,0,0,0,0,0,0,0,0
internvl,rel::2/calendar_3.png,rel::2/calendar_3.png::ru::zh,ru,zh,dependent,0,0,1,1,0,0,1,1,0
internvl,rel::2/calendar_3.png,rel::2/calendar_3.png::th::en,th,en,dependent,0,1,0,1,1,1,0,0,0
internvl,rel::2/calendar_3.png,rel::2/calendar_3.png::th::ru,th,ru,dependent,0,1,0,0,1,0,0,-1,-1
internvl,rel::2/calendar_3.png,rel::2/calendar_3.png::th::zh,th,zh,dependent,0,1,0,1,1,1,0,0,0
internvl,rel::2/calendar_3.png,rel::2/calendar_3.png::zh::en,zh,en,dependent,1,1,1,1,0,0,0,0,0
internvl,rel::2/calendar_3.png,rel::2/calendar_3.png::zh::ru,zh,ru,dependent,0,1,0,0,1,0,0,-1,-1
internvl,rel::2/calendar_3.png,rel::2/calendar_3.png::zh::th,zh,th,dependent,0,1,0,0,1,0,0,-1,-1
internvl,rel::2/calendar_4.png,rel::2/calendar_4.png::en::ru,en,ru,dependent,0,0,0,1,0,1,0,1,1
internvl,rel::2/calendar_4.png,rel::2/calendar_4.png::en::th,en,th,dependent,0,0,0,0,0,0,0,0,0
internvl,rel::2/calendar_4.png,rel::2/calendar_4.png::en::zh,en,zh,dependent,0,1,0,1,1,1,0,0,0
internvl,rel::2/calendar_4.png,rel::2/calendar_4.png::ru::en,ru,en,dependent,0,1,0,1,1,1,0,0,0
internvl,rel::2/calendar_4.png,rel::2/calendar_4.png::ru::th,ru,th,dependent,0,0,0,0,0,0,0,0,0
internvl,rel::2/calendar_4.png,rel::2/calendar_4.png::ru::zh,ru,zh,dependent,0,1,0,1,1,1,0,0,0
internvl,rel::2/calendar_4.png,rel::2/calendar_4.png::th::en,th,en,dependent,0,0,1,1,0,0,1,1,0
internvl,rel::2/calendar_4.png,rel::2/calendar_4.png::th::ru,th,ru,dependent,0,0,0,1,0,1,0,1,1
internvl,rel::2/calendar_4.png,rel::2/calendar_4.png::th::zh,th,zh,dependent,0,0,0,1,0,1,0,1,1
internvl,rel::2/calendar_4.png,rel::2/calendar_4.png::zh::en,zh,en,dependent,1,1,1,1,0,0,0,0,0
internvl,rel::2/calendar_4.png,rel::2/calendar_4.png::zh::ru,zh,ru,dependent,0,0,0,1,0,1,0,1,1
internvl,rel::2/calendar_4.png,rel::2/calendar_4.png::zh::th,zh,th,dependent,0,0,0,0,0,0,0,0,0
internvl,rel::2/calendar_5.png,rel::2/calendar_5.png::en::ru,en,ru,dependent,1,1,0,0,0,0,-1,-1,0
internvl,rel::2/calendar_5.png,rel::2/calendar_5.png::en::th,en,th,dependent,1,1,0,0,0,0,-1,-1,0
internvl,rel::2/calendar_5.png,rel::2/calendar_5.png::en::zh,en,zh,dependent,0,0,0,0,0,0,0,0,0
internvl,rel::2/calendar_5.png,rel::2/calendar_5.png::ru::en,ru,en,dependent,0,0,1,0,0,-1,1,0,-1
internvl,rel::2/calendar_5.png,rel::2/calendar_5.png::ru::th,ru,th,dependent,0,0,0,0,0,0,0,0,0
internvl,rel::2/calendar_5.png,rel::2/calendar_5.png::ru::zh,ru,zh,dependent,0,0,0,0,0,0,0,0,0
internvl,rel::2/calendar_5.png,rel::2/calendar_5.png::th::en,th,en,dependent,0,0,0,0,0,0,0,0,0
internvl,rel::2/calendar_5.png,rel::2/calendar_5.png::th::ru,th,ru,dependent,0,0,0,0,0,0,0,0,0
internvl,rel::2/calendar_5.png,rel::2/calendar_5.png::th::zh,th,zh,dependent,0,0,0,0,0,0,0,0,0
internvl,rel::2/calendar_5.png,rel::2/calendar_5.png::zh::en,zh,en,dependent,0,0,0,0,0,0,0,0,0
internvl,rel::2/calendar_5.png,rel::2/calendar_5.png::zh::ru,zh,ru,dependent,0,0,0,0,0,0,0,0,0
internvl,rel::2/calendar_5.png,rel::2/calendar_5.png::zh::th,zh,th,dependent,0,0,0,0,0,0,0,0,0
internvl,rel::2/calendar_6.png,rel::2/calendar_6.png::en::ru,en,ru,dependent,0,1,0,1,1,1,0,0,0
internvl,rel::2/calendar_6.png,rel::2/calendar_6.png::en::th,en,th,dependent,0,1,1,0,1,-1,1,-1,-2
internvl,rel::2/calendar_6.png,rel::2/calendar_6.png::en::zh,en,zh,dependent,0,1,0,1,1,1,0,0,0
internvl,rel::2/calendar_6.png,rel::2/calendar_6.png::ru::en,ru,en,dependent,1,1,1,1,0,0,0,0,0
internvl,rel::2/calendar_6.png,rel::2/calendar_6.png::ru::th,ru,th,dependent,1,1,1,0,0,-1,0,-1,-1
internvl,rel::2/calendar_6.png,rel::2/calendar_6.png::ru::zh,ru,zh,dependent,1,1,1,1,0,0,0,0,0
internvl,rel::2/calendar_6.png,rel::2/calendar_6.png::th::en,th,en,dependent,1,1,1,1,0,0,0,0,0
internvl,rel::2/calendar_6.png,rel::2/calendar_6.png::th::ru,th,ru,dependent,0,1,1,1,1,0,1,0,-1
internvl,rel::2/calendar_6.png,rel::2/calendar_6.png::th::zh,th,zh,dependent,0,1,1,1,1,0,1,0,-1
internvl,rel::2/calendar_6.png,rel::2/calendar_6.png::zh::en,zh,en,dependent,1,1,1,1,0,0,0,0,0
internvl,rel::2/calendar_6.png,rel::2/calendar_6.png::zh::ru,zh,ru,dependent,1,1,1,1,0,0,0,0,0
internvl,rel::2/calendar_6.png,rel::2/calendar_6.png::zh::th,zh,th,dependent,1,0,0,0,-1,0,-1,0,1
internvl,rel::2/calendar_7.png,rel::2/calendar_7.png::en::ru,en,ru,independent,0,0,0,0,0,0,0,0,0
internvl,rel::2/calendar_7.png,rel::2/calendar_7.png::en::th,en,th,independent,0,0,0,0,0,0,0,0,0
internvl,rel::2/calendar_7.png,rel::2/calendar_7.png::en::zh,en,zh,independent,0,0,1,0,0,-1,1,0,-1
internvl,rel::2/calendar_7.png,rel::2/calendar_7.png::ru::en,ru,en,independent,1,0,0,1,-1,1,-1,1,2
internvl,rel::2/calendar_7.png,rel::2/calendar_7.png::ru::th,ru,th,independent,0,0,0,0,0,0,0,0,0
internvl,rel::2/calendar_7.png,rel::2/calendar_7.png::ru::zh,ru,zh,independent,1,0,1,0,-1,-1,0,0,0
internvl,rel::2/calendar_7.png,rel::2/calendar_7.png::th::en,th,en,independent,0,0,0,1,0,1,0,1,1
internvl,rel::2/calendar_7.png,rel::2/calendar_7.png::th::ru,th,ru,independent,0,0,0,0,0,0,0,0,0
internvl,rel::2/calendar_7.png,rel::2/calendar_7.png::th::zh,th,zh,independent,0,0,0,0,0,0,0,0,0
internvl,rel::2/calendar_7.png,rel::2/calendar_7.png::zh::en,zh,en,independent,1,1,0,1,0,1,-1,0,1
internvl,rel::2/calendar_7.png,rel::2/calendar_7.png::zh::ru,zh,ru,independent,0,0,0,0,0,0,0,0,0
internvl,rel::2/calendar_7.png,rel::2/calendar_7.png::zh::th,zh,th,independent,0,0,0,0,0,0,0,0,0
internvl,rel::2/calendar_8.png,rel::2/calendar_8.png::en::ru,en,ru,dependent,0,1,0,0,1,0,0,-1,-1
internvl,rel::2/calendar_8.png,rel::2/calendar_8.png::en::th,en,th,dependent,0,0,0,0,0,0,0,0,0
internvl,rel::2/calendar_8.png,rel::2/calendar_8.png::en::zh,en,zh,dependent,0,0,0,0,0,0,0,0,0
internvl,rel::2/calendar_8.png,rel::2/calendar_8.png::ru::en,ru,en,dependent,0,1,1,1,1,0,1,0,-1
internvl,rel::2/calendar_8.png,rel::2/calendar_8.png::ru::th,ru,th,dependent,0,0,0,0,0,0,0,0,0
internvl,rel::2/calendar_8.png,rel::2/calendar_8.png::ru::zh,ru,zh,dependent,0,0,0,0,0,0,0,0,0
internvl,rel::2/calendar_8.png,rel::2/calendar_8.png::th::en,th,en,dependent,0,0,0,1,0,1,0,1,1
internvl,rel::2/calendar_8.png,rel::2/calendar_8.png::th::ru,th,ru,dependent,0,0,0,0,0,0,0,0,0
internvl,rel::2/calendar_8.png,rel::2/calendar_8.png::th::zh,th,zh,dependent,0,0,0,0,0,0,0,0,0
internvl,rel::2/calendar_8.png,rel::2/calendar_8.png::zh::en,zh,en,dependent,0,0,1,1,0,0,1,1,0
internvl,rel::2/calendar_8.png,rel::2/calendar_8.png::zh::ru,zh,ru,dependent,0,0,0,0,0,0,0,0,0
internvl,rel::2/calendar_8.png,rel::2/calendar_8.png::zh::th,zh,th,dependent,0,0,0,0,0,0,0,0,0
internvl,rel::2/calendar_9.png,rel::2/calendar_9.png::en::ru,en,ru,dependent,0,0,0,0,0,0,0,0,0
internvl,rel::2/calendar_9.png,rel::2/calendar_9.png::en::th,en,th,dependent,0,0,0,0,0,0,0,0,0
internvl,rel::2/calendar_9.png,rel::2/calendar_9.png::en::zh,en,zh,dependent,0,0,0,1,0,1,0,1,1
internvl,rel::2/calendar_9.png,rel::2/calendar_9.png::ru::en,ru,en,dependent,0,0,0,0,0,0,0,0,0
internvl,rel::2/calendar_9.png,rel::2/calendar_9.png::ru::th,ru,th,dependent,0,0,0,0,0,0,0,0,0
internvl,rel::2/calendar_9.png,rel::2/calendar_9.png::ru::zh,ru,zh,dependent,0,0,0,1,0,1,0,1,1
internvl,rel::2/calendar_9.png,rel::2/calendar_9.png::th::en,th,en,dependent,0,1,0,0,1,0,0,-1,-1
internvl,rel::2/calendar_9.png,rel::2/calendar_9.png::th::ru,th,ru,dependent,0,0,0,0,0,0,0,0,0
internvl,rel::2/calendar_9.png,rel::2/calendar_9.png::th::zh,th,zh,dependent,0,1,0,1,1,1,0,0,0
internvl,rel::2/calendar_9.png,rel::2/calendar_9.png::zh::en,zh,en,dependent,0,0,0,0,0,0,0,0,0
internvl,rel::2/calendar_9.png,rel::2/calendar_9.png::zh::ru,zh,ru,dependent,0,0,0,0,0,0,0,0,0
internvl,rel::2/calendar_9.png,rel::2/calendar_9.png::zh::th,zh,th,dependent,0,0,0,0,0,0,0,0,0
internvl,rel::2/clock_1.png,rel::2/clock_1.png::en::ru,en,ru,dependent,0,1,0,1,1,1,0,0,0
internvl,rel::2/clock_1.png,rel::2/clock_1.png::en::th,en,th,dependent,0,0,0,0,0,0,0,0,0
internvl,rel::2/clock_1.png,rel::2/clock_1.png::en::zh,en,zh,dependent,0,1,0,0,1,0,0,-1,-1
internvl,rel::2/clock_1.png,rel::2/clock_1.png::ru::en,ru,en,dependent,0,1,0,1,1,1,0,0,0
internvl,rel::2/clock_1.png,rel::2/clock_1.png::ru::th,ru,th,dependent,0,0,0,0,0,0,0,0,0
internvl,rel::2/clock_1.png,rel::2/clock_1.png::ru::zh,ru,zh,dependent,0,0,0,0,0,0,0,0,0
internvl,rel::2/clock_1.png,rel::2/clock_1.png::th::en,th,en,dependent,0,0,0,1,0,1,0,1,1
internvl,rel::2/clock_1.png,rel::2/clock_1.png::th::ru,th,ru,dependent,0,0,0,1,0,1,0,1,1
internvl,rel::2/clock_1.png,rel::2/clock_1.png::th::zh,th,zh,dependent,0,0,0,0,0,0,0,0,0
internvl,rel::2/clock_1.png,rel::2/clock_1.png::zh::en,zh,en,dependent,0,1,1,1,1,0,1,0,-1
internvl,rel::2/clock_1.png,rel::2/clock_1.png::zh::ru,zh,ru,dependent,0,0,0,1,0,1,0,1,1
internvl,rel::2/clock_1.png,rel::2/clock_1.png::zh::th,zh,th,dependent,0,0,0,0,0,0,0,0,0
internvl,rel::2/clock_10.png,rel::2/clock_10.png::en::ru,en,ru,dependent,0,0,0,0,0,0,0,0,0
internvl,rel::2/clock_10.png,rel::2/clock_10.png::en::th,en,th,dependent,0,0,0,0,0,0,0,0,0
internvl,rel::2/clock_10.png,rel::2/clock_10.png::en::zh,en,zh,dependent,0,1,0,0,1,0,0,-1,-1
internvl,rel::2/clock_10.png,rel::2/clock_10.png::ru::en,ru,en,dependent,0,1,0,1,1,1,0,0,0
internvl,rel::2/clock_10.png,rel::2/clock_10.png::ru::th,ru,th,dependent,0,0,0,0,0,0,0,0,0
internvl,rel::2/clock_10.png,rel::2/clock_10.png::ru::zh,ru,zh,dependent,0,1,0,0,1,0,0,-1,-1
internvl,rel::2/clock_10.png,rel::2/clock_10.png::th::en,th,en,dependent,0,1,0,1,1,1,0,0,0
internvl,rel::2/clock_10.png,rel::2/clock_10.png::th::ru,th,ru,dependent,0,0,0,0,0,0,0,0,0
internvl,rel::2/clock_10.png,rel::2/clock_10.png::th::zh,th,zh,dependent,0,0,0,0,0,0,0,0,0
internvl,rel::2/clock_10.png,rel::2/clock_10.png::zh::en,zh,en,dependent,0,1,0,1,1,1,0,0,0
internvl,rel::2/clock_10.png,rel::2/clock_10.png::zh::ru,zh,ru,dependent,0,0,0,0,0,0,0,0,0
internvl,rel::2/clock_10.png,rel::2/clock_10.png::zh::th,zh,th,dependent,0,0,0,0,0,0,0,0,0
internvl,rel::2/clock_2.png,rel::2/clock_2.png::en::ru,en,ru,dependent,0,0,0,0,0,0,0,0,0
internvl,rel::2/clock_2.png,rel::2/clock_2.png::en::th,en,th,dependent,0,0,0,0,0,0,0,0,0
internvl,rel::2/clock_2.png,rel::2/clock_2.png::en::zh,en,zh,dependent,0,0,0,0,0,0,0,0,0
internvl,rel::2/clock_2.png,rel::2/clock_2.png::ru::en,ru,en,dependent,0,0,1,0,0,-1,1,0,-1
internvl,rel::2/clock_2.png,rel::2/clock_2.png::ru::th,ru,th,dependent,0,0,0,0,0,0,0,0,0
internvl,rel::2/clock_2.png,rel::2/clock_2.png::ru::zh,ru,zh,dependent,1,0,1,0,-1,-1,0,0,0
internvl,rel::2/clock_2.png,rel::2/clock_2.png::th::en,th,en,dependent,0,0,0,0,0,0,0,0,0
internvl,rel::2/clock_2.png,rel::2/clock_2.png::th::ru,th,ru,dependent,0,0,0,0,0,0,0,0,0
internvl,rel::2/clock_2.png,rel::2/clock_2.png::th::zh,th,zh,dependent,0,0,0,0,0,0,0,0,0
internvl,rel::2/clock_2.png,rel::2/clock_2.png::zh::en,zh,en,dependent,0,0,0,0,0,0,0,0,0
internvl,rel::2/clock_2.png,rel::2/clock_2.png::zh::ru,zh,ru,dependent,0,0,0,0,0,0,0,0,0
internvl,rel::2/clock_2.png,rel::2/clock_2.png::zh::th,zh,th,dependent,0,0,0,0,0,0,0,0,0
internvl,rel::2/clock_3.png,rel::2/clock_3.png::en::ru,en,ru,independent,1,1,0,1,0,1,-1,0,1
internvl,rel::2/clock_3.png,rel::2/clock_3.png::en::th,en,th,independent,1,1,1,1,0,0,0,0,0
internvl,rel::2/clock_3.png,rel::2/clock_3.png::en::zh,en,zh,independent,1,1,1,1,0,0,0,0,0
internvl,rel::2/clock_3.png,rel::2/clock_3.png::ru::en,ru,en,independent,1,1,1,1,0,0,0,0,0
internvl,rel::2/clock_3.png,rel::2/clock_3.png::ru::th,ru,th,independent,0,0,1,1,0,0,1,1,0
internvl,rel::2/clock_3.png,rel::2/clock_3.png::ru::zh,ru,zh,independent,0,0,1,1,0,0,1,1,0
internvl,rel::2/clock_3.png,rel::2/clock_3.png::th::en,th,en,independent,1,1,1,1,0,0,0,0,0
internvl,rel::2/clock_3.png,rel::2/clock_3.png::th::ru,th,ru,independent,1,1,0,1,0,1,-1,0,1
internvl,rel::2/clock_3.png,rel::2/clock_3.png::th::zh,th,zh,independent,1,1,1,1,0,0,0,0,0
internvl,rel::2/clock_3.png,rel::2/clock_3.png::zh::en,zh,en,independent,1,1,1,1,0,0,0,0,0
internvl,rel::2/clock_3.png,rel::2/clock_3.png::zh::ru,zh,ru,independent,1,1,0,1,0,1,-1,0,1
internvl,rel::2/clock_3.png,rel::2/clock_3.png::zh::th,zh,th,independent,1,0,1,1,-1,0,0,1,1
internvl,rel::2/clock_4.png,rel::2/clock_4.png::en::ru,en,ru,dependent,0,1,1,1,1,0,1,0,-1
internvl,rel::2/clock_4.png,rel::2/clock_4.png::en::th,en,th,dependent,0,0,1,0,0,-1,1,0,-1
internvl,rel::2/clock_4.png,rel::2/clock_4.png::en::zh,en,zh,dependent,1,1,1,1,0,0,0,0,0
internvl,rel::2/clock_4.png,rel::2/clock_4.png::ru::en,ru,en,dependent,1,1,1,1,0,0,0,0,0
internvl,rel::2/clock_4.png,rel::2/clock_4.png::ru::th,ru,th,dependent,1,1,1,0,0,-1,0,-1,-1
internvl,rel::2/clock_4.png,rel::2/clock_4.png::ru::zh,ru,zh,dependent,1,1,1,1,0,0,0,0,0
internvl,rel::2/clock_4.png,rel::2/clock_4.png::th::en,th,en,dependent,0,1,1,1,1,0,1,0,-1
internvl,rel::2/clock_4.png,rel::2/clock_4.png::th::ru,th,ru,dependent,0,1,1,1,1,0,1,0,-1
internvl,rel::2/clock_4.png,rel::2/clock_4.png::th::zh,th,zh,dependent,1,1,1,1,0,0,0,0,0
internvl,rel::2/clock_4.png,rel::2/clock_4.png::zh::en,zh,en,dependent,1,1,1,1,0,0,0,0,0
internvl,rel::2/clock_4.png,rel::2/clock_4.png::zh::ru,zh,ru,dependent,1,1,1,1,0,0,0,0,0
internvl,rel::2/clock_4.png,rel::2/clock_4.png::zh::th,zh,th,dependent,1,1,1,0,0,-1,0,-1,-1
internvl,rel::2/clock_5.png,rel::2/clock_5.png::en::ru,en,ru,dependent,1,1,1,1,0,0,0,0,0
internvl,rel::2/clock_5.png,rel::2/clock_5.png::en::th,en,th,dependent,0,0,0,0,0,0,0,0,0
internvl,rel::2/clock_5.png,rel::2/clock_5.png::en::zh,en,zh,dependent,1,1,1,1,0,0,0,0,0
internvl,rel::2/clock_5.png,rel::2/clock_5.png::ru::en,ru,en,dependent,1,1,1,1,0,0,0,0,0
internvl,rel::2/clock_5.png,rel::2/clock_5.png::ru::th,ru,th,dependent,0,1,0,0,1,0,0,-1,-1
internvl,rel::2/clock_5.png,rel::2/clock_5.png::ru::zh,ru,zh,dependent,0,1,1,1,1,0,1,0,-1
internvl,rel::2/clock_5.png,rel::2/clock_5.png::th::en,th,en,dependent,1,1,1,1,0,0,0,0,0
internvl,rel::2/clock_5.png,rel::2/clock_5.png::th::ru,th,ru,dependent,0,1,1,1,1,0,1,0,-1
internvl,rel::2/clock_5.png,rel::2/clock_5.png::th::zh,th,zh,dependent,1,1,1,1,0,0,0,0,0
internvl,rel::2/clock_5.png,rel::2/clock_5.png::zh::en,zh,en,dependent,1,1,1,1,0,0,0,0,0
internvl,rel::2/clock_5.png,rel::2/clock_5.png::zh::ru,zh,ru,dependent,1,1,0,1,0,1,-1,0,1
internvl,rel::2/clock_5.png,rel::2/clock_5.png::zh::th,zh,th,dependent,0,0,0,0,0,0,0,0,0
internvl,rel::2/clock_6.png,rel::2/clock_6.png::en::ru,en,ru,dependent,0,0,0,0,0,0,0,0,0
internvl,rel::2/clock_6.png,rel::2/clock_6.png::en::th,en,th,dependent,0,0,0,0,0,0,0,0,0
internvl,rel::2/clock_6.png,rel::2/clock_6.png::en::zh,en,zh,dependent,0,0,0,0,0,0,0,0,0
internvl,rel::2/clock_6.png,rel::2/clock_6.png::ru::en,ru,en,dependent,1,1,0,1,0,1,-1,0,1
internvl,rel::2/clock_6.png,rel::2/clock_6.png::ru::th,ru,th,dependent,0,0,0,0,0,0,0,0,0
internvl,rel::2/clock_6.png,rel::2/clock_6.png::ru::zh,ru,zh,dependent,0,0,0,0,0,0,0,0,0
internvl,rel::2/clock_6.png,rel::2/clock_6.png::th::en,th,en,dependent,0,0,0,1,0,1,0,1,1
internvl,rel::2/clock_6.png,rel::2/clock_6.png::th::ru,th,ru,dependent,0,0,0,0,0,0,0,0,0
internvl,rel::2/clock_6.png,rel::2/clock_6.png::th::zh,th,zh,dependent,0,0,0,0,0,0,0,0,0
internvl,rel::2/clock_6.png,rel::2/clock_6.png::zh::en,zh,en,dependent,0,1,0,1,1,1,0,0,0
internvl,rel::2/clock_6.png,rel::2/clock_6.png::zh::ru,zh,ru,dependent,0,0,0,0,0,0,0,0,0
internvl,rel::2/clock_6.png,rel::2/clock_6.png::zh::th,zh,th,dependent,0,0,0,0,0,0,0,0,0
internvl,rel::2/clock_7.png,rel::2/clock_7.png::en::ru,en,ru,dependent,1,1,0,0,0,0,-1,-1,0
internvl,rel::2/clock_7.png,rel::2/clock_7.png::en::th,en,th,dependent,0,0,0,0,0,0,0,0,0
internvl,rel::2/clock_7.png,rel::2/clock_7.png::en::zh,en,zh,dependent,1,1,1,1,0,0,0,0,0
internvl,rel::2/clock_7.png,rel::2/clock_7.png::ru::en,ru,en,dependent,1,1,1,1,0,0,0,0,0
internvl,rel::2/clock_7.png,rel::2/clock_7.png::ru::th,ru,th,dependent,0,0,0,0,0,0,0,0,0
internvl,rel::2/clock_7.png,rel::2/clock_7.png::ru::zh,ru,zh,dependent,1,1,1,1,0,0,0,0,0
internvl,rel::2/clock_7.png,rel::2/clock_7.png::th::en,th,en,dependent,1,1,1,1,0,0,0,0,0
internvl,rel::2/clock_7.png,rel::2/clock_7.png::th::ru,th,ru,dependent,0,0,0,0,0,0,0,0,0
internvl,rel::2/clock_7.png,rel::2/clock_7.png::th::zh,th,zh,dependent,1,1,1,1,0,0,0,0,0
internvl,rel::2/clock_7.png,rel::2/clock_7.png::zh::en,zh,en,dependent,1,1,1,1,0,0,0,0,0
internvl,rel::2/clock_7.png,rel::2/clock_7.png::zh::ru,zh,ru,dependent,1,1,1,0,0,-1,0,-1,-1
internvl,rel::2/clock_7.png,rel::2/clock_7.png::zh::th,zh,th,dependent,0,0,0,0,0,0,0,0,0
internvl,rel::2/clock_8.png,rel::2/clock_8.png::en::ru,en,ru,dependent,1,1,0,0,0,0,-1,-1,0
internvl,rel::2/clock_8.png,rel::2/clock_8.png::en::th,en,th,dependent,0,0,0,0,0,0,0,0,0
internvl,rel::2/clock_8.png,rel::2/clock_8.png::en::zh,en,zh,dependent,0,0,0,0,0,0,0,0,0
internvl,rel::2/clock_8.png,rel::2/clock_8.png::ru::en,ru,en,dependent,0,0,1,1,0,0,1,1,0
internvl,rel::2/clock_8.png,rel::2/clock_8.png::ru::th,ru,th,dependent,0,0,0,0,0,0,0,0,0
internvl,rel::2/clock_8.png,rel::2/clock_8.png::ru::zh,ru,zh,dependent,0,0,0,0,0,0,0,0,0
internvl,rel::2/clock_8.png,rel::2/clock_8.png::th::en,th,en,dependent,0,0,1,1,0,0,1,1,0
internvl,rel::2/clock_8.png,rel::2/clock_8.png::th::ru,th,ru,dependent,0,0,0,0,0,0,0,0,0
internvl,rel::2/clock_8.png,rel::2/clock_8.png::th::zh,th,zh,dependent,0,0,0,0,0,0,0,0,0
internvl,rel::2/clock_8.png,rel::2/clock_8.png::zh::en,zh,en,dependent,0,1,1,1,1,0,1,0,-1
internvl,rel::2/clock_8.png,rel::2/clock_8.png::zh::ru,zh,ru,dependent,0,0,0,0,0,0,0,0,0
internvl,rel::2/clock_8.png,rel::2/clock_8.png::zh::th,zh,th,dependent,0,0,0,0,0,0,0,0,0
internvl,rel::2/clock_9.png,rel::2/clock_9.png::en::ru,en,ru,dependent,0,0,0,0,0,0,0,0,0
internvl,rel::2/clock_9.png,rel::2/clock_9.png::en::th,en,th,dependent,0,0,0,0,0,0,0,0,0
internvl,rel::2/clock_9.png,rel::2/clock_9.png::en::zh,en,zh,dependent,0,1,0,1,1,1,0,0,0
internvl,rel::2/clock_9.png,rel::2/clock_9.png::ru::en,ru,en,dependent,0,0,0,1,0,1,0,1,1
internvl,rel::2/clock_9.png,rel::2/clock_9.png::ru::th,ru,th,dependent,0,0,1,0,0,-1,1,0,-1
internvl,rel::2/clock_9.png,rel::2/clock_9.png::ru::zh,ru,zh,dependent,0,0,0,1,0,1,0,1,1
internvl,rel::2/clock_9.png,rel::2/clock_9.png::th::en,th,en,dependent,0,1,0,1,1,1,0,0,0
internvl,rel::2/clock_9.png,rel::2/clock_9.png::th::ru,th,ru,dependent,0,0,0,0,0,0,0,0,0
internvl,rel::2/clock_9.png,rel::2/clock_9.png::th::zh,th,zh,dependent,0,1,0,1,1,1,0,0,0
internvl,rel::2/clock_9.png,rel::2/clock_9.png::zh::en,zh,en,dependent,0,0,0,1,0,1,0,1,1
internvl,rel::2/clock_9.png,rel::2/clock_9.png::zh::ru,zh,ru,dependent,0,0,0,0,0,0,0,0,0
internvl,rel::2/clock_9.png,rel::2/clock_9.png::zh::th,zh,th,dependent,0,0,0,0,0,0,0,0,0
internvl,rel::2/freeform_1.png,rel::2/freeform_1.png::en::ru,en,ru,independent,0,0,0,0,0,0,0,0,0
internvl,rel::2/freeform_1.png,rel::2/freeform_1.png::en::th,en,th,independent,0,0,0,0,0,0,0,0,0
internvl,rel::2/freeform_1.png,rel::2/freeform_1.png::en::zh,en,zh,independent,1,1,1,1,0,0,0,0,0
internvl,rel::2/freeform_1.png,rel::2/freeform_1.png::ru::en,ru,en,independent,1,1,1,1,0,0,0,0,0
internvl,rel::2/freeform_1.png,rel::2/freeform_1.png::ru::th,ru,th,independent,0,0,0,0,0,0,0,0,0
internvl,rel::2/freeform_1.png,rel::2/freeform_1.png::ru::zh,ru,zh,independent,0,0,1,1,0,0,1,1,0
internvl,rel::2/freeform_1.png,rel::2/freeform_1.png::th::en,th,en,independent,0,0,1,1,0,0,1,1,0
internvl,rel::2/freeform_1.png,rel::2/freeform_1.png::th::ru,th,ru,independent,0,0,0,0,0,0,0,0,0
internvl,rel::2/freeform_1.png,rel::2/freeform_1.png::th::zh,th,zh,independent,1,1,1,1,0,0,0,0,0
internvl,rel::2/freeform_1.png,rel::2/freeform_1.png::zh::en,zh,en,independent,1,1,1,1,0,0,0,0,0
internvl,rel::2/freeform_1.png,rel::2/freeform_1.png::zh::ru,zh,ru,independent,1,1,0,0,0,0,-1,-1,0
internvl,rel::2/freeform_1.png,rel::2/freeform_1.png::zh::th,zh,th,independent,1,1,0,0,0,0,-1,-1,0
internvl,rel::2/freeform_10.png,rel::2/freeform_10.png::en::ru,en,ru,dependent,0,1,0,1,1,1,0,0,0
internvl,rel::2/freeform_10.png,rel::2/freeform_10.png::en::th,en,th,dependent,0,1,0,0,1,0,0,-1,-1
internvl,rel::2/freeform_10.png,rel::2/freeform_10.png::en::zh,en,zh,dependent,0,1,0,1,1,1,0,0,0
internvl,rel::2/freeform_10.png,rel::2/freeform_10.png::ru::en,ru,en,dependent,1,1,1,1,0,0,0,0,0
internvl,rel::2/freeform_10.png,rel::2/freeform_10.png::ru::th,ru,th,dependent,1,1,1,0,0,-1,0,-1,-1
internvl,rel::2/freeform_10.png,rel::2/freeform_10.png::ru::zh,ru,zh,dependent,1,1,1,1,0,0,0,0,0
internvl,rel::2/freeform_10.png,rel::2/freeform_10.png::th::en,th,en,dependent,1,1,1,1,0,0,0,0,0
internvl,rel::2/freeform_10.png,rel::2/freeform_10.png::th::ru,th,ru,dependent,0,1,0,1,1,1,0,0,0
internvl,rel::2/freeform_10.png,rel::2/freeform_10.png::th::zh,th,zh,dependent,0,1,1,1,1,0,1,0,-1
internvl,rel::2/freeform_10.png,rel::2/freeform_10.png::zh::en,zh,en,dependent,0,1,1,1,1,0,1,0,-1
internvl,rel::2/freeform_10.png,rel::2/freeform_10.png::zh::ru,zh,ru,dependent,0,1,0,1,1,1,0,0,0
internvl,rel::2/freeform_10.png,rel::2/freeform_10.png::zh::th,zh,th,dependent,0,1,0,0,1,0,0,-1,-1
internvl,rel::2/freeform_11.png,rel::2/freeform_11.png::en::ru,en,ru,dependent,1,1,1,0,0,-1,0,-1,-1
internvl,rel::2/freeform_11.png,rel::2/freeform_11.png::en::th,en,th,dependent,1,1,0,0,0,0,-1,-1,0
internvl,rel::2/freeform_11.png,rel::2/freeform_11.png::en::zh,en,zh,dependent,1,1,1,1,0,0,0,0,0
internvl,rel::2/freeform_11.png,rel::2/freeform_11.png::ru::en,ru,en,dependent,1,0,1,1,-1,0,0,1,1
internvl,rel::2/freeform_11.png,rel::2/freeform_11.png::ru::th,ru,th,dependent,1,1,0,0,0,0,-1,-1,0
internvl,rel::2/freeform_11.png,rel::2/freeform_11.png::ru::zh,ru,zh,dependent,1,0,1,1,-1,0,0,1,1
internvl,rel::2/freeform_11.png,rel::2/freeform_11.png::th::en,th,en,dependent,1,1,1,1,0,0,0,0,0
internvl,rel::2/freeform_11.png,rel::2/freeform_11.png::th::ru,th,ru,dependent,1,1,1,0,0,-1,0,-1,-1
internvl,rel::2/freeform_11.png,rel::2/freeform_11.png::th::zh,th,zh,dependent,1,1,1,1,0,0,0,0,0
internvl,rel::2/freeform_11.png,rel::2/freeform_11.png::zh::en,zh,en,dependent,1,1,1,1,0,0,0,0,0
internvl,rel::2/freeform_11.png,rel::2/freeform_11.png::zh::ru,zh,ru,dependent,1,1,1,0,0,-1,0,-1,-1
internvl,rel::2/freeform_11.png,rel::2/freeform_11.png::zh::th,zh,th,dependent,1,1,0,0,0,0,-1,-1,0
internvl,rel::2/freeform_2.png,rel::2/freeform_2.png::en::ru,en,ru,dependent,0,0,0,0,0,0,0,0,0
internvl,rel::2/freeform_2.png,rel::2/freeform_2.png::en::th,en,th,dependent,0,0,0,0,0,0,0,0,0
internvl,rel::2/freeform_2.png,rel::2/freeform_2.png::en::zh,en,zh,dependent,0,0,1,1,0,0,1,1,0
internvl,rel::2/freeform_2.png,rel::2/freeform_2.png::ru::en,ru,en,dependent,0,0,0,0,0,0,0,0,0
internvl,rel::2/freeform_2.png,rel::2/freeform_2.png::ru::th,ru,th,dependent,0,0,0,0,0,0,0,0,0
internvl,rel::2/freeform_2.png,rel::2/freeform_2.png::ru::zh,ru,zh,dependent,0,0,1,1,0,0,1,1,0
internvl,rel::2/freeform_2.png,rel::2/freeform_2.png::th::en,th,en,dependent,1,1,0,0,0,0,-1,-1,0
internvl,rel::2/freeform_2.png,rel::2/freeform_2.png::th::ru,th,ru,dependent,0,1,0,0,1,0,0,-1,-1
internvl,rel::2/freeform_2.png,rel::2/freeform_2.png::th::zh,th,zh,dependent,1,1,1,1,0,0,0,0,0
internvl,rel::2/freeform_2.png,rel::2/freeform_2.png::zh::en,zh,en,dependent,1,1,0,0,0,0,-1,-1,0
internvl,rel::2/freeform_2.png,rel::2/freeform_2.png::zh::ru,zh,ru,dependent,0,1,0,0,1,0,0,-1,-1
internvl,rel::2/freeform_2.png,rel::2/freeform_2.png::zh::th,zh,th,dependent,1,0,0,0,-1,0,-1,0,1
internvl,rel::2/freeform_3.png,rel::2/freeform_3.png::en::ru,en,ru,dependent,0,1,0,1,1,1,0,0,0
internvl,rel::2/freeform_3.png,rel::2/freeform_3.png::en::th,en,th,dependent,0,0,0,0,0,0,0,0,0
internvl,rel::2/freeform_3.png,rel::2/freeform_3.png::en::zh,en,zh,dependent,0,1,1,1,1,0,1,0,-1
internvl,rel::2/freeform_3.png,rel::2/freeform_3.png::ru::en,ru,en,dependent,1,1,0,1,0,1,-1,0,1
internvl,rel::2/freeform_3.png,rel::2/freeform_3.png::ru::th,ru,th,dependent,1,1,0,0,0,0,-1,-1,0
internvl,rel::2/freeform_3.png,rel::2/freeform_3.png::ru::zh,ru,zh,dependent,1,1,1,1,0,0,0,0,0
internvl,rel::2/freeform_3.png,rel::2/freeform_3.png::th::en,th,en,dependent,1,1,1,1,0,0,0,0,0
internvl,rel::2/freeform_3.png,rel::2/freeform_3.png::th::ru,th,ru,dependent,0,1,0,1,1,1,0,0,0
internvl,rel::2/freeform_3.png,rel::2/freeform_3.png::th::zh,th,zh,dependent,1,1,1,1,0,0,0,0,0
internvl,rel::2/freeform_3.png,rel::2/freeform_3.png::zh::en,zh,en,dependent,1,1,1,1,0,0,0,0,0
internvl,rel::2/freeform_3.png,rel::2/freeform_3.png::zh::ru,zh,ru,dependent,0,1,0,1,1,1,0,0,0
internvl,rel::2/freeform_3.png,rel::2/freeform_3.png::zh::th,zh,th,dependent,0,1,0,0,1,0,0,-1,-1
internvl,rel::2/freeform_4.png,rel::2/freeform_4.png::en::ru,en,ru,dependent,1,1,1,1,0,0,0,0,0
internvl,rel::2/freeform_4.png,rel::2/freeform_4.png::en::th,en,th,dependent,1,1,0,1,0,1,-1,0,1
internvl,rel::2/freeform_4.png,rel::2/freeform_4.png::en::zh,en,zh,dependent,1,1,1,1,0,0,0,0,0
internvl,rel::2/freeform_4.png,rel::2/freeform_4.png::ru::en,ru,en,dependent,1,1,1,1,0,0,0,0,0
internvl,rel::2/freeform_4.png,rel::2/freeform_4.png::ru::th,ru,th,dependent,1,1,1,1,0,0,0,0,0
internvl,rel::2/freeform_4.png,rel::2/freeform_4.png::ru::zh,ru,zh,dependent,1,1,1,1,0,0,0,0,0
internvl,rel::2/freeform_4.png,rel::2/freeform_4.png::th::en,th,en,dependent,1,1,1,1,0,0,0,0,0
internvl,rel::2/freeform_4.png,rel::2/freeform_4.png::th::ru,th,ru,dependent,1,1,1,1,0,0,0,0,0
internvl,rel::2/freeform_4.png,rel::2/freeform_4.png::th::zh,th,zh,dependent,1,0,1,1,-1,0,0,1,1
internvl,rel::2/freeform_4.png,rel::2/freeform_4.png::zh::en,zh,en,dependent,1,1,1,1,0,0,0,0,0
internvl,rel::2/freeform_4.png,rel::2/freeform_4.png::zh::ru,zh,ru,dependent,1,1,1,1,0,0,0,0,0
internvl,rel::2/freeform_4.png,rel::2/freeform_4.png::zh::th,zh,th,dependent,1,1,1,1,0,0,0,0,0
internvl,rel::2/freeform_5.png,rel::2/freeform_5.png::en::ru,en,ru,independent,1,1,0,0,0,0,-1,-1,0
internvl,rel::2/freeform_5.png,rel::2/freeform_5.png::en::th,en,th,independent,1,0,0,0,-1,0,-1,0,1
internvl,rel::2/freeform_5.png,rel::2/freeform_5.png::en::zh,en,zh,independent,1,1,0,1,0,1,-1,0,1
internvl,rel::2/freeform_5.png,rel::2/freeform_5.png::ru::en,ru,en,independent,0,0,0,1,0,1,0,1,1
internvl,rel::2/freeform_5.png,rel::2/freeform_5.png::ru::th,ru,th,independent,0,0,0,0,0,0,0,0,0
internvl,rel::2/freeform_5.png,rel::2/freeform_5.png::ru::zh,ru,zh,independent,0,1,0,1,1,1,0,0,0
internvl,rel::2/freeform_5.png,rel::2/freeform_5.png::th::en,th,en,independent,0,0,0,1,0,1,0,1,1
internvl,rel::2/freeform_5.png,rel::2/freeform_5.png::th::ru,th,ru,independent,0,0,0,0,0,0,0,0,0
internvl,rel::2/freeform_5.png,rel::2/freeform_5.png::th::zh,th,zh,independent,0,0,0,1,0,1,0,1,1
internvl,rel::2/freeform_5.png,rel::2/freeform_5.png::zh::en,zh,en,independent,1,1,0,1,0,1,-1,0,1
internvl,rel::2/freeform_5.png,rel::2/freeform_5.png::zh::ru,zh,ru,independent,1,1,0,0,0,0,-1,-1,0
internvl,rel::2/freeform_5.png,rel::2/freeform_5.png::zh::th,zh,th,independent,1,0,0,0,-1,0,-1,0,1
internvl,rel::2/freeform_6.png,rel::2/freeform_6.png::en::ru,en,ru,dependent,1,0,0,0,-1,0,-1,0,1
internvl,rel::2/freeform_6.png,rel::2/freeform_6.png::en::th,en,th,dependent,1,1,1,1,0,0,0,0,0
internvl,rel::2/freeform_6.png,rel::2/freeform_6.png::en::zh,en,zh,dependent,0,0,1,1,0,0,1,1,0
internvl,rel::2/freeform_6.png,rel::2/freeform_6.png::ru::en,ru,en,dependent,0,0,0,0,0,0,0,0,0
internvl,rel::2/freeform_6.png,rel::2/freeform_6.png::ru::th,ru,th,dependent,1,0,1,1,-1,0,0,1,1
internvl,rel::2/freeform_6.png,rel::2/freeform_6.png::ru::zh,ru,zh,dependent,0,0,1,1,0,0,1,1,0
internvl,rel::2/freeform_6.png,rel::2/freeform_6.png::th::en,th,en,dependent,1,1,0,0,0,0,-1,-1,0
internvl,rel::2/freeform_6.png,rel::2/freeform_6.png::th::ru,th,ru,dependent,1,1,1,0,0,-1,0,-1,-1
internvl,rel::2/freeform_6.png,rel::2/freeform_6.png::th::zh,th,zh,dependent,1,1,1,1,0,0,0,0,0
internvl,rel::2/freeform_6.png,rel::2/freeform_6.png::zh::en,zh,en,dependent,1,1,0,0,0,0,-1,-1,0
internvl,rel::2/freeform_6.png,rel::2/freeform_6.png::zh::ru,zh,ru,dependent,1,1,0,0,0,0,-1,-1,0
internvl,rel::2/freeform_6.png,rel::2/freeform_6.png::zh::th,zh,th,dependent,1,1,1,1,0,0,0,0,0
internvl,rel::2/freeform_7.png,rel::2/freeform_7.png::en::ru,en,ru,independent,1,1,0,0,0,0,-1,-1,0
internvl,rel::2/freeform_7.png,rel::2/freeform_7.png::en::th,en,th,independent,1,1,0,0,0,0,-1,-1,0
internvl,rel::2/freeform_7.png,rel::2/freeform_7.png::en::zh,en,zh,independent,1,1,1,1,0,0,0,0,0
internvl,rel::2/freeform_7.png,rel::2/freeform_7.png::ru::en,ru,en,independent,1,0,1,1,-1,0,0,1,1
internvl,rel::2/freeform_7.png,rel::2/freeform_7.png::ru::th,ru,th,independent,0,0,0,0,0,0,0,0,0
internvl,rel::2/freeform_7.png,rel::2/freeform_7.png::ru::zh,ru,zh,independent,0,1,1,1,1,0,1,0,-1
internvl,rel::2/freeform_7.png,rel::2/freeform_7.png::th::en,th,en,independent,1,1,1,1,0,0,0,0,0
internvl,rel::2/freeform_7.png,rel::2/freeform_7.png::th::ru,th,ru,independent,0,0,0,0,0,0,0,0,0
internvl,rel::2/freeform_7.png,rel::2/freeform_7.png::th::zh,th,zh,independent,1,1,1,1,0,0,0,0,0
internvl,rel::2/freeform_7.png,rel::2/freeform_7.png::zh::en,zh,en,independent,1,1,1,1,0,0,0,0,0
internvl,rel::2/freeform_7.png,rel::2/freeform_7.png::zh::ru,zh,ru,independent,1,0,0,0,-1,0,-1,0,1
internvl,rel::2/freeform_7.png,rel::2/freeform_7.png::zh::th,zh,th,independent,1,0,0,0,-1,0,-1,0,1
internvl,rel::2/freeform_8.png,rel::2/freeform_8.png::en::ru,en,ru,independent,1,1,1,1,0,0,0,0,0
internvl,rel::2/freeform_8.png,rel::2/freeform_8.png::en::th,en,th,independent,1,1,1,1,0,0,0,0,0
internvl,rel::2/freeform_8.png,rel::2/freeform_8.png::en::zh,en,zh,independent,1,1,1,1,0,0,0,0,0
internvl,rel::2/freeform_8.png,rel::2/freeform_8.png::ru::en,ru,en,independent,1,1,1,1,0,0,0,0,0
internvl,rel::2/freeform_8.png,rel::2/freeform_8.png::ru::th,ru,th,independent,1,1,1,1,0,0,0,0,0
internvl,rel::2/freeform_8.png,rel::2/freeform_8.png::ru::zh,ru,zh,independent,1,1,1,1,0,0,0,0,0
internvl,rel::2/freeform_8.png,rel::2/freeform_8.png::th::en,th,en,independent,1,0,1,1,-1,0,0,1,1
internvl,rel::2/freeform_8.png,rel::2/freeform_8.png::th::ru,th,ru,independent,1,0,1,1,-1,0,0,1,1
internvl,rel::2/freeform_8.png,rel::2/freeform_8.png::th::zh,th,zh,independent,1,0,1,1,-1,0,0,1,1
internvl,rel::2/freeform_8.png,rel::2/freeform_8.png::zh::en,zh,en,independent,1,1,1,1,0,0,0,0,0
internvl,rel::2/freeform_8.png,rel::2/freeform_8.png::zh::ru,zh,ru,independent,1,1,1,1,0,0,0,0,0
internvl,rel::2/freeform_8.png,rel::2/freeform_8.png::zh::th,zh,th,independent,1,1,1,1,0,0,0,0,0
internvl,rel::2/freeform_9.png,rel::2/freeform_9.png::en::ru,en,ru,dependent,0,1,0,0,1,0,0,-1,-1
internvl,rel::2/freeform_9.png,rel::2/freeform_9.png::en::th,en,th,dependent,0,0,0,0,0,0,0,0,0
internvl,rel::2/freeform_9.png,rel::2/freeform_9.png::en::zh,en,zh,dependent,0,0,0,0,0,0,0,0,0
internvl,rel::2/freeform_9.png,rel::2/freeform_9.png::ru::en,ru,en,dependent,0,0,1,0,0,-1,1,0,-1
internvl,rel::2/freeform_9.png,rel::2/freeform_9.png::ru::th,ru,th,dependent,0,0,0,0,0,0,0,0,0
internvl,rel::2/freeform_9.png,rel::2/freeform_9.png::ru::zh,ru,zh,dependent,0,0,0,0,0,0,0,0,0
internvl,rel::2/freeform_9.png,rel::2/freeform_9.png::th::en,th,en,dependent,1,0,0,0,-1,0,-1,0,1
internvl,rel::2/freeform_9.png,rel::2/freeform_9.png::th::ru,th,ru,dependent,0,0,0,0,0,0,0,0,0
internvl,rel::2/freeform_9.png,rel::2/freeform_9.png::th::zh,th,zh,dependent,1,0,0,0,-1,0,-1,0,1
internvl,rel::2/freeform_9.png,rel::2/freeform_9.png::zh::en,zh,en,dependent,0,0,0,0,0,0,0,0,0
internvl,rel::2/freeform_9.png,rel::2/freeform_9.png::zh::ru,zh,ru,dependent,0,0,0,0,0,0,0,0,0
internvl,rel::2/freeform_9.png,rel::2/freeform_9.png::zh::th,zh,th,dependent,0,0,0,0,0,0,0,0,0
internvl,rel::2/home_1.png,rel::2/home_1.png::en::ru,en,ru,independent,1,1,1,1,0,0,0,0,0
internvl,rel::2/home_1.png,rel::2/home_1.png::en::th,en,th,independent,1,1,1,1,0,0,0,0,0
internvl,rel::2/home_1.png,rel::2/home_1.png::en::zh,en,zh,independent,1,1,1,1,0,0,0,0,0
internvl,rel::2/home_1.png,rel::2/home_1.png::ru::en,ru,en,independent,1,1,1,1,0,0,0,0,0
internvl,rel::2/home_1.png,rel::2/home_1.png::ru::th,ru,th,independent,1,1,1,1,0,0,0,0,0
internvl,rel::2/home_1.png,rel::2/home_1.png::ru::zh,ru,zh,independent,1,1,1,1,0,0,0,0,0
internvl,rel::2/home_1.png,rel::2/home_1.png::th::en,th,en,independent,1,1,1,1,0,0,0,0,0
internvl,rel::2/home_1.png,rel::2/home_1.png::th::ru,th,ru,independent,1,1,1,1,0,0,0,0,0
internvl,rel::2/home_1.png,rel::2/home_1.png::th::zh,th,zh,independent,1,1,1,1,0,0,0,0,0
internvl,rel::2/home_1.png,rel::2/home_1.png::zh::en,zh,en,independent,1,1,1,1,0,0,0,0,0
internvl,rel::2/home_1.png,rel::2/home_1.png::zh::ru,zh,ru,independent,1,1,1,1,0,0,0,0,0
internvl,rel::2/home_1.png,rel::2/home_1.png::zh::th,zh,th,independent,1,1,1,1,0,0,0,0,0
internvl,rel::2/home_2.png,rel::2/home_2.png::en::ru,en,ru,dependent,0,0,0,0,0,0,0,0,0
internvl,rel::2/home_2.png,rel::2/home_2.png::en::th,en,th,dependent,0,0,0,0,0,0,0,0,0
internvl,rel::2/home_2.png,rel::2/home_2.png::en::zh,en,zh,dependent,0,0,0,0,0,0,0,0,0
internvl,rel::2/home_2.png,rel::2/home_2.png::ru::en,ru,en,dependent,0,0,0,0,0,0,0,0,0
internvl,rel::2/home_2.png,rel::2/home_2.png::ru::th,ru,th,dependent,0,0,0,0,0,0,0,0,0
internvl,rel::2/home_2.png,rel::2/home_2.png::ru::zh,ru,zh,dependent,0,0,0,0,0,0,0,0,0
internvl,rel::2/home_2.png,rel::2/home_2.png::th::en,th,en,dependent,0,0,0,0,0,0,0,0,0
internvl,rel::2/home_2.png,rel::2/home_2.png::th::ru,th,ru,dependent,0,0,0,0,0,0,0,0,0
internvl,rel::2/home_2.png,rel::2/home_2.png::th::zh,th,zh,dependent,0,0,0,0,0,0,0,0,0
internvl,rel::2/home_2.png,rel::2/home_2.png::zh::en,zh,en,dependent,0,0,0,0,0,0,0,0,0
internvl,rel::2/home_2.png,rel::2/home_2.png::zh::ru,zh,ru,dependent,0,0,0,0,0,0,0,0,0
internvl,rel::2/home_2.png,rel::2/home_2.png::zh::th,zh,th,dependent,0,0,0,0,0,0,0,0,0
internvl,rel::2/home_3.png,rel::2/home_3.png::en::ru,en,ru,dependent,0,1,0,0,1,0,0,-1,-1
internvl,rel::2/home_3.png,rel::2/home_3.png::en::th,en,th,dependent,1,0,0,0,-1,0,-1,0,1
internvl,rel::2/home_3.png,rel::2/home_3.png::en::zh,en,zh,dependent,1,1,1,0,0,-1,0,-1,-1
internvl,rel::2/home_3.png,rel::2/home_3.png::ru::en,ru,en,dependent,1,1,0,1,0,1,-1,0,1
internvl,rel::2/home_3.png,rel::2/home_3.png::ru::th,ru,th,dependent,0,0,0,0,0,0,0,0,0
internvl,rel::2/home_3.png,rel::2/home_3.png::ru::zh,ru,zh,dependent,0,0,0,0,0,0,0,0,0
internvl,rel::2/home_3.png,rel::2/home_3.png::th::en,th,en,dependent,0,1,0,1,1,1,0,0,0
internvl,rel::2/home_3.png,rel::2/home_3.png::th::ru,th,ru,dependent,0,0,0,0,0,0,0,0,0
internvl,rel::2/home_3.png,rel::2/home_3.png::th::zh,th,zh,dependent,0,0,0,0,0,0,0,0,0
internvl,rel::2/home_3.png,rel::2/home_3.png::zh::en,zh,en,dependent,1,1,1,1,0,0,0,0,0
internvl,rel::2/home_3.png,rel::2/home_3.png::zh::ru,zh,ru,dependent,0,1,0,0,1,0,0,-1,-1
internvl,rel::2/home_3.png,rel::2/home_3.png::zh::th,zh,th,dependent,0,0,0,0,0,0,0,0,0
internvl,rel::2/home_4.png,rel::2/home_4.png::en::ru,en,ru,dependent,0,1,0,0,1,0,0,-1,-1
internvl,rel::2/home_4.png,rel::2/home_4.png::en::th,en,th,dependent,0,0,0,0,0,0,0,0,0
internvl,rel::2/home_4.png,rel::2/home_4.png::en::zh,en,zh,dependent,1,0,0,0,-1,0,-1,0,1
internvl,rel::2/home_4.png,rel::2/home_4.png::ru::en,ru,en,dependent,1,1,0,0,0,0,-1,-1,0
internvl,rel::2/home_4.png,rel::2/home_4.png::ru::th,ru,th,dependent,0,0,0,0,0,0,0,0,0
internvl,rel::2/home_4.png,rel::2/home_4.png::ru::zh,ru,zh,dependent,0,0,0,0,0,0,0,0,0
internvl,rel::2/home_4.png,rel::2/home_4.png::th::en,th,en,dependent,0,0,0,0,0,0,0,0,0
internvl,rel::2/home_4.png,rel::2/home_4.png::th::ru,th,ru,dependent,0,0,0,0,0,0,0,0,0
internvl,rel::2/home_4.png,rel::2/home_4.png::th::zh,th,zh,dependent,0,0,0,0,0,0,0,0,0
internvl,rel::2/home_4.png,rel::2/home_4.png::zh::en,zh,en,dependent,0,0,1,0,0,-1,1,0,-1
internvl,rel::2/home_4.png,rel::2/home_4.png::zh::ru,zh,ru,dependent,0,0,0,0,0,0,0,0,0
internvl,rel::2/home_4.png,rel::2/home_4.png::zh::th,zh,th,dependent,0,0,0,0,0,0,0,0,0
internvl,rel::2/home_5.png,rel::2/home_5.png::en::ru,en,ru,dependent,1,1,1,1,0,0,0,0,0
internvl,rel::2/home_5.png,rel::2/home_5.png::en::th,en,th,dependent,1,1,1,1,0,0,0,0,0
internvl,rel::2/home_5.png,rel::2/home_5.png::en::zh,en,zh,dependent,0,0,0,0,0,0,0,0,0
internvl,rel::2/home_5.png,rel::2/home_5.png::ru::en,ru,en,dependent,1,1,1,1,0,0,0,0,0
internvl,rel::2/home_5.png,rel::2/home_5.png::ru::th,ru,th,dependent,1,1,1,1,0,0,0,0,0
internvl,rel::2/home_5.png,rel::2/home_5.png::ru::zh,ru,zh,dependent,0,0,0,0,0,0,0,0,0
internvl,rel::2/home_5.png,rel::2/home_5.png::th::en,th,en,dependent,1,1,1,1,0,0,0,0,0
internvl,rel::2/home_5.png,rel::2/home_5.png::th::ru,th,ru,dependent,1,1,1,1,0,0,0,0,0
internvl,rel::2/home_5.png,rel::2/home_5.png::th::zh,th,zh,dependent,0,0,0,0,0,0,0,0,0
internvl,rel::2/home_5.png,rel::2/home_5.png::zh::en,zh,en,dependent,1,1,1,1,0,0,0,0,0
internvl,rel::2/home_5.png,rel::2/home_5.png::zh::ru,zh,ru,dependent,1,1,1,1,0,0,0,0,0
internvl,rel::2/home_5.png,rel::2/home_5.png::zh::th,zh,th,dependent,1,1,1,1,0,0,0,0,0
internvl,rel::2/home_6.png,rel::2/home_6.png::en::ru,en,ru,independent,1,1,1,1,0,0,0,0,0
internvl,rel::2/home_6.png,rel::2/home_6.png::en::th,en,th,independent,1,1,0,0,0,0,-1,-1,0
internvl,rel::2/home_6.png,rel::2/home_6.png::en::zh,en,zh,independent,1,0,1,1,-1,0,0,1,1
internvl,rel::2/home_6.png,rel::2/home_6.png::ru::en,ru,en,independent,1,1,0,1,0,1,-1,0,1
internvl,rel::2/home_6.png,rel::2/home_6.png::ru::th,ru,th,independent,0,0,0,0,0,0,0,0,0
internvl,rel::2/home_6.png,rel::2/home_6.png::ru::zh,ru,zh,independent,1,1,0,1,0,1,-1,0,1
internvl,rel::2/home_6.png,rel::2/home_6.png::th::en,th,en,independent,0,1,0,1,1,1,0,0,0
internvl,rel::2/home_6.png,rel::2/home_6.png::th::ru,th,ru,independent,0,0,1,1,0,0,1,1,0
internvl,rel::2/home_6.png,rel::2/home_6.png::th::zh,th,zh,independent,0,1,0,1,1,1,0,0,0
internvl,rel::2/home_6.png,rel::2/home_6.png::zh::en,zh,en,independent,1,1,0,1,0,1,-1,0,1
internvl,rel::2/home_6.png,rel::2/home_6.png::zh::ru,zh,ru,independent,1,1,1,1,0,0,0,0,0
internvl,rel::2/home_6.png,rel::2/home_6.png::zh::th,zh,th,independent,1,0,1,0,-1,-1,0,0,0
internvl,rel::2/home_7.png,rel::2/home_7.png::en::ru,en,ru,dependent,0,0,0,0,0,0,0,0,0
internvl,rel::2/home_7.png,rel::2/home_7.png::en::th,en,th,dependent,0,1,0,1,1,1,0,0,0
internvl,rel::2/home_7.png,rel::2/home_7.png::en::zh,en,zh,dependent,1,1,1,1,0,0,0,0,0
internvl,rel::2/home_7.png,rel::2/home_7.png::ru::en,ru,en,dependent,0,0,0,1,0,1,0,1,1
internvl,rel::2/home_7.png,rel::2/home_7.png::ru::th,ru,th,dependent,1,1,0,1,0,1,-1,0,1
internvl,rel::2/home_7.png,rel::2/home_7.png::ru::zh,ru,zh,dependent,0,1,1,1,1,0,1,0,-1
internvl,rel::2/home_7.png,rel::2/home_7.png::th::en,th,en,dependent,0,0,1,1,0,0,1,1,0
internvl,rel::2/home_7.png,rel::2/home_7.png::th::ru,th,ru,dependent,0,0,0,0,0,0,0,0,0
internvl,rel::2/home_7.png,rel::2/home_7.png::th::zh,th,zh,dependent,1,1,1,1,0,0,0,0,0
internvl,rel::2/home_7.png,rel::2/home_7.png::zh::en,zh,en,dependent,1,1,1,1,0,0,0,0,0
internvl,rel::2/home_7.png,rel::2/home_7.png::zh::ru,zh,ru,dependent,0,1,0,0,1,0,0,-1,-1
internvl,rel::2/home_7.png,rel::2/home_7.png::zh::th,zh,th,dependent,1,0,0,1,-1,1,-1,1,2
internvl,rel::2/home_8.png,rel::2/home_8.png::en::ru,en,ru,dependent,0,0,0,0,0,0,0,0,0
internvl,rel::2/home_8.png,rel::2/home_8.png::en::th,en,th,dependent,0,0,0,0,0,0,0,0,0
internvl,rel::2/home_8.png,rel::2/home_8.png::en::zh,en,zh,dependent,0,0,0,0,0,0,0,0,0
internvl,rel::2/home_8.png,rel::2/home_8.png::ru::en,ru,en,dependent,0,0,0,0,0,0,0,0,0
internvl,rel::2/home_8.png,rel::2/home_8.png::ru::th,ru,th,dependent,0,0,0,0,0,0,0,0,0
internvl,rel::2/home_8.png,rel::2/home_8.png::ru::zh,ru,zh,dependent,0,0,0,0,0,0,0,0,0
internvl,rel::2/home_8.png,rel::2/home_8.png::th::en,th,en,dependent,0,0,0,0,0,0,0,0,0
internvl,rel::2/home_8.png,rel::2/home_8.png::th::ru,th,ru,dependent,0,0,0,0,0,0,0,0,0
internvl,rel::2/home_8.png,rel::2/home_8.png::th::zh,th,zh,dependent,0,0,0,0,0,0,0,0,0
internvl,rel::2/home_8.png,rel::2/home_8.png::zh::en,zh,en,dependent,0,0,0,0,0,0,0,0,0
internvl,rel::2/home_8.png,rel::2/home_8.png::zh::ru,zh,ru,dependent,0,0,0,0,0,0,0,0,0
internvl,rel::2/home_8.png,rel::2/home_8.png::zh::th,zh,th,dependent,0,0,0,0,0,0,0,0,0
internvl,rel::2/home_9.png,rel::2/home_9.png::en::ru,en,ru,dependent,0,0,0,0,0,0,0,0,0
internvl,rel::2/home_9.png,rel::2/home_9.png::en::zh,en,zh,dependent,0,0,0,0,0,0,0,0,0
internvl,rel::2/home_9.png,rel::2/home_9.png::ru::en,ru,en,dependent,0,0,0,0,0,0,0,0,0
internvl,rel::2/home_9.png,rel::2/home_9.png::ru::zh,ru,zh,dependent,0,0,0,0,0,0,0,0,0
internvl,rel::2/home_9.png,rel::2/home_9.png::zh::en,zh,en,dependent,0,0,0,0,0,0,0,0,0
internvl,rel::2/home_9.png,rel::2/home_9.png::zh::ru,zh,ru,dependent,0,1,0,0,1,0,0,-1,-1
internvl,rel::2/map_1.png,rel::2/map_1.png::en::ru,en,ru,dependent,0,1,0,1,1,1,0,0,0
internvl,rel::2/map_1.png,rel::2/map_1.png::en::th,en,th,dependent,0,0,0,0,0,0,0,0,0
internvl,rel::2/map_1.png,rel::2/map_1.png::en::zh,en,zh,dependent,0,1,1,1,1,0,1,0,-1
internvl,rel::2/map_1.png,rel::2/map_1.png::ru::en,ru,en,dependent,1,1,1,1,0,0,0,0,0
internvl,rel::2/map_1.png,rel::2/map_1.png::ru::th,ru,th,dependent,0,0,0,0,0,0,0,0,0
internvl,rel::2/map_1.png,rel::2/map_1.png::ru::zh,ru,zh,dependent,1,1,1,1,0,0,0,0,0
internvl,rel::2/map_1.png,rel::2/map_1.png::th::en,th,en,dependent,1,1,0,1,0,1,-1,0,1
internvl,rel::2/map_1.png,rel::2/map_1.png::th::ru,th,ru,dependent,0,0,0,1,0,1,0,1,1
internvl,rel::2/map_1.png,rel::2/map_1.png::th::zh,th,zh,dependent,0,0,1,1,0,0,1,1,0
internvl,rel::2/map_1.png,rel::2/map_1.png::zh::en,zh,en,dependent,1,1,1,1,0,0,0,0,0
internvl,rel::2/map_1.png,rel::2/map_1.png::zh::ru,zh,ru,dependent,0,1,0,1,1,1,0,0,0
internvl,rel::2/map_1.png,rel::2/map_1.png::zh::th,zh,th,dependent,0,0,0,0,0,0,0,0,0
internvl,rel::2/map_10.png,rel::2/map_10.png::en::ru,en,ru,independent,1,1,1,1,0,0,0,0,0
internvl,rel::2/map_10.png,rel::2/map_10.png::en::zh,en,zh,independent,1,1,1,1,0,0,0,0,0
internvl,rel::2/map_10.png,rel::2/map_10.png::ru::en,ru,en,independent,1,1,1,1,0,0,0,0,0
internvl,rel::2/map_10.png,rel::2/map_10.png::ru::zh,ru,zh,independent,1,1,1,1,0,0,0,0,0
internvl,rel::2/map_10.png,rel::2/map_10.png::zh::en,zh,en,independent,1,1,1,1,0,0,0,0,0
internvl,rel::2/map_10.png,rel::2/map_10.png::zh::ru,zh,ru,independent,1,1,1,1,0,0,0,0,0
internvl,rel::2/map_2.png,rel::2/map_2.png::en::ru,en,ru,dependent,0,1,0,1,1,1,0,0,0
internvl,rel::2/map_2.png,rel::2/map_2.png::en::th,en,th,dependent,0,0,0,0,0,0,0,0,0
internvl,rel::2/map_2.png,rel::2/map_2.png::en::zh,en,zh,dependent,1,1,1,1,0,0,0,0,0
internvl,rel::2/map_2.png,rel::2/map_2.png::ru::en,ru,en,dependent,1,1,0,1,0,1,-1,0,1
internvl,rel::2/map_2.png,rel::2/map_2.png::ru::th,ru,th,dependent,0,0,0,0,0,0,0,0,0
internvl,rel::2/map_2.png,rel::2/map_2.png::ru::zh,ru,zh,dependent,1,1,0,1,0,1,-1,0,1
internvl,rel::2/map_2.png,rel::2/map_2.png::th::en,th,en,dependent,0,0,0,1,0,1,0,1,1
internvl,rel::2/map_2.png,rel::2/map_2.png::th::ru,th,ru,dependent,0,0,0,1,0,1,0,1,1
internvl,rel::2/map_2.png,rel::2/map_2.png::th::zh,th,zh,dependent,0,0,0,1,0,1,0,1,1
internvl,rel::2/map_2.png,rel::2/map_2.png::zh::en,zh,en,dependent,1,1,1,1,0,0,0,0,0
internvl,rel::2/map_2.png,rel::2/map_2.png::zh::ru,zh,ru,dependent,0,1,0,1,1,1,0,0,0
internvl,rel::2/map_2.png,rel::2/map_2.png::zh::th,zh,th,dependent,0,0,0,0,0,0,0,0,0
internvl,rel::2/map_3.png,rel::2/map_3.png::en::ru,en,ru,dependent,1,1,1,0,0,-1,0,-1,-1
internvl,rel::2/map_3.png,rel::2/map_3.png::en::th,en,th,dependent,1,1,0,0,0,0,-1,-1,0
internvl,rel::2/map_3.png,rel::2/map_3.png::en::zh,en,zh,dependent,1,1,1,1,0,0,0,0,0
internvl,rel::2/map_3.png,rel::2/map_3.png::ru::en,ru,en,dependent,1,1,1,1,0,0,0,0,0
internvl,rel::2/map_3.png,rel::2/map_3.png::ru::th,ru,th,dependent,1,1,0,0,0,0,-1,-1,0
internvl,rel::2/map_3.png,rel::2/map_3.png::ru::zh,ru,zh,dependent,1,1,0,1,0,1,-1,0,1
internvl,rel::2/map_3.png,rel::2/map_3.png::th::en,th,en,dependent,0,1,1,1,1,0,1,0,-1
internvl,rel::2/map_3.png,rel::2/map_3.png::th::ru,th,ru,dependent,0,0,1,0,0,-1,1,0,-1
internvl,rel::2/map_3.png,rel::2/map_3.png::th::zh,th,zh,dependent,1,1,1,1,0,0,0,0,0
internvl,rel::2/map_3.png,rel::2/map_3.png::zh::en,zh,en,dependent,1,1,1,1,0,0,0,0,0
internvl,rel::2/map_3.png,rel::2/map_3.png::zh::ru,zh,ru,dependent,1,1,1,0,0,-1,0,-1,-1
internvl,rel::2/map_3.png,rel::2/map_3.png::zh::th,zh,th,dependent,1,1,0,0,0,0,-1,-1,0
internvl,rel::2/map_4.png,rel::2/map_4.png::en::ru,en,ru,independent,0,0,0,1,0,1,0,1,1
internvl,rel::2/map_4.png,rel::2/map_4.png::en::th,en,th,independent,0,1,0,0,1,0,0,-1,-1
internvl,rel::2/map_4.png,rel::2/map_4.png::en::zh,en,zh,independent,0,0,0,0,0,0,0,0,0
internvl,rel::2/map_4.png,rel::2/map_4.png::ru::en,ru,en,independent,1,1,1,1,0,0,0,0,0
internvl,rel::2/map_4.png,rel::2/map_4.png::ru::th,ru,th,independent,1,1,0,0,0,0,-1,-1,0
internvl,rel::2/map_4.png,rel::2/map_4.png::ru::zh,ru,zh,independent,1,1,0,0,0,0,-1,-1,0
internvl,rel::2/map_4.png,rel::2/map_4.png::th::en,th,en,independent,0,0,1,1,0,0,1,1,0
internvl,rel::2/map_4.png,rel::2/map_4.png::th::ru,th,ru,independent,0,0,1,1,0,0,1,1,0
internvl,rel::2/map_4.png,rel::2/map_4.png::th::zh,th,zh,independent,0,0,0,0,0,0,0,0,0
internvl,rel::2/map_4.png,rel::2/map_4.png::zh::en,zh,en,independent,0,0,1,1,0,0,1,1,0
internvl,rel::2/map_4.png,rel::2/map_4.png::zh::ru,zh,ru,independent,0,0,0,1,0,1,0,1,1
internvl,rel::2/map_4.png,rel::2/map_4.png::zh::th,zh,th,independent,0,0,0,0,0,0,0,0,0
internvl,rel::2/map_5.png,rel::2/map_5.png::en::ru,en,ru,dependent,1,1,1,1,0,0,0,0,0
internvl,rel::2/map_5.png,rel::2/map_5.png::en::th,en,th,dependent,1,1,1,1,0,0,0,0,0
internvl,rel::2/map_5.png,rel::2/map_5.png::en::zh,en,zh,dependent,1,1,0,1,0,1,-1,0,1
internvl,rel::2/map_5.png,rel::2/map_5.png::ru::en,ru,en,dependent,1,1,1,1,0,0,0,0,0
internvl,rel::2/map_5.png,rel::2/map_5.png::ru::th,ru,th,dependent,1,1,1,1,0,0,0,0,0
internvl,rel::2/map_5.png,rel::2/map_5.png::ru::zh,ru,zh,dependent,0,1,0,1,1,1,0,0,0
internvl,rel::2/map_5.png,rel::2/map_5.png::th::en,th,en,dependent,1,1,1,1,0,0,0,0,0
internvl,rel::2/map_5.png,rel::2/map_5.png::th::ru,th,ru,dependent,1,0,1,1,-1,0,0,1,1
internvl,rel::2/map_5.png,rel::2/map_5.png::th::zh,th,zh,dependent,1,0,1,1,-1,0,0,1,1
internvl,rel::2/map_5.png,rel::2/map_5.png::zh::en,zh,en,dependent,0,1,1,1,1,0,1,0,-1
internvl,rel::2/map_5.png,rel::2/map_5.png::zh::ru,zh,ru,dependent,1,1,1,1,0,0,0,0,0
internvl,rel::2/map_5.png,rel::2/map_5.png::zh::th,zh,th,dependent,1,1,1,1,0,0,0,0,0
internvl,rel::2/map_6.png,rel::2/map_6.png::en::ru,en,ru,dependent,0,0,0,0,0,0,0,0,0
internvl,rel::2/map_6.png,rel::2/map_6.png::en::th,en,th,dependent,0,0,0,0,0,0,0,0,0
internvl,rel::2/map_6.png,rel::2/map_6.png::en::zh,en,zh,dependent,1,1,1,1,0,0,0,0,0
internvl,rel::2/map_6.png,rel::2/map_6.png::ru::en,ru,en,dependent,0,0,1,1,0,0,1,1,0
internvl,rel::2/map_6.png,rel::2/map_6.png::ru::th,ru,th,dependent,0,0,0,0,0,0,0,0,0
internvl,rel::2/map_6.png,rel::2/map_6.png::ru::zh,ru,zh,dependent,0,0,0,1,0,1,0,1,1
internvl,rel::2/map_6.png,rel::2/map_6.png::th::en,th,en,dependent,0,0,1,1,0,0,1,1,0
internvl,rel::2/map_6.png,rel::2/map_6.png::th::ru,th,ru,dependent,0,0,0,0,0,0,0,0,0
internvl,rel::2/map_6.png,rel::2/map_6.png::th::zh,th,zh,dependent,0,1,0,1,1,1,0,0,0
internvl,rel::2/map_6.png,rel::2/map_6.png::zh::en,zh,en,dependent,0,1,1,1,1,0,1,0,-1
internvl,rel::2/map_6.png,rel::2/map_6.png::zh::ru,zh,ru,dependent,0,0,0,0,0,0,0,0,0
internvl,rel::2/map_6.png,rel::2/map_6.png::zh::th,zh,th,dependent,0,0,0,0,0,0,0,0,0
internvl,rel::2/map_7.png,rel::2/map_7.png::en::ru,en,ru,dependent,0,0,0,0,0,0,0,0,0
internvl,rel::2/map_7.png,rel::2/map_7.png::en::th,en,th,dependent,0,0,0,0,0,0,0,0,0
internvl,rel::2/map_7.png,rel::2/map_7.png::en::zh,en,zh,dependent,0,0,1,1,0,0,1,1,0
internvl,rel::2/map_7.png,rel::2/map_7.png::ru::en,ru,en,dependent,0,0,0,0,0,0,0,0,0
internvl,rel::2/map_7.png,rel::2/map_7.png::ru::th,ru,th,dependent,0,0,0,0,0,0,0,0,0
internvl,rel::2/map_7.png,rel::2/map_7.png::ru::zh,ru,zh,dependent,0,0,1,1,0,0,1,1,0
internvl,rel::2/map_7.png,rel::2/map_7.png::th::en,th,en,dependent,0,1,0,0,1,0,0,-1,-1
internvl,rel::2/map_7.png,rel::2/map_7.png::th::ru,th,ru,dependent,0,0,0,0,0,0,0,0,0
internvl,rel::2/map_7.png,rel::2/map_7.png::th::zh,th,zh,dependent,1,1,1,1,0,0,0,0,0
internvl,rel::2/map_7.png,rel::2/map_7.png::zh::en,zh,en,dependent,1,1,0,0,0,0,-1,-1,0
internvl,rel::2/map_7.png,rel::2/map_7.png::zh::ru,zh,ru,dependent,0,0,0,0,0,0,0,0,0
internvl,rel::2/map_7.png,rel::2/map_7.png::zh::th,zh,th,dependent,0,0,0,0,0,0,0,0,0
internvl,rel::2/map_8.png,rel::2/map_8.png::en::ru,en,ru,dependent,1,1,0,1,0,1,-1,0,1
internvl,rel::2/map_8.png,rel::2/map_8.png::en::th,en,th,dependent,1,1,1,1,0,0,0,0,0
internvl,rel::2/map_8.png,rel::2/map_8.png::en::zh,en,zh,dependent,1,1,1,1,0,0,0,0,0
internvl,rel::2/map_8.png,rel::2/map_8.png::ru::en,ru,en,dependent,0,0,0,1,0,1,0,1,1
internvl,rel::2/map_8.png,rel::2/map_8.png::ru::th,ru,th,dependent,0,0,0,1,0,1,0,1,1
internvl,rel::2/map_8.png,rel::2/map_8.png::ru::zh,ru,zh,dependent,0,1,0,1,1,1,0,0,0
internvl,rel::2/map_8.png,rel::2/map_8.png::th::en,th,en,dependent,0,1,0,1,1,1,0,0,0
internvl,rel::2/map_8.png,rel::2/map_8.png::th::ru,th,ru,dependent,0,1,0,1,1,1,0,0,0
internvl,rel::2/map_8.png,rel::2/map_8.png::th::zh,th,zh,dependent,0,1,0,1,1,1,0,0,0
internvl,rel::2/map_8.png,rel::2/map_8.png::zh::en,zh,en,dependent,1,1,1,1,0,0,0,0,0
internvl,rel::2/map_8.png,rel::2/map_8.png::zh::ru,zh,ru,dependent,0,1,0,1,1,1,0,0,0
internvl,rel::2/map_8.png,rel::2/map_8.png::zh::th,zh,th,dependent,1,1,0,1,0,1,-1,0,1
internvl,rel::2/map_9.png,rel::2/map_9.png::en::ru,en,ru,dependent,1,1,1,0,0,-1,0,-1,-1
internvl,rel::2/map_9.png,rel::2/map_9.png::en::th,en,th,dependent,0,0,1,0,0,-1,1,0,-1
internvl,rel::2/map_9.png,rel::2/map_9.png::en::zh,en,zh,dependent,1,1,1,1,0,0,0,0,0
internvl,rel::2/map_9.png,rel::2/map_9.png::ru::en,ru,en,dependent,1,1,0,1,0,1,-1,0,1
internvl,rel::2/map_9.png,rel::2/map_9.png::ru::th,ru,th,dependent,0,1,1,0,1,-1,1,-1,-2
internvl,rel::2/map_9.png,rel::2/map_9.png::ru::zh,ru,zh,dependent,0,1,0,1,1,1,0,0,0
internvl,rel::2/map_9.png,rel::2/map_9.png::th::en,th,en,dependent,0,1,0,1,1,1,0,0,0
internvl,rel::2/map_9.png,rel::2/map_9.png::th::ru,th,ru,dependent,0,0,1,0,0,-1,1,0,-1
internvl,rel::2/map_9.png,rel::2/map_9.png::th::zh,th,zh,dependent,0,1,1,1,1,0,1,0,-1
internvl,rel::2/map_9.png,rel::2/map_9.png::zh::en,zh,en,dependent,1,1,1,1,0,0,0,0,0
internvl,rel::2/map_9.png,rel::2/map_9.png::zh::ru,zh,ru,dependent,1,1,1,0,0,-1,0,-1,-1
internvl,rel::2/map_9.png,rel::2/map_9.png::zh::th,zh,th,dependent,1,1,1,0,0,-1,0,-1,-1
internvl,rel::2/note_1.png,rel::2/note_1.png::en::ru,en,ru,dependent,0,1,0,1,1,1,0,0,0
internvl,rel::2/note_1.png,rel::2/note_1.png::en::th,en,th,dependent,0,1,0,0,1,0,0,-1,-1
internvl,rel::2/note_1.png,rel::2/note_1.png::en::zh,en,zh,dependent,0,1,0,1,1,1,0,0,0
internvl,rel::2/note_1.png,rel::2/note_1.png::ru::en,ru,en,dependent,1,1,1,1,0,0,0,0,0
internvl,rel::2/note_1.png,rel::2/note_1.png::ru::th,ru,th,dependent,1,0,1,0,-1,-1,0,0,0
internvl,rel::2/note_1.png,rel::2/note_1.png::ru::zh,ru,zh,dependent,1,1,1,1,0,0,0,0,0
internvl,rel::2/note_1.png,rel::2/note_1.png::th::en,th,en,dependent,1,1,1,1,0,0,0,0,0
internvl,rel::2/note_1.png,rel::2/note_1.png::th::ru,th,ru,dependent,0,1,0,1,1,1,0,0,0
internvl,rel::2/note_1.png,rel::2/note_1.png::th::zh,th,zh,dependent,1,1,1,1,0,0,0,0,0
internvl,rel::2/note_1.png,rel::2/note_1.png::zh::en,zh,en,dependent,1,1,1,1,0,0,0,0,0
internvl,rel::2/note_1.png,rel::2/note_1.png::zh::ru,zh,ru,dependent,0,1,0,1,1,1,0,0,0
internvl,rel::2/note_1.png,rel::2/note_1.png::zh::th,zh,th,dependent,0,0,0,0,0,0,0,0,0
internvl,rel::2/note_10.png,rel::2/note_10.png::en::ru,en,ru,dependent,0,0,0,0,0,0,0,0,0
internvl,rel::2/note_10.png,rel::2/note_10.png::en::th,en,th,dependent,1,1,1,1,0,0,0,0,0
internvl,rel::2/note_10.png,rel::2/note_10.png::en::zh,en,zh,dependent,0,0,1,1,0,0,1,1,0
internvl,rel::2/note_10.png,rel::2/note_10.png::ru::en,ru,en,dependent,0,0,0,0,0,0,0,0,0
internvl,rel::2/note_10.png,rel::2/note_10.png::ru::th,ru,th,dependent,1,0,1,1,-1,0,0,1,1
internvl,rel::2/note_10.png,rel::2/note_10.png::ru::zh,ru,zh,dependent,0,0,1,1,0,0,1,1,0
internvl,rel::2/note_10.png,rel::2/note_10.png::th::en,th,en,dependent,1,1,0,0,0,0,-1,-1,0
internvl,rel::2/note_10.png,rel::2/note_10.png::th::ru,th,ru,dependent,1,1,1,0,0,-1,0,-1,-1
internvl,rel::2/note_10.png,rel::2/note_10.png::th::zh,th,zh,dependent,1,1,1,1,0,0,0,0,0
internvl,rel::2/note_10.png,rel::2/note_10.png::zh::en,zh,en,dependent,0,1,0,0,1,0,0,-1,-1
internvl,rel::2/note_10.png,rel::2/note_10.png::zh::ru,zh,ru,dependent,1,1,0,0,0,0,-1,-1,0
internvl,rel::2/note_10.png,rel::2/note_10.png::zh::th,zh,th,dependent,1,1,1,1,0,0,0,0,0
internvl,rel::2/note_11.png,rel::2/note_11.png::en::ru,en,ru,dependent,1,1,1,0,0,-1,0,-1,-1
internvl,rel::2/note_11.png,rel::2/note_11.png::en::th,en,th,dependent,1,1,0,0,0,0,-1,-1,0
internvl,rel::2/note_11.png,rel::2/note_11.png::en::zh,en,zh,dependent,1,1,0,0,0,0,-1,-1,0
internvl,rel::2/note_11.png,rel::2/note_11.png::ru::en,ru,en,dependent,0,0,1,0,0,-1,1,0,-1
internvl,rel::2/note_11.png,rel::2/note_11.png::ru::th,ru,th,dependent,1,1,0,0,0,0,-1,-1,0
internvl,rel::2/note_11.png,rel::2/note_11.png::ru::zh,ru,zh,dependent,1,0,1,0,-1,-1,0,0,0
internvl,rel::2/note_11.png,rel::2/note_11.png::th::en,th,en,dependent,0,0,1,0,0,-1,1,0,-1
internvl,rel::2/note_11.png,rel::2/note_11.png::th::ru,th,ru,dependent,0,0,0,0,0,0,0,0,0
internvl,rel::2/note_11.png,rel::2/note_11.png::th::zh,th,zh,dependent,0,0,0,0,0,0,0,0,0
internvl,rel::2/note_11.png,rel::2/note_11.png::zh::en,zh,en,dependent,0,0,0,0,0,0,0,0,0
internvl,rel::2/note_11.png,rel::2/note_11.png::zh::ru,zh,ru,dependent,1,1,1,0,0,-1,0,-1,-1
internvl,rel::2/note_11.png,rel::2/note_11.png::zh::th,zh,th,dependent,0,0,0,0,0,0,0,0,0
internvl,rel::2/note_2.png,rel::2/note_2.png::en::ru,en,ru,dependent,1,1,1,0,0,-1,0,-1,-1
internvl,rel::2/note_2.png,rel::2/note_2.png::en::th,en,th,dependent,1,1,1,1,0,0,0,0,0
internvl,rel::2/note_2.png,rel::2/note_2.png::en::zh,en,zh,dependent,0,0,1,1,0,0,1,1,0
internvl,rel::2/note_2.png,rel::2/note_2.png::ru::en,ru,en,dependent,0,0,1,0,0,-1,1,0,-1
internvl,rel::2/note_2.png,rel::2/note_2.png::ru::th,ru,th,dependent,1,1,1,1,0,0,0,0,0
internvl,rel::2/note_2.png,rel::2/note_2.png::ru::zh,ru,zh,dependent,0,0,1,1,0,0,1,1,0
internvl,rel::2/note_2.png,rel::2/note_2.png::th::en,th,en,dependent,1,1,0,0,0,0,-1,-1,0
internvl,rel::2/note_2.png,rel::2/note_2.png::th::ru,th,ru,dependent,1,1,1,0,0,-1,0,-1,-1
internvl,rel::2/note_2.png,rel::2/note_2.png::th::zh,th,zh,dependent,1,1,1,1,0,0,0,0,0
internvl,rel::2/note_2.png,rel::2/note_2.png::zh::en,zh,en,dependent,1,1,0,0,0,0,-1,-1,0
internvl,rel::2/note_2.png,rel::2/note_2.png::zh::ru,zh,ru,dependent,1,1,1,0,0,-1,0,-1,-1
internvl,rel::2/note_2.png,rel::2/note_2.png::zh::th,zh,th,dependent,1,1,1,1,0,0,0,0,0
internvl,rel::2/note_3.png,rel::2/note_3.png::en::ru,en,ru,dependent,0,0,0,0,0,0,0,0,0
internvl,rel::2/note_3.png,rel::2/note_3.png::en::th,en,th,dependent,0,0,0,0,0,0,0,0,0
internvl,rel::2/note_3.png,rel::2/note_3.png::en::zh,en,zh,dependent,0,1,1,1,1,0,1,0,-1
internvl,rel::2/note_3.png,rel::2/note_3.png::ru::en,ru,en,dependent,0,0,0,0,0,0,0,0,0
internvl,rel::2/note_3.png,rel::2/note_3.png::ru::th,ru,th,dependent,0,0,0,0,0,0,0,0,0
internvl,rel::2/note_3.png,rel::2/note_3.png::ru::zh,ru,zh,dependent,0,1,1,1,1,0,1,0,-1
internvl,rel::2/note_3.png,rel::2/note_3.png::th::en,th,en,dependent,0,0,0,0,0,0,0,0,0
internvl,rel::2/note_3.png,rel::2/note_3.png::th::ru,th,ru,dependent,0,0,1,0,0,-1,1,0,-1
internvl,rel::2/note_3.png,rel::2/note_3.png::th::zh,th,zh,dependent,0,0,1,1,0,0,1,1,0
internvl,rel::2/note_3.png,rel::2/note_3.png::zh::en,zh,en,dependent,1,1,0,0,0,0,-1,-1,0
internvl,rel::2/note_3.png,rel::2/note_3.png::zh::ru,zh,ru,dependent,0,1,0,0,1,0,0,-1,-1
internvl,rel::2/note_3.png,rel::2/note_3.png::zh::th,zh,th,dependent,0,0,0,0,0,0,0,0,0
internvl,rel::2/note_4.png,rel::2/note_4.png::en::ru,en,ru,dependent,1,1,0,1,0,1,-1,0,1
internvl,rel::2/note_4.png,rel::2/note_4.png::en::th,en,th,dependent,0,1,0,1,1,1,0,0,0
internvl,rel::2/note_4.png,rel::2/note_4.png::en::zh,en,zh,dependent,1,1,1,1,0,0,0,0,0
internvl,rel::2/note_4.png,rel::2/note_4.png::ru::en,ru,en,dependent,1,1,1,1,0,0,0,0,0
internvl,rel::2/note_4.png,rel::2/note_4.png::ru::th,ru,th,dependent,1,1,0,1,0,1,-1,0,1
internvl,rel::2/note_4.png,rel::2/note_4.png::ru::zh,ru,zh,dependent,1,1,1,1,0,0,0,0,0
internvl,rel::2/note_4.png,rel::2/note_4.png::th::en,th,en,dependent,1,1,1,1,0,0,0,0,0
internvl,rel::2/note_4.png,rel::2/note_4.png::th::ru,th,ru,dependent,1,1,1,1,0,0,0,0,0
internvl,rel::2/note_4.png,rel::2/note_4.png::th::zh,th,zh,dependent,1,1,1,1,0,0,0,0,0
internvl,rel::2/note_4.png,rel::2/note_4.png::zh::en,zh,en,dependent,1,1,1,1,0,0,0,0,0
internvl,rel::2/note_4.png,rel::2/note_4.png::zh::ru,zh,ru,dependent,1,1,0,1,0,1,-1,0,1
internvl,rel::2/note_4.png,rel::2/note_4.png::zh::th,zh,th,dependent,0,0,1,1,0,0,1,1,0
internvl,rel::2/note_5.png,rel::2/note_5.png::en::ru,en,ru,independent,0,0,1,1,0,0,1,1,0
internvl,rel::2/note_5.png,rel::2/note_5.png::en::th,en,th,independent,0,0,1,1,0,0,1,1,0
internvl,rel::2/note_5.png,rel::2/note_5.png::en::zh,en,zh,independent,0,0,0,0,0,0,0,0,0
internvl,rel::2/note_5.png,rel::2/note_5.png::ru::en,ru,en,independent,1,1,0,0,0,0,-1,-1,0
internvl,rel::2/note_5.png,rel::2/note_5.png::ru::th,ru,th,independent,1,1,1,1,0,0,0,0,0
internvl,rel::2/note_5.png,rel::2/note_5.png::ru::zh,ru,zh,independent,1,1,0,0,0,0,-1,-1,0
internvl,rel::2/note_5.png,rel::2/note_5.png::th::en,th,en,independent,1,1,0,0,0,0,-1,-1,0
internvl,rel::2/note_5.png,rel::2/note_5.png::th::ru,th,ru,independent,1,1,1,1,0,0,0,0,0
internvl,rel::2/note_5.png,rel::2/note_5.png::th::zh,th,zh,independent,1,1,0,0,0,0,-1,-1,0
internvl,rel::2/note_5.png,rel::2/note_5.png::zh::en,zh,en,independent,0,0,0,0,0,0,0,0,0
internvl,rel::2/note_5.png,rel::2/note_5.png::zh::ru,zh,ru,independent,0,0,1,1,0,0,1,1,0
internvl,rel::2/note_5.png,rel::2/note_5.png::zh::th,zh,th,independent,0,0,1,1,0,0,1,1,0
internvl,rel::2/note_6.png,rel::2/note_6.png::en::ru,en,ru,dependent,1,1,1,1,0,0,0,0,0
internvl,rel::2/note_6.png,rel::2/note_6.png::en::th,en,th,dependent,1,1,1,1,0,0,0,0,0
internvl,rel::2/note_6.png,rel::2/note_6.png::en::zh,en,zh,dependent,1,0,1,0,-1,-1,0,0,0
internvl,rel::2/note_6.png,rel::2/note_6.png::ru::en,ru,en,dependent,0,0,1,1,0,0,1,1,0
internvl,rel::2/note_6.png,rel::2/note_6.png::ru::th,ru,th,dependent,1,1,1,1,0,0,0,0,0
internvl,rel::2/note_6.png,rel::2/note_6.png::ru::zh,ru,zh,dependent,1,0,1,0,-1,-1,0,0,0
internvl,rel::2/note_6.png,rel::2/note_6.png::th::en,th,en,dependent,1,1,1,1,0,0,0,0,0
internvl,rel::2/note_6.png,rel::2/note_6.png::th::ru,th,ru,dependent,1,1,1,1,0,0,0,0,0
internvl,rel::2/note_6.png,rel::2/note_6.png::th::zh,th,zh,dependent,1,0,1,0,-1,-1,0,0,0
internvl,rel::2/note_6.png,rel::2/note_6.png::zh::en,zh,en,dependent,0,0,0,1,0,1,0,1,1
internvl,rel::2/note_6.png,rel::2/note_6.png::zh::ru,zh,ru,dependent,0,1,0,1,1,1,0,0,0
internvl,rel::2/note_6.png,rel::2/note_6.png::zh::th,zh,th,dependent,0,1,0,1,1,1,0,0,0
internvl,rel::2/note_8.png,rel::2/note_8.png::en::ru,en,ru,dependent,0,1,0,1,1,1,0,0,0
internvl,rel::2/note_8.png,rel::2/note_8.png::en::th,en,th,dependent,0,0,0,0,0,0,0,0,0
internvl,rel::2/note_8.png,rel::2/note_8.png::en::zh,en,zh,dependent,0,1,1,1,1,0,1,0,-1
internvl,rel::2/note_8.png,rel::2/note_8.png::ru::en,ru,en,dependent,0,1,0,1,1,1,0,0,0
internvl,rel::2/note_8.png,rel::2/note_8.png::ru::th,ru,th,dependent,0,0,0,0,0,0,0,0,0
internvl,rel::2/note_8.png,rel::2/note_8.png::ru::zh,ru,zh,dependent,0,1,0,1,1,1,0,0,0
internvl,rel::2/note_8.png,rel::2/note_8.png::th::en,th,en,dependent,0,0,0,1,0,1,0,1,1
internvl,rel::2/note_8.png,rel::2/note_8.png::th::ru,th,ru,dependent,0,1,0,1,1,1,0,0,0
internvl,rel::2/note_8.png,rel::2/note_8.png::th::zh,th,zh,dependent,0,0,1,1,0,0,1,1,0
internvl,rel::2/note_8.png,rel::2/note_8.png::zh::en,zh,en,dependent,1,1,0,1,0,1,-1,0,1
internvl,rel::2/note_8.png,rel::2/note_8.png::zh::ru,zh,ru,dependent,0,1,0,1,1,1,0,0,0
internvl,rel::2/note_8.png,rel::2/note_8.png::zh::th,zh,th,dependent,0,0,0,0,0,0,0,0,0
internvl,rel::2/note_9.png,rel::2/note_9.png::en::ru,en,ru,dependent,0,0,0,0,0,0,0,0,0
internvl,rel::2/note_9.png,rel::2/note_9.png::en::th,en,th,dependent,0,0,0,0,0,0,0,0,0
internvl,rel::2/note_9.png,rel::2/note_9.png::en::zh,en,zh,dependent,0,0,0,0,0,0,0,0,0
internvl,rel::2/note_9.png,rel::2/note_9.png::ru::en,ru,en,dependent,0,0,0,0,0,0,0,0,0
internvl,rel::2/note_9.png,rel::2/note_9.png::ru::th,ru,th,dependent,0,0,0,0,0,0,0,0,0
internvl,rel::2/note_9.png,rel::2/note_9.png::ru::zh,ru,zh,dependent,0,0,0,0,0,0,0,0,0
internvl,rel::2/note_9.png,rel::2/note_9.png::th::en,th,en,dependent,0,0,0,0,0,0,0,0,0
internvl,rel::2/note_9.png,rel::2/note_9.png::th::ru,th,ru,dependent,0,0,0,0,0,0,0,0,0
internvl,rel::2/note_9.png,rel::2/note_9.png::th::zh,th,zh,dependent,1,0,0,0,-1,0,-1,0,1
internvl,rel::2/note_9.png,rel::2/note_9.png::zh::en,zh,en,dependent,0,0,0,0,0,0,0,0,0
internvl,rel::2/note_9.png,rel::2/note_9.png::zh::ru,zh,ru,dependent,0,0,0,0,0,0,0,0,0
internvl,rel::2/note_9.png,rel::2/note_9.png::zh::th,zh,th,dependent,0,0,0,0,0,0,0,0,0
internvl,rel::2/setting_1.png,rel::2/setting_1.png::en::ru,en,ru,dependent,0,1,1,1,1,0,1,0,-1
internvl,rel::2/setting_1.png,rel::2/setting_1.png::en::th,en,th,dependent,1,0,1,0,-1,-1,0,0,0
internvl,rel::2/setting_1.png,rel::2/setting_1.png::en::zh,en,zh,dependent,1,1,0,1,0,1,-1,0,1
internvl,rel::2/setting_1.png,rel::2/setting_1.png::ru::en,ru,en,dependent,1,1,1,1,0,0,0,0,0
internvl,rel::2/setting_1.png,rel::2/setting_1.png::ru::th,ru,th,dependent,0,0,0,0,0,0,0,0,0
internvl,rel::2/setting_1.png,rel::2/setting_1.png::ru::zh,ru,zh,dependent,0,1,0,1,1,1,0,0,0
internvl,rel::2/setting_1.png,rel::2/setting_1.png::th::en,th,en,dependent,0,0,1,1,0,0,1,1,0
internvl,rel::2/setting_1.png,rel::2/setting_1.png::th::ru,th,ru,dependent,0,0,0,1,0,1,0,1,1
internvl,rel::2/setting_1.png,rel::2/setting_1.png::th::zh,th,zh,dependent,0,0,0,1,0,1,0,1,1
internvl,rel::2/setting_1.png,rel::2/setting_1.png::zh::en,zh,en,dependent,1,0,1,1,-1,0,0,1,1
internvl,rel::2/setting_1.png,rel::2/setting_1.png::zh::ru,zh,ru,dependent,0,1,0,1,1,1,0,0,0
internvl,rel::2/setting_1.png,rel::2/setting_1.png::zh::th,zh,th,dependent,0,0,0,0,0,0,0,0,0
internvl,rel::2/setting_10.png,rel::2/setting_10.png::en::ru,en,ru,dependent,0,1,0,0,1,0,0,-1,-1
internvl,rel::2/setting_10.png,rel::2/setting_10.png::en::th,en,th,dependent,0,0,0,0,0,0,0,0,0
internvl,rel::2/setting_10.png,rel::2/setting_10.png::en::zh,en,zh,dependent,0,1,0,1,1,1,0,0,0
internvl,rel::2/setting_10.png,rel::2/setting_10.png::ru::en,ru,en,dependent,1,1,1,1,0,0,0,0,0
internvl,rel::2/setting_10.png,rel::2/setting_10.png::ru::th,ru,th,dependent,0,0,0,0,0,0,0,0,0
internvl,rel::2/setting_10.png,rel::2/setting_10.png::ru::zh,ru,zh,dependent,0,1,0,1,1,1,0,0,0
internvl,rel::2/setting_10.png,rel::2/setting_10.png::th::en,th,en,dependent,0,0,0,1,0,1,0,1,1
internvl,rel::2/setting_10.png,rel::2/setting_10.png::th::ru,th,ru,dependent,0,0,0,0,0,0,0,0,0
internvl,rel::2/setting_10.png,rel::2/setting_10.png::th::zh,th,zh,dependent,0,0,0,1,0,1,0,1,1
internvl,rel::2/setting_10.png,rel::2/setting_10.png::zh::en,zh,en,dependent,1,1,1,1,0,0,0,0,0
internvl,rel::2/setting_10.png,rel::2/setting_10.png::zh::ru,zh,ru,dependent,0,1,0,0,1,0,0,-1,-1
internvl,rel::2/setting_10.png,rel::2/setting_10.png::zh::th,zh,th,dependent,0,0,0,0,0,0,0,0,0
internvl,rel::2/setting_11.png,rel::2/setting_11.png::en::ru,en,ru,dependent,1,1,0,1,0,1,-1,0,1
internvl,rel::2/setting_11.png,rel::2/setting_11.png::en::th,en,th,dependent,0,1,1,0,1,-1,1,-1,-2
internvl,rel::2/setting_11.png,rel::2/setting_11.png::en::zh,en,zh,dependent,0,1,0,1,1,1,0,0,0
internvl,rel::2/setting_11.png,rel::2/setting_11.png::ru::en,ru,en,dependent,0,1,0,1,1,1,0,0,0
internvl,rel::2/setting_11.png,rel::2/setting_11.png::ru::th,ru,th,dependent,1,0,0,0,-1,0,-1,0,1
internvl,rel::2/setting_11.png,rel::2/setting_11.png::ru::zh,ru,zh,dependent,0,1,0,1,1,1,0,0,0
internvl,rel::2/setting_11.png,rel::2/setting_11.png::th::en,th,en,dependent,0,0,0,1,0,1,0,1,1
internvl,rel::2/setting_11.png,rel::2/setting_11.png::th::ru,th,ru,dependent,0,0,0,1,0,1,0,1,1
internvl,rel::2/setting_11.png,rel::2/setting_11.png::th::zh,th,zh,dependent,0,1,0,1,1,1,0,0,0
internvl,rel::2/setting_11.png,rel::2/setting_11.png::zh::en,zh,en,dependent,1,1,1,1,0,0,0,0,0
internvl,rel::2/setting_11.png,rel::2/setting_11.png::zh::ru,zh,ru,dependent,0,1,1,1,1,0,1,0,-1
internvl,rel::2/setting_11.png,rel::2/setting_11.png::zh::th,zh,th,dependent,1,0,1,0,-1,-1,0,0,0
internvl,rel::2/setting_2.png,rel::2/setting_2.png::en::ru,en,ru,dependent,0,0,0,0,0,0,0,0,0
internvl,rel::2/setting_2.png,rel::2/setting_2.png::en::th,en,th,dependent,0,0,0,0,0,0,0,0,0
internvl,rel::2/setting_2.png,rel::2/setting_2.png::en::zh,en,zh,dependent,0,1,0,0,1,0,0,-1,-1
internvl,rel::2/setting_2.png,rel::2/setting_2.png::ru::en,ru,en,dependent,0,1,0,1,1,1,0,0,0
internvl,rel::2/setting_2.png,rel::2/setting_2.png::ru::th,ru,th,dependent,0,0,0,0,0,0,0,0,0
internvl,rel::2/setting_2.png,rel::2/setting_2.png::ru::zh,ru,zh,dependent,0,0,1,0,0,-1,1,0,-1
internvl,rel::2/setting_2.png,rel::2/setting_2.png::th::en,th,en,dependent,0,1,0,1,1,1,0,0,0
internvl,rel::2/setting_2.png,rel::2/setting_2.png::th::ru,th,ru,dependent,0,1,0,0,1,0,0,-1,-1
internvl,rel::2/setting_2.png,rel::2/setting_2.png::th::zh,th,zh,dependent,1,1,1,0,0,-1,0,-1,-1
internvl,rel::2/setting_2.png,rel::2/setting_2.png::zh::en,zh,en,dependent,1,1,1,1,0,0,0,0,0
internvl,rel::2/setting_2.png,rel::2/setting_2.png::zh::ru,zh,ru,dependent,0,1,0,0,1,0,0,-1,-1
internvl,rel::2/setting_2.png,rel::2/setting_2.png::zh::th,zh,th,dependent,0,0,0,0,0,0,0,0,0
internvl,rel::2/setting_3.png,rel::2/setting_3.png::en::ru,en,ru,dependent,0,1,0,0,1,0,0,-1,-1
internvl,rel::2/setting_3.png,rel::2/setting_3.png::en::th,en,th,dependent,0,0,0,0,0,0,0,0,0
internvl,rel::2/setting_3.png,rel::2/setting_3.png::en::zh,en,zh,dependent,1,1,1,1,0,0,0,0,0
internvl,rel::2/setting_3.png,rel::2/setting_3.png::ru::en,ru,en,dependent,0,1,0,1,1,1,0,0,0
internvl,rel::2/setting_3.png,rel::2/setting_3.png::ru::th,ru,th,dependent,0,0,0,0,0,0,0,0,0
internvl,rel::2/setting_3.png,rel::2/setting_3.png::ru::zh,ru,zh,dependent,0,0,0,1,0,1,0,1,1
internvl,rel::2/setting_3.png,rel::2/setting_3.png::th::en,th,en,dependent,0,1,0,1,1,1,0,0,0
internvl,rel::2/setting_3.png,rel::2/setting_3.png::th::ru,th,ru,dependent,0,0,0,0,0,0,0,0,0
internvl,rel::2/setting_3.png,rel::2/setting_3.png::th::zh,th,zh,dependent,0,1,0,1,1,1,0,0,0
internvl,rel::2/setting_3.png,rel::2/setting_3.png::zh::en,zh,en,dependent,1,1,1,1,0,0,0,0,0
internvl,rel::2/setting_3.png,rel::2/setting_3.png::zh::ru,zh,ru,dependent,0,0,0,0,0,0,0,0,0
internvl,rel::2/setting_3.png,rel::2/setting_3.png::zh::th,zh,th,dependent,0,0,0,0,0,0,0,0,0
internvl,rel::2/setting_4.png,rel::2/setting_4.png::en::ru,en,ru,dependent,1,1,1,1,0,0,0,0,0
internvl,rel::2/setting_4.png,rel::2/setting_4.png::en::th,en,th,dependent,0,0,0,0,0,0,0,0,0
internvl,rel::2/setting_4.png,rel::2/setting_4.png::en::zh,en,zh,dependent,1,1,1,1,0,0,0,0,0
internvl,rel::2/setting_4.png,rel::2/setting_4.png::ru::en,ru,en,dependent,0,0,0,1,0,1,0,1,1
internvl,rel::2/setting_4.png,rel::2/setting_4.png::ru::th,ru,th,dependent,0,0,0,0,0,0,0,0,0
internvl,rel::2/setting_4.png,rel::2/setting_4.png::ru::zh,ru,zh,dependent,0,1,0,1,1,1,0,0,0
internvl,rel::2/setting_4.png,rel::2/setting_4.png::th::en,th,en,dependent,0,0,0,1,0,1,0,1,1
internvl,rel::2/setting_4.png,rel::2/setting_4.png::th::ru,th,ru,dependent,0,0,0,1,0,1,0,1,1
internvl,rel::2/setting_4.png,rel::2/setting_4.png::th::zh,th,zh,dependent,0,0,0,1,0,1,0,1,1
internvl,rel::2/setting_4.png,rel::2/setting_4.png::zh::en,zh,en,dependent,1,1,0,1,0,1,-1,0,1
internvl,rel::2/setting_4.png,rel::2/setting_4.png::zh::ru,zh,ru,dependent,0,1,1,1,1,0,1,0,-1
internvl,rel::2/setting_4.png,rel::2/setting_4.png::zh::th,zh,th,dependent,0,0,1,0,0,-1,1,0,-1
internvl,rel::2/setting_5.png,rel::2/setting_5.png::en::ru,en,ru,dependent,1,1,1,1,0,0,0,0,0
internvl,rel::2/setting_5.png,rel::2/setting_5.png::en::th,en,th,dependent,1,0,1,0,-1,-1,0,0,0
internvl,rel::2/setting_5.png,rel::2/setting_5.png::en::zh,en,zh,dependent,1,1,1,1,0,0,0,0,0
internvl,rel::2/setting_5.png,rel::2/setting_5.png::ru::en,ru,en,dependent,1,1,1,1,0,0,0,0,0
internvl,rel::2/setting_5.png,rel::2/setting_5.png::ru::th,ru,th,dependent,1,1,1,0,0,-1,0,-1,-1
internvl,rel::2/setting_5.png,rel::2/setting_5.png::ru::zh,ru,zh,dependent,1,1,1,1,0,0,0,0,0
internvl,rel::2/setting_5.png,rel::2/setting_5.png::th::en,th,en,dependent,1,1,1,1,0,0,0,0,0
internvl,rel::2/setting_5.png,rel::2/setting_5.png::th::ru,th,ru,dependent,0,1,1,1,1,0,1,0,-1
internvl,rel::2/setting_5.png,rel::2/setting_5.png::th::zh,th,zh,dependent,1,1,1,1,0,0,0,0,0
internvl,rel::2/setting_5.png,rel::2/setting_5.png::zh::en,zh,en,dependent,1,1,1,1,0,0,0,0,0
internvl,rel::2/setting_5.png,rel::2/setting_5.png::zh::ru,zh,ru,dependent,1,1,1,1,0,0,0,0,0
internvl,rel::2/setting_5.png,rel::2/setting_5.png::zh::th,zh,th,dependent,1,0,1,0,-1,-1,0,0,0
internvl,rel::2/setting_6.png,rel::2/setting_6.png::en::ru,en,ru,dependent,0,1,0,0,1,0,0,-1,-1
internvl,rel::2/setting_6.png,rel::2/setting_6.png::en::th,en,th,dependent,0,0,0,0,0,0,0,0,0
internvl,rel::2/setting_6.png,rel::2/setting_6.png::en::zh,en,zh,dependent,1,1,1,1,0,0,0,0,0
internvl,rel::2/setting_6.png,rel::2/setting_6.png::ru::en,ru,en,dependent,0,1,0,1,1,1,0,0,0
internvl,rel::2/setting_6.png,rel::2/setting_6.png::ru::th,ru,th,dependent,0,0,0,0,0,0,0,0,0
internvl,rel::2/setting_6.png,rel::2/setting_6.png::ru::zh,ru,zh,dependent,0,0,0,1,0,1,0,1,1
internvl,rel::2/setting_6.png,rel::2/setting_6.png::th::en,th,en,dependent,0,1,0,1,1,1,0,0,0
internvl,rel::2/setting_6.png,rel::2/setting_6.png::th::ru,th,ru,dependent,0,1,0,0,1,0,0,-1,-1
internvl,rel::2/setting_6.png,rel::2/setting_6.png::th::zh,th,zh,dependent,0,1,0,1,1,1,0,0,0
internvl,rel::2/setting_6.png,rel::2/setting_6.png::zh::en,zh,en,dependent,1,1,1,1,0,0,0,0,0
internvl,rel::2/setting_6.png,rel::2/setting_6.png::zh::ru,zh,ru,dependent,0,1,0,0,1,0,0,-1,-1
internvl,rel::2/setting_6.png,rel::2/setting_6.png::zh::th,zh,th,dependent,0,0,0,0,0,0,0,0,0
internvl,rel::2/setting_7.png,rel::2/setting_7.png::en::ru,en,ru,dependent,0,0,0,0,0,0,0,0,0
internvl,rel::2/setting_7.png,rel::2/setting_7.png::en::th,en,th,dependent,0,0,0,0,0,0,0,0,0
internvl,rel::2/setting_7.png,rel::2/setting_7.png::en::zh,en,zh,dependent,0,0,0,1,0,1,0,1,1
internvl,rel::2/setting_7.png,rel::2/setting_7.png::ru::en,ru,en,dependent,1,0,0,0,-1,0,-1,0,1
internvl,rel::2/setting_7.png,rel::2/setting_7.png::ru::th,ru,th,dependent,0,0,0,0,0,0,0,0,0
internvl,rel::2/setting_7.png,rel::2/setting_7.png::ru::zh,ru,zh,dependent,0,0,0,1,0,1,0,1,1
internvl,rel::2/setting_7.png,rel::2/setting_7.png::th::en,th,en,dependent,0,0,0,0,0,0,0,0,0
internvl,rel::2/setting_7.png,rel::2/setting_7.png::th::ru,th,ru,dependent,0,0,0,0,0,0,0,0,0
internvl,rel::2/setting_7.png,rel::2/setting_7.png::th::zh,th,zh,dependent,0,1,0,1,1,1,0,0,0
internvl,rel::2/setting_7.png,rel::2/setting_7.png::zh::en,zh,en,dependent,0,0,0,0,0,0,0,0,0
internvl,rel::2/setting_7.png,rel::2/setting_7.png::zh::ru,zh,ru,dependent,0,0,0,0,0,0,0,0,0
internvl,rel::2/setting_7.png,rel::2/setting_7.png::zh::th,zh,th,dependent,0,0,0,0,0,0,0,0,0
internvl,rel::2/setting_8.png,rel::2/setting_8.png::en::ru,en,ru,dependent,0,1,0,1,1,1,0,0,0
internvl,rel::2/setting_8.png,rel::2/setting_8.png::en::th,en,th,dependent,0,1,0,0,1,0,0,-1,-1
internvl,rel::2/setting_8.png,rel::2/setting_8.png::en::zh,en,zh,dependent,0,1,0,1,1,1,0,0,0
internvl,rel::2/setting_8.png,rel::2/setting_8.png::ru::en,ru,en,dependent,1,1,1,1,0,0,0,0,0
internvl,rel::2/setting_8.png,rel::2/setting_8.png::ru::th,ru,th,dependent,0,0,0,0,0,0,0,0,0
internvl,rel::2/setting_8.png,rel::2/setting_8.png::ru::zh,ru,zh,dependent,1,1,1,1,0,0,0,0,0
internvl,rel::2/setting_8.png,rel::2/setting_8.png::th::en,th,en,dependent,1,1,1,1,0,0,0,0,0
internvl,rel::2/setting_8.png,rel::2/setting_8.png::th::ru,th,ru,dependent,0,1,0,1,1,1,0,0,0
internvl,rel::2/setting_8.png,rel::2/setting_8.png::th::zh,th,zh,dependent,1,1,1,1,0,0,0,0,0
internvl,rel::2/setting_8.png,rel::2/setting_8.png::zh::en,zh,en,dependent,1,1,1,1,0,0,0,0,0
internvl,rel::2/setting_8.png,rel::2/setting_8.png::zh::ru,zh,ru,dependent,0,1,0,1,1,1,0,0,0
internvl,rel::2/setting_8.png,rel::2/setting_8.png::zh::th,zh,th,dependent,0,0,0,0,0,0,0,0,0
internvl,rel::2/setting_9.png,rel::2/setting_9.png::en::ru,en,ru,dependent,0,1,0,1,1,1,0,0,0
internvl,rel::2/setting_9.png,rel::2/setting_9.png::en::th,en,th,dependent,0,0,0,0,0,0,0,0,0
internvl,rel::2/setting_9.png,rel::2/setting_9.png::en::zh,en,zh,dependent,1,1,1,1,0,0,0,0,0
internvl,rel::2/setting_9.png,rel::2/setting_9.png::ru::en,ru,en,dependent,1,1,1,1,0,0,0,0,0
internvl,rel::2/setting_9.png,rel::2/setting_9.png::ru::th,ru,th,dependent,0,0,0,0,0,0,0,0,0
internvl,rel::2/setting_9.png,rel::2/setting_9.png::ru::zh,ru,zh,dependent,0,1,0,1,1,1,0,0,0
internvl,rel::2/setting_9.png,rel::2/setting_9.png::th::en,th,en,dependent,0,0,0,1,0,1,0,1,1
internvl,rel::2/setting_9.png,rel::2/setting_9.png::th::ru,th,ru,dependent,0,0,0,1,0,1,0,1,1
internvl,rel::2/setting_9.png,rel::2/setting_9.png::th::zh,th,zh,dependent,0,0,0,1,0,1,0,1,1
internvl,rel::2/setting_9.png,rel::2/setting_9.png::zh::en,zh,en,dependent,1,1,1,1,0,0,0,0,0
internvl,rel::2/setting_9.png,rel::2/setting_9.png::zh::ru,zh,ru,dependent,1,0,0,1,-1,1,-1,1,2
internvl,rel::2/setting_9.png,rel::2/setting_9.png::zh::th,zh,th,dependent,0,0,0,0,0,0,0,0,0
internvl,rel::2/weather_1.png,rel::2/weather_1.png::en::ru,en,ru,dependent,0,1,0,1,1,1,0,0,0
internvl,rel::2/weather_1.png,rel::2/weather_1.png::en::th,en,th,dependent,0,0,0,0,0,0,0,0,0
internvl,rel::2/weather_1.png,rel::2/weather_1.png::en::zh,en,zh,dependent,0,1,1,1,1,0,1,0,-1
internvl,rel::2/weather_1.png,rel::2/weather_1.png::ru::en,ru,en,dependent,1,1,1,1,0,0,0,0,0
internvl,rel::2/weather_1.png,rel::2/weather_1.png::ru::th,ru,th,dependent,0,0,0,0,0,0,0,0,0
internvl,rel::2/weather_1.png,rel::2/weather_1.png::ru::zh,ru,zh,dependent,1,1,1,1,0,0,0,0,0
internvl,rel::2/weather_1.png,rel::2/weather_1.png::th::en,th,en,dependent,0,0,0,1,0,1,0,1,1
internvl,rel::2/weather_1.png,rel::2/weather_1.png::th::ru,th,ru,dependent,0,0,0,1,0,1,0,1,1
internvl,rel::2/weather_1.png,rel::2/weather_1.png::th::zh,th,zh,dependent,0,0,0,1,0,1,0,1,1
internvl,rel::2/weather_1.png,rel::2/weather_1.png::zh::en,zh,en,dependent,1,1,1,1,0,0,0,0,0
internvl,rel::2/weather_1.png,rel::2/weather_1.png::zh::ru,zh,ru,dependent,1,1,1,1,0,0,0,0,0
internvl,rel::2/weather_1.png,rel::2/weather_1.png::zh::th,zh,th,dependent,0,0,0,0,0,0,0,0,0
internvl,rel::2/weather_10.png,rel::2/weather_10.png::en::ru,en,ru,dependent,1,1,1,0,0,-1,0,-1,-1
internvl,rel::2/weather_10.png,rel::2/weather_10.png::en::th,en,th,dependent,1,1,0,0,0,0,-1,-1,0
internvl,rel::2/weather_10.png,rel::2/weather_10.png::en::zh,en,zh,dependent,1,1,1,1,0,0,0,0,0
internvl,rel::2/weather_10.png,rel::2/weather_10.png::ru::en,ru,en,dependent,1,1,1,1,0,0,0,0,0
internvl,rel::2/weather_10.png,rel::2/weather_10.png::ru::th,ru,th,dependent,1,1,0,0,0,0,-1,-1,0
internvl,rel::2/weather_10.png,rel::2/weather_10.png::ru::zh,ru,zh,dependent,0,1,1,1,1,0,1,0,-1
internvl,rel::2/weather_10.png,rel::2/weather_10.png::th::en,th,en,dependent,0,1,1,1,1,0,1,0,-1
internvl,rel::2/weather_10.png,rel::2/weather_10.png::th::ru,th,ru,dependent,0,0,1,0,0,-1,1,0,-1
internvl,rel::2/weather_10.png,rel::2/weather_10.png::th::zh,th,zh,dependent,0,0,1,1,0,0,1,1,0
internvl,rel::2/weather_10.png,rel::2/weather_10.png::zh::en,zh,en,dependent,1,1,1,1,0,0,0,0,0
internvl,rel::2/weather_10.png,rel::2/weather_10.png::zh::ru,zh,ru,dependent,1,0,1,0,-1,-1,0,0,0
internvl,rel::2/weather_10.png,rel::2/weather_10.png::zh::th,zh,th,dependent,1,1,0,0,0,0,-1,-1,0
internvl,rel::2/weather_2.png,rel::2/weather_2.png::en::ru,en,ru,dependent,0,0,0,0,0,0,0,0,0
internvl,rel::2/weather_2.png,rel::2/weather_2.png::en::th,en,th,dependent,0,0,0,0,0,0,0,0,0
internvl,rel::2/weather_2.png,rel::2/weather_2.png::en::zh,en,zh,dependent,1,0,1,1,-1,0,0,1,1
internvl,rel::2/weather_2.png,rel::2/weather_2.png::ru::en,ru,en,dependent,0,1,0,1,1,1,0,0,0
internvl,rel::2/weather_2.png,rel::2/weather_2.png::ru::th,ru,th,dependent,0,0,0,0,0,0,0,0,0
internvl,rel::2/weather_2.png,rel::2/weather_2.png::ru::zh,ru,zh,dependent,0,1,0,1,1,1,0,0,0
internvl,rel::2/weather_2.png,rel::2/weather_2.png::th::en,th,en,dependent,0,0,0,1,0,1,0,1,1
internvl,rel::2/weather_2.png,rel::2/weather_2.png::th::ru,th,ru,dependent,0,0,0,0,0,0,0,0,0
internvl,rel::2/weather_2.png,rel::2/weather_2.png::th::zh,th,zh,dependent,0,0,0,1,0,1,0,1,1
internvl,rel::2/weather_2.png,rel::2/weather_2.png::zh::en,zh,en,dependent,1,1,1,1,0,0,0,0,0
internvl,rel::2/weather_2.png,rel::2/weather_2.png::zh::ru,zh,ru,dependent,0,0,0,0,0,0,0,0,0
internvl,rel::2/weather_2.png,rel::2/weather_2.png::zh::th,zh,th,dependent,0,0,0,0,0,0,0,0,0
internvl,rel::2/weather_3.png,rel::2/weather_3.png::en::ru,en,ru,dependent,1,1,1,1,0,0,0,0,0
internvl,rel::2/weather_3.png,rel::2/weather_3.png::en::th,en,th,dependent,1,1,0,0,0,0,-1,-1,0
internvl,rel::2/weather_3.png,rel::2/weather_3.png::en::zh,en,zh,dependent,0,0,1,0,0,-1,1,0,-1
internvl,rel::2/weather_3.png,rel::2/weather_3.png::ru::en,ru,en,dependent,1,1,0,1,0,1,-1,0,1
internvl,rel::2/weather_3.png,rel::2/weather_3.png::ru::th,ru,th,dependent,1,1,0,0,0,0,-1,-1,0
internvl,rel::2/weather_3.png,rel::2/weather_3.png::ru::zh,ru,zh,dependent,1,1,1,0,0,-1,0,-1,-1
internvl,rel::2/weather_3.png,rel::2/weather_3.png::th::en,th,en,dependent,0,1,1,1,1,0,1,0,-1
internvl,rel::2/weather_3.png,rel::2/weather_3.png::th::ru,th,ru,dependent,1,1,1,1,0,0,0,0,0
internvl,rel::2/weather_3.png,rel::2/weather_3.png::th::zh,th,zh,dependent,1,1,1,0,0,-1,0,-1,-1
internvl,rel::2/weather_3.png,rel::2/weather_3.png::zh::en,zh,en,dependent,1,1,1,1,0,0,0,0,0
internvl,rel::2/weather_3.png,rel::2/weather_3.png::zh::ru,zh,ru,dependent,0,1,1,1,1,0,1,0,-1
internvl,rel::2/weather_3.png,rel::2/weather_3.png::zh::th,zh,th,dependent,0,1,0,0,1,0,0,-1,-1
internvl,rel::2/weather_4.png,rel::2/weather_4.png::en::ru,en,ru,dependent,1,1,1,1,0,0,0,0,0
internvl,rel::2/weather_4.png,rel::2/weather_4.png::en::th,en,th,dependent,1,1,0,1,0,1,-1,0,1
internvl,rel::2/weather_4.png,rel::2/weather_4.png::en::zh,en,zh,dependent,1,1,1,1,0,0,0,0,0
internvl,rel::2/weather_4.png,rel::2/weather_4.png::ru::en,ru,en,dependent,1,1,1,1,0,0,0,0,0
internvl,rel::2/weather_4.png,rel::2/weather_4.png::ru::th,ru,th,dependent,1,1,1,1,0,0,0,0,0
internvl,rel::2/weather_4.png,rel::2/weather_4.png::ru::zh,ru,zh,dependent,1,1,1,1,0,0,0,0,0
internvl,rel::2/weather_4.png,rel::2/weather_4.png::th::en,th,en,dependent,1,1,1,1,0,0,0,0,0
internvl,rel::2/weather_4.png,rel::2/weather_4.png::th::ru,th,ru,dependent,1,1,1,1,0,0,0,0,0
internvl,rel::2/weather_4.png,rel::2/weather_4.png::th::zh,th,zh,dependent,1,1,1,1,0,0,0,0,0
internvl,rel::2/weather_4.png,rel::2/weather_4.png::zh::en,zh,en,dependent,1,1,1,1,0,0,0,0,0
internvl,rel::2/weather_4.png,rel::2/weather_4.png::zh::ru,zh,ru,dependent,1,1,1,1,0,0,0,0,0
internvl,rel::2/weather_4.png,rel::2/weather_4.png::zh::th,zh,th,dependent,1,1,1,1,0,0,0,0,0
internvl,rel::2/weather_5.png,rel::2/weather_5.png::en::ru,en,ru,independent,0,0,0,0,0,0,0,0,0
internvl,rel::2/weather_5.png,rel::2/weather_5.png::en::th,en,th,independent,0,0,0,0,0,0,0,0,0
internvl,rel::2/weather_5.png,rel::2/weather_5.png::en::zh,en,zh,independent,0,0,0,0,0,0,0,0,0
internvl,rel::2/weather_5.png,rel::2/weather_5.png::ru::en,ru,en,independent,0,0,0,0,0,0,0,0,0
internvl,rel::2/weather_5.png,rel::2/weather_5.png::ru::th,ru,th,independent,0,0,0,0,0,0,0,0,0
internvl,rel::2/weather_5.png,rel::2/weather_5.png::ru::zh,ru,zh,independent,0,0,0,0,0,0,0,0,0
internvl,rel::2/weather_5.png,rel::2/weather_5.png::th::en,th,en,independent,0,1,0,0,1,0,0,-1,-1
internvl,rel::2/weather_5.png,rel::2/weather_5.png::th::ru,th,ru,independent,0,0,0,0,0,0,0,0,0
internvl,rel::2/weather_5.png,rel::2/weather_5.png::th::zh,th,zh,independent,0,0,0,0,0,0,0,0,0
internvl,rel::2/weather_5.png,rel::2/weather_5.png::zh::en,zh,en,independent,0,0,0,0,0,0,0,0,0
internvl,rel::2/weather_5.png,rel::2/weather_5.png::zh::ru,zh,ru,independent,0,0,0,0,0,0,0,0,0
internvl,rel::2/weather_5.png,rel::2/weather_5.png::zh::th,zh,th,independent,0,0,0,0,0,0,0,0,0
internvl,rel::2/weather_6.png,rel::2/weather_6.png::en::ru,en,ru,dependent,0,0,0,0,0,0,0,0,0
internvl,rel::2/weather_6.png,rel::2/weather_6.png::en::th,en,th,dependent,0,0,0,0,0,0,0,0,0
internvl,rel::2/weather_6.png,rel::2/weather_6.png::en::zh,en,zh,dependent,1,1,1,1,0,0,0,0,0
internvl,rel::2/weather_6.png,rel::2/weather_6.png::ru::en,ru,en,dependent,1,1,1,1,0,0,0,0,0
internvl,rel::2/weather_6.png,rel::2/weather_6.png::ru::th,ru,th,dependent,0,0,0,0,0,0,0,0,0
internvl,rel::2/weather_6.png,rel::2/weather_6.png::ru::zh,ru,zh,dependent,1,1,1,1,0,0,0,0,0
internvl,rel::2/weather_6.png,rel::2/weather_6.png::th::en,th,en,dependent,0,0,1,1,0,0,1,1,0
internvl,rel::2/weather_6.png,rel::2/weather_6.png::th::ru,th,ru,dependent,0,0,0,0,0,0,0,0,0
internvl,rel::2/weather_6.png,rel::2/weather_6.png::th::zh,th,zh,dependent,0,0,1,1,0,0,1,1,0
internvl,rel::2/weather_6.png,rel::2/weather_6.png::zh::en,zh,en,dependent,1,1,1,1,0,0,0,0,0
internvl,rel::2/weather_6.png,rel::2/weather_6.png::zh::ru,zh,ru,dependent,0,1,0,0,1,0,0,-1,-1
internvl,rel::2/weather_6.png,rel::2/weather_6.png::zh::th,zh,th,dependent,0,0,0,0,0,0,0,0,0
internvl,rel::2/weather_7.png,rel::2/weather_7.png::en::ru,en,ru,dependent,1,1,1,1,0,0,0,0,0
internvl,rel::2/weather_7.png,rel::2/weather_7.png::en::th,en,th,dependent,1,1,1,1,0,0,0,0,0
internvl,rel::2/weather_7.png,rel::2/weather_7.png::en::zh,en,zh,dependent,0,1,0,1,1,1,0,0,0
internvl,rel::2/weather_7.png,rel::2/weather_7.png::ru::en,ru,en,dependent,1,1,1,1,0,0,0,0,0
internvl,rel::2/weather_7.png,rel::2/weather_7.png::ru::th,ru,th,dependent,0,1,1,1,1,0,1,0,-1
internvl,rel::2/weather_7.png,rel::2/weather_7.png::ru::zh,ru,zh,dependent,1,1,1,1,0,0,0,0,0
internvl,rel::2/weather_7.png,rel::2/weather_7.png::th::en,th,en,dependent,1,1,0,1,0,1,-1,0,1
internvl,rel::2/weather_7.png,rel::2/weather_7.png::th::ru,th,ru,dependent,1,1,1,1,0,0,0,0,0
internvl,rel::2/weather_7.png,rel::2/weather_7.png::th::zh,th,zh,dependent,1,1,0,1,0,1,-1,0,1
internvl,rel::2/weather_7.png,rel::2/weather_7.png::zh::en,zh,en,dependent,1,1,0,1,0,1,-1,0,1
internvl,rel::2/weather_7.png,rel::2/weather_7.png::zh::ru,zh,ru,dependent,1,1,1,1,0,0,0,0,0
internvl,rel::2/weather_7.png,rel::2/weather_7.png::zh::th,zh,th,dependent,1,1,1,1,0,0,0,0,0
internvl,rel::2/weather_8.png,rel::2/weather_8.png::en::ru,en,ru,dependent,0,0,1,0,0,-1,1,0,-1
internvl,rel::2/weather_8.png,rel::2/weather_8.png::en::th,en,th,dependent,0,0,1,0,0,-1,1,0,-1
internvl,rel::2/weather_8.png,rel::2/weather_8.png::en::zh,en,zh,dependent,1,0,1,0,-1,-1,0,0,0
internvl,rel::2/weather_8.png,rel::2/weather_8.png::ru::en,ru,en,dependent,0,1,0,1,1,1,0,0,0
internvl,rel::2/weather_8.png,rel::2/weather_8.png::ru::th,ru,th,dependent,1,0,1,0,-1,-1,0,0,0
internvl,rel::2/weather_8.png,rel::2/weather_8.png::ru::zh,ru,zh,dependent,1,1,0,0,0,0,-1,-1,0
internvl,rel::2/weather_8.png,rel::2/weather_8.png::th::en,th,en,dependent,0,1,0,1,1,1,0,0,0
internvl,rel::2/weather_8.png,rel::2/weather_8.png::th::ru,th,ru,dependent,1,1,1,0,0,-1,0,-1,-1
internvl,rel::2/weather_8.png,rel::2/weather_8.png::th::zh,th,zh,dependent,0,1,0,0,1,0,0,-1,-1
internvl,rel::2/weather_8.png,rel::2/weather_8.png::zh::en,zh,en,dependent,1,1,0,1,0,1,-1,0,1
internvl,rel::2/weather_8.png,rel::2/weather_8.png::zh::ru,zh,ru,dependent,1,1,1,0,0,-1,0,-1,-1
internvl,rel::2/weather_8.png,rel::2/weather_8.png::zh::th,zh,th,dependent,1,0,1,0,-1,-1,0,0,0
internvl,rel::2/weather_9.png,rel::2/weather_9.png::en::ru,en,ru,dependent,1,1,1,1,0,0,0,0,0
internvl,rel::2/weather_9.png,rel::2/weather_9.png::en::th,en,th,dependent,1,0,0,0,-1,0,-1,0,1
internvl,rel::2/weather_9.png,rel::2/weather_9.png::en::zh,en,zh,dependent,1,1,1,1,0,0,0,0,0
internvl,rel::2/weather_9.png,rel::2/weather_9.png::ru::en,ru,en,dependent,1,1,1,1,0,0,0,0,0
internvl,rel::2/weather_9.png,rel::2/weather_9.png::ru::th,ru,th,dependent,1,0,0,0,-1,0,-1,0,1
internvl,rel::2/weather_9.png,rel::2/weather_9.png::ru::zh,ru,zh,dependent,1,1,1,1,0,0,0,0,0
internvl,rel::2/weather_9.png,rel::2/weather_9.png::th::en,th,en,dependent,0,1,0,1,1,1,0,0,0
internvl,rel::2/weather_9.png,rel::2/weather_9.png::th::ru,th,ru,dependent,0,0,0,1,0,1,0,1,1
internvl,rel::2/weather_9.png,rel::2/weather_9.png::th::zh,th,zh,dependent,0,1,0,1,1,1,0,0,0
internvl,rel::2/weather_9.png,rel::2/weather_9.png::zh::en,zh,en,dependent,1,1,1,1,0,0,0,0,0
internvl,rel::2/weather_9.png,rel::2/weather_9.png::zh::ru,zh,ru,dependent,0,1,0,1,1,1,0,0,0
internvl,rel::2/weather_9.png,rel::2/weather_9.png::zh::th,zh,th,dependent,1,0,0,0,-1,0,-1,0,1
internvl,rel::3/backend_1.jpg,rel::3/backend_1.jpg::en::ru,en,ru,dependent,1,1,1,1,0,0,0,0,0
internvl,rel::3/backend_1.jpg,rel::3/backend_1.jpg::en::th,en,th,dependent,1,1,1,1,0,0,0,0,0
internvl,rel::3/backend_1.jpg,rel::3/backend_1.jpg::en::zh,en,zh,dependent,1,1,1,1,0,0,0,0,0
internvl,rel::3/backend_1.jpg,rel::3/backend_1.jpg::ru::en,ru,en,dependent,1,1,1,1,0,0,0,0,0
internvl,rel::3/backend_1.jpg,rel::3/backend_1.jpg::ru::th,ru,th,dependent,1,1,1,1,0,0,0,0,0
internvl,rel::3/backend_1.jpg,rel::3/backend_1.jpg::ru::zh,ru,zh,dependent,1,1,1,1,0,0,0,0,0
internvl,rel::3/backend_1.jpg,rel::3/backend_1.jpg::th::en,th,en,dependent,1,1,1,1,0,0,0,0,0
internvl,rel::3/backend_1.jpg,rel::3/backend_1.jpg::th::ru,th,ru,dependent,1,1,1,1,0,0,0,0,0
internvl,rel::3/backend_1.jpg,rel::3/backend_1.jpg::th::zh,th,zh,dependent,1,1,1,1,0,0,0,0,0
internvl,rel::3/backend_1.jpg,rel::3/backend_1.jpg::zh::en,zh,en,dependent,1,1,1,1,0,0,0,0,0
internvl,rel::3/backend_1.jpg,rel::3/backend_1.jpg::zh::ru,zh,ru,dependent,0,1,1,1,1,0,1,0,-1
internvl,rel::3/backend_1.jpg,rel::3/backend_1.jpg::zh::th,zh,th,dependent,0,1,1,1,1,0,1,0,-1
internvl,rel::3/backend_10.jpg,rel::3/backend_10.jpg::en::ru,en,ru,dependent,0,0,0,0,0,0,0,0,0
internvl,rel::3/backend_10.jpg,rel::3/backend_10.jpg::en::th,en,th,dependent,0,0,0,0,0,0,0,0,0
internvl,rel::3/backend_10.jpg,rel::3/backend_10.jpg::en::zh,en,zh,dependent,0,1,0,0,1,0,0,-1,-1
internvl,rel::3/backend_10.jpg,rel::3/backend_10.jpg::ru::en,ru,en,dependent,1,0,1,0,-1,-1,0,0,0
internvl,rel::3/backend_10.jpg,rel::3/backend_10.jpg::ru::th,ru,th,dependent,0,1,0,0,1,0,0,-1,-1
internvl,rel::3/backend_10.jpg,rel::3/backend_10.jpg::ru::zh,ru,zh,dependent,1,0,1,0,-1,-1,0,0,0
internvl,rel::3/backend_10.jpg,rel::3/backend_10.jpg::th::en,th,en,dependent,0,0,1,0,0,-1,1,0,-1
internvl,rel::3/backend_10.jpg,rel::3/backend_10.jpg::th::ru,th,ru,dependent,0,0,0,0,0,0,0,0,0
internvl,rel::3/backend_10.jpg,rel::3/backend_10.jpg::th::zh,th,zh,dependent,0,0,1,0,0,-1,1,0,-1
internvl,rel::3/backend_10.jpg,rel::3/backend_10.jpg::zh::en,zh,en,dependent,0,0,0,0,0,0,0,0,0
internvl,rel::3/backend_10.jpg,rel::3/backend_10.jpg::zh::ru,zh,ru,dependent,0,0,0,0,0,0,0,0,0
internvl,rel::3/backend_10.jpg,rel::3/backend_10.jpg::zh::th,zh,th,dependent,1,0,0,0,-1,0,-1,0,1
internvl,rel::3/backend_2.jpg,rel::3/backend_2.jpg::en::ru,en,ru,dependent,0,1,0,0,1,0,0,-1,-1
internvl,rel::3/backend_2.jpg,rel::3/backend_2.jpg::en::th,en,th,dependent,0,0,0,0,0,0,0,0,0
internvl,rel::3/backend_2.jpg,rel::3/backend_2.jpg::en::zh,en,zh,dependent,1,1,1,1,0,0,0,0,0
internvl,rel::3/backend_2.jpg,rel::3/backend_2.jpg::ru::en,ru,en,dependent,0,0,1,1,0,0,1,1,0
internvl,rel::3/backend_2.jpg,rel::3/backend_2.jpg::ru::th,ru,th,dependent,0,0,0,0,0,0,0,0,0
internvl,rel::3/backend_2.jpg,rel::3/backend_2.jpg::ru::zh,ru,zh,dependent,0,0,1,1,0,0,1,1,0
internvl,rel::3/backend_2.jpg,rel::3/backend_2.jpg::th::en,th,en,dependent,0,0,1,1,0,0,1,1,0
internvl,rel::3/backend_2.jpg,rel::3/backend_2.jpg::th::ru,th,ru,dependent,1,0,0,0,-1,0,-1,0,1
internvl,rel::3/backend_2.jpg,rel::3/backend_2.jpg::th::zh,th,zh,dependent,1,0,1,1,-1,0,0,1,1
internvl,rel::3/backend_2.jpg,rel::3/backend_2.jpg::zh::en,zh,en,dependent,1,1,1,1,0,0,0,0,0
internvl,rel::3/backend_2.jpg,rel::3/backend_2.jpg::zh::ru,zh,ru,dependent,0,1,0,0,1,0,0,-1,-1
internvl,rel::3/backend_2.jpg,rel::3/backend_2.jpg::zh::th,zh,th,dependent,0,0,0,0,0,0,0,0,0
internvl,rel::3/backend_3.jpg,rel::3/backend_3.jpg::en::zh,en,zh,independent,1,1,1,1,0,0,0,0,0
internvl,rel::3/backend_3.jpg,rel::3/backend_3.jpg::zh::en,zh,en,independent,1,1,1,1,0,0,0,0,0
internvl,rel::3/backend_4.jpg,rel::3/backend_4.jpg::en::ru,en,ru,independent,1,1,1,1,0,0,0,0,0
internvl,rel::3/backend_4.jpg,rel::3/backend_4.jpg::en::th,en,th,independent,1,1,0,0,0,0,-1,-1,0
internvl,rel::3/backend_4.jpg,rel::3/backend_4.jpg::en::zh,en,zh,independent,1,1,1,1,0,0,0,0,0
internvl,rel::3/backend_4.jpg,rel::3/backend_4.jpg::ru::en,ru,en,independent,1,1,1,1,0,0,0,0,0
internvl,rel::3/backend_4.jpg,rel::3/backend_4.jpg::ru::th,ru,th,independent,1,1,1,0,0,-1,0,-1,-1
internvl,rel::3/backend_4.jpg,rel::3/backend_4.jpg::ru::zh,ru,zh,independent,1,1,1,1,0,0,0,0,0
internvl,rel::3/backend_4.jpg,rel::3/backend_4.jpg::th::en,th,en,independent,1,1,1,1,0,0,0,0,0
internvl,rel::3/backend_4.jpg,rel::3/backend_4.jpg::th::ru,th,ru,independent,0,1,1,1,1,0,1,0,-1
internvl,rel::3/backend_4.jpg,rel::3/backend_4.jpg::th::zh,th,zh,independent,1,1,1,1,0,0,0,0,0
internvl,rel::3/backend_4.jpg,rel::3/backend_4.jpg::zh::en,zh,en,independent,1,1,1,1,0,0,0,0,0
internvl,rel::3/backend_4.jpg,rel::3/backend_4.jpg::zh::ru,zh,ru,independent,1,1,1,1,0,0,0,0,0
internvl,rel::3/backend_4.jpg,rel::3/backend_4.jpg::zh::th,zh,th,independent,1,1,0,0,0,0,-1,-1,0
internvl,rel::3/backend_5.jpg,rel::3/backend_5.jpg::en::ru,en,ru,independent,1,1,1,1,0,0,0,0,0
internvl,rel::3/backend_5.jpg,rel::3/backend_5.jpg::en::th,en,th,independent,1,1,0,1,0,1,-1,0,1
internvl,rel::3/backend_5.jpg,rel::3/backend_5.jpg::en::zh,en,zh,independent,1,1,1,1,0,0,0,0,0
internvl,rel::3/backend_5.jpg,rel::3/backend_5.jpg::ru::en,ru,en,independent,1,1,1,1,0,0,0,0,0
internvl,rel::3/backend_5.jpg,rel::3/backend_5.jpg::ru::th,ru,th,independent,1,1,0,1,0,1,-1,0,1
internvl,rel::3/backend_5.jpg,rel::3/backend_5.jpg::ru::zh,ru,zh,independent,1,1,1,1,0,0,0,0,0
internvl,rel::3/backend_5.jpg,rel::3/backend_5.jpg::th::en,th,en,independent,0,1,1,1,1,0,1,0,-1
internvl,rel::3/backend_5.jpg,rel::3/backend_5.jpg::th::ru,th,ru,independent,0,1,0,1,1,1,0,0,0
internvl,rel::3/backend_5.jpg,rel::3/backend_5.jpg::th::zh,th,zh,independent,0,1,1,1,1,0,1,0,-1
internvl,rel::3/backend_5.jpg,rel::3/backend_5.jpg::zh::en,zh,en,independent,1,1,1,1,0,0,0,0,0
internvl,rel::3/backend_5.jpg,rel::3/backend_5.jpg::zh::ru,zh,ru,independent,1,1,1,1,0,0,0,0,0
internvl,rel::3/backend_5.jpg,rel::3/backend_5.jpg::zh::th,zh,th,independent,1,1,0,1,0,1,-1,0,1
internvl,rel::3/backend_6.jpg,rel::3/backend_6.jpg::en::ru,en,ru,independent,1,1,0,1,0,1,-1,0,1
internvl,rel::3/backend_6.jpg,rel::3/backend_6.jpg::en::th,en,th,independent,0,0,1,0,0,-1,1,0,-1
internvl,rel::3/backend_6.jpg,rel::3/backend_6.jpg::en::zh,en,zh,independent,0,0,0,0,0,0,0,0,0
internvl,rel::3/backend_6.jpg,rel::3/backend_6.jpg::ru::en,ru,en,independent,1,1,1,1,0,0,0,0,0
internvl,rel::3/backend_6.jpg,rel::3/backend_6.jpg::ru::th,ru,th,independent,1,0,0,0,-1,0,-1,0,1
internvl,rel::3/backend_6.jpg,rel::3/backend_6.jpg::ru::zh,ru,zh,independent,0,0,0,0,0,0,0,0,0
internvl,rel::3/backend_6.jpg,rel::3/backend_6.jpg::th::en,th,en,independent,0,0,1,1,0,0,1,1,0
internvl,rel::3/backend_6.jpg,rel::3/backend_6.jpg::th::ru,th,ru,independent,0,0,1,1,0,0,1,1,0
internvl,rel::3/backend_6.jpg,rel::3/backend_6.jpg::th::zh,th,zh,independent,0,0,0,0,0,0,0,0,0
internvl,rel::3/backend_6.jpg,rel::3/backend_6.jpg::zh::en,zh,en,independent,0,1,1,1,1,0,1,0,-1
internvl,rel::3/backend_6.jpg,rel::3/backend_6.jpg::zh::ru,zh,ru,independent,0,1,0,1,1,1,0,0,0
internvl,rel::3/backend_6.jpg,rel::3/backend_6.jpg::zh::th,zh,th,independent,0,0,0,0,0,0,0,0,0
internvl,rel::3/backend_7.jpg,rel::3/backend_7.jpg::en::ru,en,ru,dependent,0,0,0,0,0,0,0,0,0
internvl,rel::3/backend_7.jpg,rel::3/backend_7.jpg::en::th,en,th,dependent,0,0,0,0,0,0,0,0,0
internvl,rel::3/backend_7.jpg,rel::3/backend_7.jpg::en::zh,en,zh,dependent,0,0,0,0,0,0,0,0,0
internvl,rel::3/backend_7.jpg,rel::3/backend_7.jpg::ru::en,ru,en,dependent,0,0,0,0,0,0,0,0,0
internvl,rel::3/backend_7.jpg,rel::3/backend_7.jpg::ru::th,ru,th,dependent,0,0,0,0,0,0,0,0,0
internvl,rel::3/backend_7.jpg,rel::3/backend_7.jpg::ru::zh,ru,zh,dependent,0,1,0,0,1,0,0,-1,-1
internvl,rel::3/backend_7.jpg,rel::3/backend_7.jpg::th::en,th,en,dependent,0,0,0,0,0,0,0,0,0
internvl,rel::3/backend_7.jpg,rel::3/backend_7.jpg::th::ru,th,ru,dependent,0,0,0,0,0,0,0,0,0
internvl,rel::3/backend_7.jpg,rel::3/backend_7.jpg::th::zh,th,zh,dependent,0,0,0,0,0,0,0,0,0
internvl,rel::3/backend_7.jpg,rel::3/backend_7.jpg::zh::en,zh,en,dependent,0,0,0,0,0,0,0,0,0
internvl,rel::3/backend_7.jpg,rel::3/backend_7.jpg::zh::ru,zh,ru,dependent,0,0,0,0,0,0,0,0,0
internvl,rel::3/backend_7.jpg,rel::3/backend_7.jpg::zh::th,zh,th,dependent,0,0,0,0,0,0,0,0,0
internvl,rel::3/backend_8.jpg,rel::3/backend_8.jpg::en::ru,en,ru,dependent,1,1,1,1,0,0,0,0,0
internvl,rel::3/backend_8.jpg,rel::3/backend_8.jpg::en::th,en,th,dependent,1,1,1,0,0,-1,0,-1,-1
internvl,rel::3/backend_8.jpg,rel::3/backend_8.jpg::en::zh,en,zh,dependent,1,1,1,1,0,0,0,0,0
internvl,rel::3/backend_8.jpg,rel::3/backend_8.jpg::ru::en,ru,en,dependent,1,1,1,1,0,0,0,0,0
internvl,rel::3/backend_8.jpg,rel::3/backend_8.jpg::ru::th,ru,th,dependent,1,1,1,0,0,-1,0,-1,-1
internvl,rel::3/backend_8.jpg,rel::3/backend_8.jpg::ru::zh,ru,zh,dependent,1,1,1,1,0,0,0,0,0
internvl,rel::3/backend_8.jpg,rel::3/backend_8.jpg::th::en,th,en,dependent,0,0,1,1,0,0,1,1,0
internvl,rel::3/backend_8.jpg,rel::3/backend_8.jpg::th::ru,th,ru,dependent,0,1,0,1,1,1,0,0,0
internvl,rel::3/backend_8.jpg,rel::3/backend_8.jpg::th::zh,th,zh,dependent,0,1,0,1,1,1,0,0,0
internvl,rel::3/backend_8.jpg,rel::3/backend_8.jpg::zh::en,zh,en,dependent,1,1,1,1,0,0,0,0,0
internvl,rel::3/backend_8.jpg,rel::3/backend_8.jpg::zh::ru,zh,ru,dependent,1,1,1,1,0,0,0,0,0
internvl,rel::3/backend_8.jpg,rel::3/backend_8.jpg::zh::th,zh,th,dependent,1,1,1,0,0,-1,0,-1,-1
internvl,rel::3/backend_9.jpg,rel::3/backend_9.jpg::en::ru,en,ru,dependent,1,1,1,1,0,0,0,0,0
internvl,rel::3/backend_9.jpg,rel::3/backend_9.jpg::en::th,en,th,dependent,1,1,1,1,0,0,0,0,0
internvl,rel::3/backend_9.jpg,rel::3/backend_9.jpg::en::zh,en,zh,dependent,1,1,1,1,0,0,0,0,0
internvl,rel::3/backend_9.jpg,rel::3/backend_9.jpg::ru::en,ru,en,dependent,1,1,1,1,0,0,0,0,0
internvl,rel::3/backend_9.jpg,rel::3/backend_9.jpg::ru::th,ru,th,dependent,1,1,1,1,0,0,0,0,0
internvl,rel::3/backend_9.jpg,rel::3/backend_9.jpg::ru::zh,ru,zh,dependent,1,1,1,1,0,0,0,0,0
internvl,rel::3/backend_9.jpg,rel::3/backend_9.jpg::th::en,th,en,dependent,1,1,1,1,0,0,0,0,0
internvl,rel::3/backend_9.jpg,rel::3/backend_9.jpg::th::ru,th,ru,dependent,1,0,1,1,-1,0,0,1,1
internvl,rel::3/backend_9.jpg,rel::3/backend_9.jpg::th::zh,th,zh,dependent,1,1,1,1,0,0,0,0,0
internvl,rel::3/backend_9.jpg,rel::3/backend_9.jpg::zh::en,zh,en,dependent,1,1,1,1,0,0,0,0,0
internvl,rel::3/backend_9.jpg,rel::3/backend_9.jpg::zh::ru,zh,ru,dependent,1,1,1,1,0,0,0,0,0
internvl,rel::3/backend_9.jpg,rel::3/backend_9.jpg::zh::th,zh,th,dependent,1,1,1,1,0,0,0,0,0
internvl,rel::3/calendar_1.jpg,rel::3/calendar_1.jpg::en::ru,en,ru,dependent,0,1,0,1,1,1,0,0,0
internvl,rel::3/calendar_1.jpg,rel::3/calendar_1.jpg::en::th,en,th,dependent,0,0,0,0,0,0,0,0,0
internvl,rel::3/calendar_1.jpg,rel::3/calendar_1.jpg::en::zh,en,zh,dependent,0,1,0,1,1,1,0,0,0
internvl,rel::3/calendar_1.jpg,rel::3/calendar_1.jpg::ru::en,ru,en,dependent,1,1,0,1,0,1,-1,0,1
internvl,rel::3/calendar_1.jpg,rel::3/calendar_1.jpg::ru::th,ru,th,dependent,0,0,0,0,0,0,0,0,0
internvl,rel::3/calendar_1.jpg,rel::3/calendar_1.jpg::ru::zh,ru,zh,dependent,1,1,1,1,0,0,0,0,0
internvl,rel::3/calendar_1.jpg,rel::3/calendar_1.jpg::th::en,th,en,dependent,0,0,0,1,0,1,0,1,1
internvl,rel::3/calendar_1.jpg,rel::3/calendar_1.jpg::th::ru,th,ru,dependent,0,0,0,1,0,1,0,1,1
internvl,rel::3/calendar_1.jpg,rel::3/calendar_1.jpg::th::zh,th,zh,dependent,0,1,0,1,1,1,0,0,0
internvl,rel::3/calendar_1.jpg,rel::3/calendar_1.jpg::zh::en,zh,en,dependent,1,1,1,1,0,0,0,0,0
internvl,rel::3/calendar_1.jpg,rel::3/calendar_1.jpg::zh::ru,zh,ru,dependent,0,1,0,1,1,1,0,0,0
internvl,rel::3/calendar_1.jpg,rel::3/calendar_1.jpg::zh::th,zh,th,dependent,0,0,0,0,0,0,0,0,0
internvl,rel::3/calendar_2.jpg,rel::3/calendar_2.jpg::en::ru,en,ru,dependent,1,1,1,1,0,0,0,0,0
internvl,rel::3/calendar_2.jpg,rel::3/calendar_2.jpg::en::th,en,th,dependent,1,1,0,0,0,0,-1,-1,0
internvl,rel::3/calendar_2.jpg,rel::3/calendar_2.jpg::en::zh,en,zh,dependent,1,1,1,1,0,0,0,0,0
internvl,rel::3/calendar_2.jpg,rel::3/calendar_2.jpg::ru::en,ru,en,dependent,1,1,1,1,0,0,0,0,0
internvl,rel::3/calendar_2.jpg,rel::3/calendar_2.jpg::ru::th,ru,th,dependent,1,1,0,0,0,0,-1,-1,0
internvl,rel::3/calendar_2.jpg,rel::3/calendar_2.jpg::ru::zh,ru,zh,dependent,1,1,1,1,0,0,0,0,0
internvl,rel::3/calendar_2.jpg,rel::3/calendar_2.jpg::th::en,th,en,dependent,0,0,1,1,0,0,1,1,0
internvl,rel::3/calendar_2.jpg,rel::3/calendar_2.jpg::th::ru,th,ru,dependent,0,0,1,1,0,0,1,1,0
internvl,rel::3/calendar_2.jpg,rel::3/calendar_2.jpg::th::zh,th,zh,dependent,0,0,1,1,0,0,1,1,0
internvl,rel::3/calendar_2.jpg,rel::3/calendar_2.jpg::zh::en,zh,en,dependent,1,1,1,1,0,0,0,0,0
internvl,rel::3/calendar_2.jpg,rel::3/calendar_2.jpg::zh::ru,zh,ru,dependent,0,1,1,1,1,0,1,0,-1
internvl,rel::3/calendar_2.jpg,rel::3/calendar_2.jpg::zh::th,zh,th,dependent,0,1,0,0,1,0,0,-1,-1
internvl,rel::3/calendar_3.jpg,rel::3/calendar_3.jpg::en::ru,en,ru,independent,0,0,1,1,0,0,1,1,0
internvl,rel::3/calendar_3.jpg,rel::3/calendar_3.jpg::en::th,en,th,independent,0,0,0,0,0,0,0,0,0
internvl,rel::3/calendar_3.jpg,rel::3/calendar_3.jpg::en::zh,en,zh,independent,0,0,0,0,0,0,0,0,0
internvl,rel::3/calendar_3.jpg,rel::3/calendar_3.jpg::ru::en,ru,en,independent,1,1,0,0,0,0,-1,-1,0
internvl,rel::3/calendar_3.jpg,rel::3/calendar_3.jpg::ru::th,ru,th,independent,1,1,0,0,0,0,-1,-1,0
internvl,rel::3/calendar_3.jpg,rel::3/calendar_3.jpg::ru::zh,ru,zh,independent,1,1,0,0,0,0,-1,-1,0
internvl,rel::3/calendar_3.jpg,rel::3/calendar_3.jpg::th::en,th,en,independent,0,0,0,0,0,0,0,0,0
internvl,rel::3/calendar_3.jpg,rel::3/calendar_3.jpg::th::ru,th,ru,independent,0,0,1,1,0,0,1,1,0
internvl,rel::3/calendar_3.jpg,rel::3/calendar_3.jpg::th::zh,th,zh,independent,0,0,0,0,0,0,0,0,0
internvl,rel::3/calendar_3.jpg,rel::3/calendar_3.jpg::zh::en,zh,en,independent,0,0,0,0,0,0,0,0,0
internvl,rel::3/calendar_3.jpg,rel::3/calendar_3.jpg::zh::ru,zh,ru,independent,0,0,1,1,0,0,1,1,0
internvl,rel::3/calendar_3.jpg,rel::3/calendar_3.jpg::zh::th,zh,th,independent,0,0,0,0,0,0,0,0,0
internvl,rel::3/calendar_4.jpg,rel::3/calendar_4.jpg::en::ru,en,ru,dependent,1,1,1,1,0,0,0,0,0
internvl,rel::3/calendar_4.jpg,rel::3/calendar_4.jpg::en::th,en,th,dependent,1,1,1,1,0,0,0,0,0
internvl,rel::3/calendar_4.jpg,rel::3/calendar_4.jpg::en::zh,en,zh,dependent,1,1,1,1,0,0,0,0,0
internvl,rel::3/calendar_4.jpg,rel::3/calendar_4.jpg::ru::en,ru,en,dependent,1,1,1,1,0,0,0,0,0
internvl,rel::3/calendar_4.jpg,rel::3/calendar_4.jpg::ru::th,ru,th,dependent,1,1,1,1,0,0,0,0,0
internvl,rel::3/calendar_4.jpg,rel::3/calendar_4.jpg::ru::zh,ru,zh,dependent,1,1,1,1,0,0,0,0,0
internvl,rel::3/calendar_4.jpg,rel::3/calendar_4.jpg::th::en,th,en,dependent,1,1,1,1,0,0,0,0,0
internvl,rel::3/calendar_4.jpg,rel::3/calendar_4.jpg::th::ru,th,ru,dependent,1,1,1,1,0,0,0,0,0
internvl,rel::3/calendar_4.jpg,rel::3/calendar_4.jpg::th::zh,th,zh,dependent,1,1,1,1,0,0,0,0,0
internvl,rel::3/calendar_4.jpg,rel::3/calendar_4.jpg::zh::en,zh,en,dependent,1,1,1,1,0,0,0,0,0
internvl,rel::3/calendar_4.jpg,rel::3/calendar_4.jpg::zh::ru,zh,ru,dependent,1,1,1,1,0,0,0,0,0
internvl,rel::3/calendar_4.jpg,rel::3/calendar_4.jpg::zh::th,zh,th,dependent,1,1,1,1,0,0,0,0,0
internvl,rel::3/calendar_5.jpg,rel::3/calendar_5.jpg::en::ru,en,ru,dependent,1,0,0,0,-1,0,-1,0,1
internvl,rel::3/calendar_5.jpg,rel::3/calendar_5.jpg::en::th,en,th,dependent,1,1,0,0,0,0,-1,-1,0
internvl,rel::3/calendar_5.jpg,rel::3/calendar_5.jpg::en::zh,en,zh,dependent,1,1,0,0,0,0,-1,-1,0
internvl,rel::3/calendar_5.jpg,rel::3/calendar_5.jpg::ru::en,ru,en,dependent,1,0,1,0,-1,-1,0,0,0
internvl,rel::3/calendar_5.jpg,rel::3/calendar_5.jpg::ru::th,ru,th,dependent,1,1,0,0,0,0,-1,-1,0
internvl,rel::3/calendar_5.jpg,rel::3/calendar_5.jpg::ru::zh,ru,zh,dependent,0,0,0,0,0,0,0,0,0
internvl,rel::3/calendar_5.jpg,rel::3/calendar_5.jpg::th::en,th,en,dependent,0,0,1,0,0,-1,1,0,-1
internvl,rel::3/calendar_5.jpg,rel::3/calendar_5.jpg::th::ru,th,ru,dependent,0,0,0,0,0,0,0,0,0
internvl,rel::3/calendar_5.jpg,rel::3/calendar_5.jpg::th::zh,th,zh,dependent,0,0,0,0,0,0,0,0,0
internvl,rel::3/calendar_5.jpg,rel::3/calendar_5.jpg::zh::en,zh,en,dependent,0,0,1,0,0,-1,1,0,-1
internvl,rel::3/calendar_5.jpg,rel::3/calendar_5.jpg::zh::ru,zh,ru,dependent,0,0,1,0,0,-1,1,0,-1
internvl,rel::3/calendar_5.jpg,rel::3/calendar_5.jpg::zh::th,zh,th,dependent,1,0,0,0,-1,0,-1,0,1
internvl,rel::3/clock_1.jpg,rel::3/clock_1.jpg::en::ru,en,ru,independent,1,1,1,1,0,0,0,0,0
internvl,rel::3/clock_1.jpg,rel::3/clock_1.jpg::en::th,en,th,independent,1,1,0,0,0,0,-1,-1,0
internvl,rel::3/clock_1.jpg,rel::3/clock_1.jpg::en::zh,en,zh,independent,1,1,1,1,0,0,0,0,0
internvl,rel::3/clock_1.jpg,rel::3/clock_1.jpg::ru::en,ru,en,independent,1,1,1,1,0,0,0,0,0
internvl,rel::3/clock_1.jpg,rel::3/clock_1.jpg::ru::th,ru,th,independent,1,1,0,0,0,0,-1,-1,0
internvl,rel::3/clock_1.jpg,rel::3/clock_1.jpg::ru::zh,ru,zh,independent,1,1,1,1,0,0,0,0,0
internvl,rel::3/clock_1.jpg,rel::3/clock_1.jpg::th::en,th,en,independent,0,0,1,1,0,0,1,1,0
internvl,rel::3/clock_1.jpg,rel::3/clock_1.jpg::th::ru,th,ru,independent,1,1,1,1,0,0,0,0,0
internvl,rel::3/clock_1.jpg,rel::3/clock_1.jpg::th::zh,th,zh,independent,1,1,1,1,0,0,0,0,0
internvl,rel::3/clock_1.jpg,rel::3/clock_1.jpg::zh::en,zh,en,independent,1,1,1,1,0,0,0,0,0
internvl,rel::3/clock_1.jpg,rel::3/clock_1.jpg::zh::ru,zh,ru,independent,1,1,1,1,0,0,0,0,0
internvl,rel::3/clock_1.jpg,rel::3/clock_1.jpg::zh::th,zh,th,independent,1,1,0,0,0,0,-1,-1,0
internvl,rel::3/clock_10.jpg,rel::3/clock_10.jpg::en::ru,en,ru,dependent,1,1,1,1,0,0,0,0,0
internvl,rel::3/clock_10.jpg,rel::3/clock_10.jpg::en::th,en,th,dependent,1,1,1,1,0,0,0,0,0
internvl,rel::3/clock_10.jpg,rel::3/clock_10.jpg::en::zh,en,zh,dependent,1,1,1,1,0,0,0,0,0
internvl,rel::3/clock_10.jpg,rel::3/clock_10.jpg::ru::en,ru,en,dependent,1,1,1,1,0,0,0,0,0
internvl,rel::3/clock_10.jpg,rel::3/clock_10.jpg::ru::th,ru,th,dependent,1,1,1,1,0,0,0,0,0
internvl,rel::3/clock_10.jpg,rel::3/clock_10.jpg::ru::zh,ru,zh,dependent,0,1,1,1,1,0,1,0,-1
internvl,rel::3/clock_10.jpg,rel::3/clock_10.jpg::th::en,th,en,dependent,1,1,1,1,0,0,0,0,0
internvl,rel::3/clock_10.jpg,rel::3/clock_10.jpg::th::ru,th,ru,dependent,1,1,1,1,0,0,0,0,0
internvl,rel::3/clock_10.jpg,rel::3/clock_10.jpg::th::zh,th,zh,dependent,1,1,1,1,0,0,0,0,0
internvl,rel::3/clock_10.jpg,rel::3/clock_10.jpg::zh::en,zh,en,dependent,1,1,1,1,0,0,0,0,0
internvl,rel::3/clock_10.jpg,rel::3/clock_10.jpg::zh::ru,zh,ru,dependent,1,1,1,1,0,0,0,0,0
internvl,rel::3/clock_10.jpg,rel::3/clock_10.jpg::zh::th,zh,th,dependent,0,1,1,1,1,0,1,0,-1
internvl,rel::3/clock_2.jpg,rel::3/clock_2.jpg::en::ru,en,ru,dependent,0,0,0,0,0,0,0,0,0
internvl,rel::3/clock_2.jpg,rel::3/clock_2.jpg::en::th,en,th,dependent,0,0,0,0,0,0,0,0,0
internvl,rel::3/clock_2.jpg,rel::3/clock_2.jpg::en::zh,en,zh,dependent,0,0,0,0,0,0,0,0,0
internvl,rel::3/clock_2.jpg,rel::3/clock_2.jpg::ru::en,ru,en,dependent,0,0,0,0,0,0,0,0,0
internvl,rel::3/clock_2.jpg,rel::3/clock_2.jpg::ru::th,ru,th,dependent,0,0,0,0,0,0,0,0,0
internvl,rel::3/clock_2.jpg,rel::3/clock_2.jpg::ru::zh,ru,zh,dependent,0,0,0,0,0,0,0,0,0
internvl,rel::3/clock_2.jpg,rel::3/clock_2.jpg::th::en,th,en,dependent,0,0,0,0,0,0,0,0,0
internvl,rel::3/clock_2.jpg,rel::3/clock_2.jpg::th::ru,th,ru,dependent,0,0,0,0,0,0,0,0,0
internvl,rel::3/clock_2.jpg,rel::3/clock_2.jpg::th::zh,th,zh,dependent,0,0,0,0,0,0,0,0,0
internvl,rel::3/clock_2.jpg,rel::3/clock_2.jpg::zh::en,zh,en,dependent,0,0,0,0,0,0,0,0,0
internvl,rel::3/clock_2.jpg,rel::3/clock_2.jpg::zh::ru,zh,ru,dependent,0,0,0,0,0,0,0,0,0
internvl,rel::3/clock_2.jpg,rel::3/clock_2.jpg::zh::th,zh,th,dependent,0,0,0,0,0,0,0,0,0
internvl,rel::3/clock_3.jpg,rel::3/clock_3.jpg::en::ru,en,ru,dependent,0,1,0,1,1,1,0,0,0
internvl,rel::3/clock_3.jpg,rel::3/clock_3.jpg::en::th,en,th,dependent,0,0,0,0,0,0,0,0,0
internvl,rel::3/clock_3.jpg,rel::3/clock_3.jpg::en::zh,en,zh,dependent,1,1,1,1,0,0,0,0,0
internvl,rel::3/clock_3.jpg,rel::3/clock_3.jpg::ru::en,ru,en,dependent,1,1,1,1,0,0,0,0,0
internvl,rel::3/clock_3.jpg,rel::3/clock_3.jpg::ru::th,ru,th,dependent,0,0,0,0,0,0,0,0,0
internvl,rel::3/clock_3.jpg,rel::3/clock_3.jpg::ru::zh,ru,zh,dependent,1,1,1,1,0,0,0,0,0
internvl,rel::3/clock_3.jpg,rel::3/clock_3.jpg::th::en,th,en,dependent,0,0,0,1,0,1,0,1,1
internvl,rel::3/clock_3.jpg,rel::3/clock_3.jpg::th::ru,th,ru,dependent,0,0,0,1,0,1,0,1,1
internvl,rel::3/clock_3.jpg,rel::3/clock_3.jpg::th::zh,th,zh,dependent,0,0,1,1,0,0,1,1,0
internvl,rel::3/clock_3.jpg,rel::3/clock_3.jpg::zh::en,zh,en,dependent,1,1,1,1,0,0,0,0,0
internvl,rel::3/clock_3.jpg,rel::3/clock_3.jpg::zh::ru,zh,ru,dependent,0,1,0,1,1,1,0,0,0
internvl,rel::3/clock_3.jpg,rel::3/clock_3.jpg::zh::th,zh,th,dependent,0,0,0,0,0,0,0,0,0
internvl,rel::3/clock_4.jpg,rel::3/clock_4.jpg::en::ru,en,ru,dependent,0,1,0,1,1,1,0,0,0
internvl,rel::3/clock_4.jpg,rel::3/clock_4.jpg::en::th,en,th,dependent,0,0,0,0,0,0,0,0,0
internvl,rel::3/clock_4.jpg,rel::3/clock_4.jpg::en::zh,en,zh,dependent,1,1,1,1,0,0,0,0,0
internvl,rel::3/clock_4.jpg,rel::3/clock_4.jpg::ru::en,ru,en,dependent,1,1,1,1,0,0,0,0,0
internvl,rel::3/clock_4.jpg,rel::3/clock_4.jpg::ru::th,ru,th,dependent,0,0,0,0,0,0,0,0,0
internvl,rel::3/clock_4.jpg,rel::3/clock_4.jpg::ru::zh,ru,zh,dependent,1,1,0,1,0,1,-1,0,1
internvl,rel::3/clock_4.jpg,rel::3/clock_4.jpg::th::en,th,en,dependent,1,1,1,1,0,0,0,0,0
internvl,rel::3/clock_4.jpg,rel::3/clock_4.jpg::th::ru,th,ru,dependent,0,1,0,1,1,1,0,0,0
internvl,rel::3/clock_4.jpg,rel::3/clock_4.jpg::th::zh,th,zh,dependent,1,1,1,1,0,0,0,0,0
internvl,rel::3/clock_4.jpg,rel::3/clock_4.jpg::zh::en,zh,en,dependent,1,1,0,1,0,1,-1,0,1
internvl,rel::3/clock_4.jpg,rel::3/clock_4.jpg::zh::ru,zh,ru,dependent,0,1,0,1,1,1,0,0,0
internvl,rel::3/clock_4.jpg,rel::3/clock_4.jpg::zh::th,zh,th,dependent,0,0,0,0,0,0,0,0,0
internvl,rel::3/clock_5.jpg,rel::3/clock_5.jpg::en::ru,en,ru,dependent,0,1,0,1,1,1,0,0,0
internvl,rel::3/clock_5.jpg,rel::3/clock_5.jpg::en::th,en,th,dependent,0,1,0,0,1,0,0,-1,-1
internvl,rel::3/clock_5.jpg,rel::3/clock_5.jpg::en::zh,en,zh,dependent,1,1,1,1,0,0,0,0,0
internvl,rel::3/clock_5.jpg,rel::3/clock_5.jpg::ru::en,ru,en,dependent,1,1,1,1,0,0,0,0,0
internvl,rel::3/clock_5.jpg,rel::3/clock_5.jpg::ru::th,ru,th,dependent,0,0,0,0,0,0,0,0,0
internvl,rel::3/clock_5.jpg,rel::3/clock_5.jpg::ru::zh,ru,zh,dependent,1,1,1,1,0,0,0,0,0
internvl,rel::3/clock_5.jpg,rel::3/clock_5.jpg::th::en,th,en,dependent,1,0,1,1,-1,0,0,1,1
internvl,rel::3/clock_5.jpg,rel::3/clock_5.jpg::th::ru,th,ru,dependent,0,0,0,1,0,1,0,1,1
internvl,rel::3/clock_5.jpg,rel::3/clock_5.jpg::th::zh,th,zh,dependent,1,1,1,1,0,0,0,0,0
internvl,rel::3/clock_5.jpg,rel::3/clock_5.jpg::zh::en,zh,en,dependent,1,0,1,1,-1,0,0,1,1
internvl,rel::3/clock_5.jpg,rel::3/clock_5.jpg::zh::ru,zh,ru,dependent,1,1,1,1,0,0,0,0,0
internvl,rel::3/clock_5.jpg,rel::3/clock_5.jpg::zh::th,zh,th,dependent,0,1,0,0,1,0,0,-1,-1
internvl,rel::3/clock_6.jpg,rel::3/clock_6.jpg::en::ru,en,ru,dependent,1,1,1,1,0,0,0,0,0
internvl,rel::3/clock_6.jpg,rel::3/clock_6.jpg::en::th,en,th,dependent,1,1,1,1,0,0,0,0,0
internvl,rel::3/clock_6.jpg,rel::3/clock_6.jpg::en::zh,en,zh,dependent,1,1,1,1,0,0,0,0,0
internvl,rel::3/clock_6.jpg,rel::3/clock_6.jpg::ru::en,ru,en,dependent,1,1,1,1,0,0,0,0,0
internvl,rel::3/clock_6.jpg,rel::3/clock_6.jpg::ru::th,ru,th,dependent,1,1,0,1,0,1,-1,0,1
internvl,rel::3/clock_6.jpg,rel::3/clock_6.jpg::ru::zh,ru,zh,dependent,1,1,1,1,0,0,0,0,0
internvl,rel::3/clock_6.jpg,rel::3/clock_6.jpg::th::en,th,en,dependent,1,1,1,1,0,0,0,0,0
internvl,rel::3/clock_6.jpg,rel::3/clock_6.jpg::th::ru,th,ru,dependent,1,1,1,1,0,0,0,0,0
internvl,rel::3/clock_6.jpg,rel::3/clock_6.jpg::th::zh,th,zh,dependent,0,1,1,1,1,0,1,0,-1
internvl,rel::3/clock_6.jpg,rel::3/clock_6.jpg::zh::en,zh,en,dependent,1,1,1,1,0,0,0,0,0
internvl,rel::3/clock_6.jpg,rel::3/clock_6.jpg::zh::ru,zh,ru,dependent,1,1,1,1,0,0,0,0,0
internvl,rel::3/clock_6.jpg,rel::3/clock_6.jpg::zh::th,zh,th,dependent,1,1,1,1,0,0,0,0,0
internvl,rel::3/clock_7.jpg,rel::3/clock_7.jpg::en::ru,en,ru,dependent,0,1,0,1,1,1,0,0,0
internvl,rel::3/clock_7.jpg,rel::3/clock_7.jpg::en::th,en,th,dependent,0,0,0,0,0,0,0,0,0
internvl,rel::3/clock_7.jpg,rel::3/clock_7.jpg::en::zh,en,zh,dependent,1,1,0,1,0,1,-1,0,1
internvl,rel::3/clock_7.jpg,rel::3/clock_7.jpg::ru::en,ru,en,dependent,0,1,0,1,1,1,0,0,0
internvl,rel::3/clock_7.jpg,rel::3/clock_7.jpg::ru::th,ru,th,dependent,0,0,0,0,0,0,0,0,0
internvl,rel::3/clock_7.jpg,rel::3/clock_7.jpg::ru::zh,ru,zh,dependent,0,1,0,1,1,1,0,0,0
internvl,rel::3/clock_7.jpg,rel::3/clock_7.jpg::th::en,th,en,dependent,0,0,0,1,0,1,0,1,1
internvl,rel::3/clock_7.jpg,rel::3/clock_7.jpg::th::ru,th,ru,dependent,0,0,0,1,0,1,0,1,1
internvl,rel::3/clock_7.jpg,rel::3/clock_7.jpg::th::zh,th,zh,dependent,0,0,0,1,0,1,0,1,1
internvl,rel::3/clock_7.jpg,rel::3/clock_7.jpg::zh::en,zh,en,dependent,1,1,1,1,0,0,0,0,0
internvl,rel::3/clock_7.jpg,rel::3/clock_7.jpg::zh::ru,zh,ru,dependent,0,1,0,1,1,1,0,0,0
internvl,rel::3/clock_7.jpg,rel::3/clock_7.jpg::zh::th,zh,th,dependent,0,0,0,0,0,0,0,0,0
internvl,rel::3/clock_8.jpg,rel::3/clock_8.jpg::en::ru,en,ru,independent,0,0,0,0,0,0,0,0,0
internvl,rel::3/clock_8.jpg,rel::3/clock_8.jpg::en::th,en,th,independent,0,0,0,0,0,0,0,0,0
internvl,rel::3/clock_8.jpg,rel::3/clock_8.jpg::en::zh,en,zh,independent,0,0,0,0,0,0,0,0,0
internvl,rel::3/clock_8.jpg,rel::3/clock_8.jpg::ru::en,ru,en,independent,0,0,0,0,0,0,0,0,0
internvl,rel::3/clock_8.jpg,rel::3/clock_8.jpg::ru::th,ru,th,independent,0,0,0,0,0,0,0,0,0
internvl,rel::3/clock_8.jpg,rel::3/clock_8.jpg::ru::zh,ru,zh,independent,0,0,0,0,0,0,0,0,0
internvl,rel::3/clock_8.jpg,rel::3/clock_8.jpg::th::en,th,en,independent,0,0,0,0,0,0,0,0,0
internvl,rel::3/clock_8.jpg,rel::3/clock_8.jpg::th::ru,th,ru,independent,0,0,0,0,0,0,0,0,0
internvl,rel::3/clock_8.jpg,rel::3/clock_8.jpg::th::zh,th,zh,independent,0,0,0,0,0,0,0,0,0
internvl,rel::3/clock_8.jpg,rel::3/clock_8.jpg::zh::en,zh,en,independent,0,0,0,0,0,0,0,0,0
internvl,rel::3/clock_8.jpg,rel::3/clock_8.jpg::zh::ru,zh,ru,independent,0,0,0,0,0,0,0,0,0
internvl,rel::3/clock_8.jpg,rel::3/clock_8.jpg::zh::th,zh,th,independent,0,0,0,0,0,0,0,0,0
internvl,rel::3/clock_9.jpg,rel::3/clock_9.jpg::en::ru,en,ru,dependent,0,0,0,0,0,0,0,0,0
internvl,rel::3/clock_9.jpg,rel::3/clock_9.jpg::en::th,en,th,dependent,0,0,0,0,0,0,0,0,0
internvl,rel::3/clock_9.jpg,rel::3/clock_9.jpg::en::zh,en,zh,dependent,0,1,0,1,1,1,0,0,0
internvl,rel::3/clock_9.jpg,rel::3/clock_9.jpg::ru::en,ru,en,dependent,0,0,0,0,0,0,0,0,0
internvl,rel::3/clock_9.jpg,rel::3/clock_9.jpg::ru::th,ru,th,dependent,0,0,0,0,0,0,0,0,0
internvl,rel::3/clock_9.jpg,rel::3/clock_9.jpg::ru::zh,ru,zh,dependent,0,1,0,1,1,1,0,0,0
internvl,rel::3/clock_9.jpg,rel::3/clock_9.jpg::th::en,th,en,dependent,0,0,0,0,0,0,0,0,0
internvl,rel::3/clock_9.jpg,rel::3/clock_9.jpg::th::ru,th,ru,dependent,0,0,0,0,0,0,0,0,0
internvl,rel::3/clock_9.jpg,rel::3/clock_9.jpg::th::zh,th,zh,dependent,0,1,0,1,1,1,0,0,0
internvl,rel::3/clock_9.jpg,rel::3/clock_9.jpg::zh::en,zh,en,dependent,0,0,0,0,0,0,0,0,0
internvl,rel::3/clock_9.jpg,rel::3/clock_9.jpg::zh::ru,zh,ru,dependent,0,0,0,0,0,0,0,0,0
internvl,rel::3/clock_9.jpg,rel::3/clock_9.jpg::zh::th,zh,th,dependent,0,0,0,0,0,0,0,0,0
internvl,rel::3/homescreen_1.jpg,rel::3/homescreen_1.jpg::en::ru,en,ru,independent,0,0,0,0,0,0,0,0,0
internvl,rel::3/homescreen_1.jpg,rel::3/homescreen_1.jpg::en::th,en,th,independent,0,0,0,0,0,0,0,0,0
internvl,rel::3/homescreen_1.jpg,rel::3/homescreen_1.jpg::en::zh,en,zh,independent,0,0,0,0,0,0,0,0,0
internvl,rel::3/homescreen_1.jpg,rel::3/homescreen_1.jpg::ru::en,ru,en,independent,0,0,0,0,0,0,0,0,0
internvl,rel::3/homescreen_1.jpg,rel::3/homescreen_1.jpg::ru::th,ru,th,independent,0,0,0,0,0,0,0,0,0
internvl,rel::3/homescreen_1.jpg,rel::3/homescreen_1.jpg::ru::zh,ru,zh,independent,0,0,0,0,0,0,0,0,0
internvl,rel::3/homescreen_1.jpg,rel::3/homescreen_1.jpg::th::en,th,en,independent,0,0,0,0,0,0,0,0,0
internvl,rel::3/homescreen_1.jpg,rel::3/homescreen_1.jpg::th::ru,th,ru,independent,0,0,0,0,0,0,0,0,0
internvl,rel::3/homescreen_1.jpg,rel::3/homescreen_1.jpg::th::zh,th,zh,independent,0,0,0,0,0,0,0,0,0
internvl,rel::3/homescreen_1.jpg,rel::3/homescreen_1.jpg::zh::en,zh,en,independent,0,0,0,0,0,0,0,0,0
internvl,rel::3/homescreen_1.jpg,rel::3/homescreen_1.jpg::zh::ru,zh,ru,independent,0,0,0,0,0,0,0,0,0
internvl,rel::3/homescreen_1.jpg,rel::3/homescreen_1.jpg::zh::th,zh,th,independent,0,0,0,0,0,0,0,0,0
internvl,rel::3/homescreen_10.jpg,rel::3/homescreen_10.jpg::en::ru,en,ru,dependent,1,1,1,1,0,0,0,0,0
internvl,rel::3/homescreen_10.jpg,rel::3/homescreen_10.jpg::en::th,en,th,dependent,1,1,0,0,0,0,-1,-1,0
internvl,rel::3/homescreen_10.jpg,rel::3/homescreen_10.jpg::en::zh,en,zh,dependent,1,1,1,1,0,0,0,0,0
internvl,rel::3/homescreen_10.jpg,rel::3/homescreen_10.jpg::ru::en,ru,en,dependent,1,1,1,1,0,0,0,0,0
internvl,rel::3/homescreen_10.jpg,rel::3/homescreen_10.jpg::ru::th,ru,th,dependent,1,1,0,0,0,0,-1,-1,0
internvl,rel::3/homescreen_10.jpg,rel::3/homescreen_10.jpg::ru::zh,ru,zh,dependent,1,1,1,1,0,0,0,0,0
internvl,rel::3/homescreen_10.jpg,rel::3/homescreen_10.jpg::th::en,th,en,dependent,0,0,1,1,0,0,1,1,0
internvl,rel::3/homescreen_10.jpg,rel::3/homescreen_10.jpg::th::ru,th,ru,dependent,0,0,1,1,0,0,1,1,0
internvl,rel::3/homescreen_10.jpg,rel::3/homescreen_10.jpg::th::zh,th,zh,dependent,0,0,1,1,0,0,1,1,0
internvl,rel::3/homescreen_10.jpg,rel::3/homescreen_10.jpg::zh::en,zh,en,dependent,1,1,1,1,0,0,0,0,0
internvl,rel::3/homescreen_10.jpg,rel::3/homescreen_10.jpg::zh::ru,zh,ru,dependent,1,1,1,1,0,0,0,0,0
internvl,rel::3/homescreen_10.jpg,rel::3/homescreen_10.jpg::zh::th,zh,th,dependent,1,1,0,0,0,0,-1,-1,0
internvl,rel::3/homescreen_2.jpg,rel::3/homescreen_2.jpg::en::ru,en,ru,independent,1,1,1,1,0,0,0,0,0
internvl,rel::3/homescreen_2.jpg,rel::3/homescreen_2.jpg::en::th,en,th,independent,1,1,1,1,0,0,0,0,0
internvl,rel::3/homescreen_2.jpg,rel::3/homescreen_2.jpg::en::zh,en,zh,independent,1,1,0,0,0,0,-1,-1,0
internvl,rel::3/homescreen_2.jpg,rel::3/homescreen_2.jpg::ru::en,ru,en,independent,1,0,1,1,-1,0,0,1,1
internvl,rel::3/homescreen_2.jpg,rel::3/homescreen_2.jpg::ru::th,ru,th,independent,1,1,1,1,0,0,0,0,0
internvl,rel::3/homescreen_2.jpg,rel::3/homescreen_2.jpg::ru::zh,ru,zh,independent,0,0,0,0,0,0,0,0,0
internvl,rel::3/homescreen_2.jpg,rel::3/homescreen_2.jpg::th::en,th,en,independent,1,1,0,1,0,1,-1,0,1
internvl,rel::3/homescreen_2.jpg,rel::3/homescreen_2.jpg::th::ru,th,ru,independent,1,0,1,1,-1,0,0,1,1
internvl,rel::3/homescreen_2.jpg,rel::3/homescreen_2.jpg::th::zh,th,zh,independent,1,0,0,0,-1,0,-1,0,1
internvl,rel::3/homescreen_2.jpg,rel::3/homescreen_2.jpg::zh::en,zh,en,independent,1,1,1,1,0,0,0,0,0
internvl,rel::3/homescreen_2.jpg,rel::3/homescreen_2.jpg::zh::ru,zh,ru,independent,1,1,1,1,0,0,0,0,0
internvl,rel::3/homescreen_2.jpg,rel::3/homescreen_2.jpg::zh::th,zh,th,independent,1,1,1,1,0,0,0,0,0
internvl,rel::3/homescreen_3.jpg,rel::3/homescreen_3.jpg::en::ru,en,ru,dependent,1,1,1,1,0,0,0,0,0
internvl,rel::3/homescreen_3.jpg,rel::3/homescreen_3.jpg::en::th,en,th,dependent,1,1,1,1,0,0,0,0,0
internvl,rel::3/homescreen_3.jpg,rel::3/homescreen_3.jpg::en::zh,en,zh,dependent,1,1,1,1,0,0,0,0,0
internvl,rel::3/homescreen_3.jpg,rel::3/homescreen_3.jpg::ru::en,ru,en,dependent,1,1,1,1,0,0,0,0,0
internvl,rel::3/homescreen_3.jpg,rel::3/homescreen_3.jpg::ru::th,ru,th,dependent,1,1,1,1,0,0,0,0,0
internvl,rel::3/homescreen_3.jpg,rel::3/homescreen_3.jpg::ru::zh,ru,zh,dependent,1,1,1,1,0,0,0,0,0
internvl,rel::3/homescreen_3.jpg,rel::3/homescreen_3.jpg::th::en,th,en,dependent,1,1,1,1,0,0,0,0,0
internvl,rel::3/homescreen_3.jpg,rel::3/homescreen_3.jpg::th::ru,th,ru,dependent,1,1,1,1,0,0,0,0,0
internvl,rel::3/homescreen_3.jpg,rel::3/homescreen_3.jpg::th::zh,th,zh,dependent,1,1,1,1,0,0,0,0,0
internvl,rel::3/homescreen_3.jpg,rel::3/homescreen_3.jpg::zh::en,zh,en,dependent,1,1,1,1,0,0,0,0,0
internvl,rel::3/homescreen_3.jpg,rel::3/homescreen_3.jpg::zh::ru,zh,ru,dependent,1,1,1,1,0,0,0,0,0
internvl,rel::3/homescreen_3.jpg,rel::3/homescreen_3.jpg::zh::th,zh,th,dependent,1,1,1,1,0,0,0,0,0
internvl,rel::3/homescreen_4.jpg,rel::3/homescreen_4.jpg::en::ru,en,ru,independent,1,1,1,1,0,0,0,0,0
internvl,rel::3/homescreen_4.jpg,rel::3/homescreen_4.jpg::en::th,en,th,independent,1,0,1,1,-1,0,0,1,1
internvl,rel::3/homescreen_4.jpg,rel::3/homescreen_4.jpg::en::zh,en,zh,independent,1,1,1,1,0,0,0,0,0
internvl,rel::3/homescreen_4.jpg,rel::3/homescreen_4.jpg::ru::en,ru,en,independent,1,1,1,1,0,0,0,0,0
internvl,rel::3/homescreen_4.jpg,rel::3/homescreen_4.jpg::ru::th,ru,th,independent,1,0,1,1,-1,0,0,1,1
internvl,rel::3/homescreen_4.jpg,rel::3/homescreen_4.jpg::ru::zh,ru,zh,independent,1,1,1,1,0,0,0,0,0
internvl,rel::3/homescreen_4.jpg,rel::3/homescreen_4.jpg::th::en,th,en,independent,1,1,1,1,0,0,0,0,0
internvl,rel::3/homescreen_4.jpg,rel::3/homescreen_4.jpg::th::ru,th,ru,independent,1,1,1,1,0,0,0,0,0
internvl,rel::3/homescreen_4.jpg,rel::3/homescreen_4.jpg::th::zh,th,zh,independent,1,0,1,1,-1,0,0,1,1
internvl,rel::3/homescreen_4.jpg,rel::3/homescreen_4.jpg::zh::en,zh,en,independent,1,1,1,1,0,0,0,0,0
internvl,rel::3/homescreen_4.jpg,rel::3/homescreen_4.jpg::zh::ru,zh,ru,independent,1,1,1,1,0,0,0,0,0
internvl,rel::3/homescreen_4.jpg,rel::3/homescreen_4.jpg::zh::th,zh,th,independent,1,0,1,1,-1,0,0,1,1
internvl,rel::3/homescreen_5.jpg,rel::3/homescreen_5.jpg::en::ru,en,ru,dependent,1,1,0,1,0,1,-1,0,1
internvl,rel::3/homescreen_5.jpg,rel::3/homescreen_5.jpg::en::th,en,th,dependent,0,1,0,0,1,0,0,-1,-1
internvl,rel::3/homescreen_5.jpg,rel::3/homescreen_5.jpg::en::zh,en,zh,dependent,0,1,0,1,1,1,0,0,0
internvl,rel::3/homescreen_5.jpg,rel::3/homescreen_5.jpg::ru::en,ru,en,dependent,0,0,0,1,0,1,0,1,1
internvl,rel::3/homescreen_5.jpg,rel::3/homescreen_5.jpg::ru::th,ru,th,dependent,1,1,0,0,0,0,-1,-1,0
internvl,rel::3/homescreen_5.jpg,rel::3/homescreen_5.jpg::ru::zh,ru,zh,dependent,1,0,1,1,-1,0,0,1,1
internvl,rel::3/homescreen_5.jpg,rel::3/homescreen_5.jpg::th::en,th,en,dependent,0,0,0,1,0,1,0,1,1
internvl,rel::3/homescreen_5.jpg,rel::3/homescreen_5.jpg::th::ru,th,ru,dependent,0,0,1,1,0,0,1,1,0
internvl,rel::3/homescreen_5.jpg,rel::3/homescreen_5.jpg::th::zh,th,zh,dependent,1,0,1,1,-1,0,0,1,1
internvl,rel::3/homescreen_5.jpg,rel::3/homescreen_5.jpg::zh::en,zh,en,dependent,0,1,0,1,1,1,0,0,0
internvl,rel::3/homescreen_5.jpg,rel::3/homescreen_5.jpg::zh::ru,zh,ru,dependent,1,0,1,1,-1,0,0,1,1
internvl,rel::3/homescreen_5.jpg,rel::3/homescreen_5.jpg::zh::th,zh,th,dependent,1,1,0,0,0,0,-1,-1,0
internvl,rel::3/homescreen_6.jpg,rel::3/homescreen_6.jpg::en::ru,en,ru,dependent,0,0,0,0,0,0,0,0,0
internvl,rel::3/homescreen_6.jpg,rel::3/homescreen_6.jpg::en::th,en,th,dependent,0,0,0,1,0,1,0,1,1
internvl,rel::3/homescreen_6.jpg,rel::3/homescreen_6.jpg::en::zh,en,zh,dependent,0,1,0,0,1,0,0,-1,-1
internvl,rel::3/homescreen_6.jpg,rel::3/homescreen_6.jpg::ru::en,ru,en,dependent,0,0,0,0,0,0,0,0,0
internvl,rel::3/homescreen_6.jpg,rel::3/homescreen_6.jpg::ru::th,ru,th,dependent,0,0,0,1,0,1,0,1,1
internvl,rel::3/homescreen_6.jpg,rel::3/homescreen_6.jpg::ru::zh,ru,zh,dependent,1,0,1,0,-1,-1,0,0,0
internvl,rel::3/homescreen_6.jpg,rel::3/homescreen_6.jpg::th::en,th,en,dependent,0,1,0,0,1,0,0,-1,-1
internvl,rel::3/homescreen_6.jpg,rel::3/homescreen_6.jpg::th::ru,th,ru,dependent,0,1,1,0,1,-1,1,-1,-2
internvl,rel::3/homescreen_6.jpg,rel::3/homescreen_6.jpg::th::zh,th,zh,dependent,1,1,1,0,0,-1,0,-1,-1
internvl,rel::3/homescreen_6.jpg,rel::3/homescreen_6.jpg::zh::en,zh,en,dependent,0,0,0,0,0,0,0,0,0
internvl,rel::3/homescreen_6.jpg,rel::3/homescreen_6.jpg::zh::ru,zh,ru,dependent,1,1,1,0,0,-1,0,-1,-1
internvl,rel::3/homescreen_6.jpg,rel::3/homescreen_6.jpg::zh::th,zh,th,dependent,0,0,1,1,0,0,1,1,0
internvl,rel::3/homescreen_7.jpg,rel::3/homescreen_7.jpg::en::ru,en,ru,dependent,0,0,0,0,0,0,0,0,0
internvl,rel::3/homescreen_7.jpg,rel::3/homescreen_7.jpg::en::th,en,th,dependent,0,0,0,0,0,0,0,0,0
internvl,rel::3/homescreen_7.jpg,rel::3/homescreen_7.jpg::en::zh,en,zh,dependent,0,0,0,0,0,0,0,0,0
internvl,rel::3/homescreen_7.jpg,rel::3/homescreen_7.jpg::ru::en,ru,en,dependent,0,0,0,0,0,0,0,0,0
internvl,rel::3/homescreen_7.jpg,rel::3/homescreen_7.jpg::ru::th,ru,th,dependent,0,0,0,0,0,0,0,0,0
internvl,rel::3/homescreen_7.jpg,rel::3/homescreen_7.jpg::ru::zh,ru,zh,dependent,0,0,0,0,0,0,0,0,0
internvl,rel::3/homescreen_7.jpg,rel::3/homescreen_7.jpg::th::en,th,en,dependent,0,0,0,0,0,0,0,0,0
internvl,rel::3/homescreen_7.jpg,rel::3/homescreen_7.jpg::th::ru,th,ru,dependent,0,0,0,0,0,0,0,0,0
internvl,rel::3/homescreen_7.jpg,rel::3/homescreen_7.jpg::th::zh,th,zh,dependent,0,0,0,0,0,0,0,0,0
internvl,rel::3/homescreen_7.jpg,rel::3/homescreen_7.jpg::zh::en,zh,en,dependent,0,0,0,0,0,0,0,0,0
internvl,rel::3/homescreen_7.jpg,rel::3/homescreen_7.jpg::zh::ru,zh,ru,dependent,0,0,0,0,0,0,0,0,0
internvl,rel::3/homescreen_7.jpg,rel::3/homescreen_7.jpg::zh::th,zh,th,dependent,0,0,0,0,0,0,0,0,0
internvl,rel::3/homescreen_8.jpg,rel::3/homescreen_8.jpg::en::ru,en,ru,dependent,0,0,1,1,0,0,1,1,0
internvl,rel::3/homescreen_8.jpg,rel::3/homescreen_8.jpg::en::th,en,th,dependent,0,0,0,0,0,0,0,0,0
internvl,rel::3/homescreen_8.jpg,rel::3/homescreen_8.jpg::en::zh,en,zh,dependent,0,0,1,1,0,0,1,1,0
internvl,rel::3/homescreen_8.jpg,rel::3/homescreen_8.jpg::ru::en,ru,en,dependent,1,1,0,0,0,0,-1,-1,0
internvl,rel::3/homescreen_8.jpg,rel::3/homescreen_8.jpg::ru::th,ru,th,dependent,1,1,0,0,0,0,-1,-1,0
internvl,rel::3/homescreen_8.jpg,rel::3/homescreen_8.jpg::ru::zh,ru,zh,dependent,1,1,1,1,0,0,0,0,0
internvl,rel::3/homescreen_8.jpg,rel::3/homescreen_8.jpg::th::en,th,en,dependent,0,0,0,0,0,0,0,0,0
internvl,rel::3/homescreen_8.jpg,rel::3/homescreen_8.jpg::th::ru,th,ru,dependent,0,0,1,1,0,0,1,1,0
internvl,rel::3/homescreen_8.jpg,rel::3/homescreen_8.jpg::th::zh,th,zh,dependent,0,0,1,1,0,0,1,1,0
internvl,rel::3/homescreen_8.jpg,rel::3/homescreen_8.jpg::zh::en,zh,en,dependent,1,1,0,0,0,0,-1,-1,0
internvl,rel::3/homescreen_8.jpg,rel::3/homescreen_8.jpg::zh::ru,zh,ru,dependent,1,1,1,1,0,0,0,0,0
internvl,rel::3/homescreen_8.jpg,rel::3/homescreen_8.jpg::zh::th,zh,th,dependent,0,1,0,0,1,0,0,-1,-1
internvl,rel::3/homescreen_9.jpg,rel::3/homescreen_9.jpg::en::ru,en,ru,dependent,0,1,0,1,1,1,0,0,0
internvl,rel::3/homescreen_9.jpg,rel::3/homescreen_9.jpg::en::th,en,th,dependent,0,1,0,0,1,0,0,-1,-1
internvl,rel::3/homescreen_9.jpg,rel::3/homescreen_9.jpg::en::zh,en,zh,dependent,0,1,0,0,1,0,0,-1,-1
internvl,rel::3/homescreen_9.jpg,rel::3/homescreen_9.jpg::ru::en,ru,en,dependent,0,1,0,1,1,1,0,0,0
internvl,rel::3/homescreen_9.jpg,rel::3/homescreen_9.jpg::ru::th,ru,th,dependent,0,0,0,0,0,0,0,0,0
internvl,rel::3/homescreen_9.jpg,rel::3/homescreen_9.jpg::ru::zh,ru,zh,dependent,0,0,0,0,0,0,0,0,0
internvl,rel::3/homescreen_9.jpg,rel::3/homescreen_9.jpg::th::en,th,en,dependent,0,0,0,1,0,1,0,1,1
internvl,rel::3/homescreen_9.jpg,rel::3/homescreen_9.jpg::th::ru,th,ru,dependent,0,0,0,1,0,1,0,1,1
internvl,rel::3/homescreen_9.jpg,rel::3/homescreen_9.jpg::th::zh,th,zh,dependent,0,0,0,0,0,0,0,0,0
internvl,rel::3/homescreen_9.jpg,rel::3/homescreen_9.jpg::zh::en,zh,en,dependent,1,1,1,1,0,0,0,0,0
internvl,rel::3/homescreen_9.jpg,rel::3/homescreen_9.jpg::zh::ru,zh,ru,dependent,0,1,0,1,1,1,0,0,0
internvl,rel::3/homescreen_9.jpg,rel::3/homescreen_9.jpg::zh::th,zh,th,dependent,0,0,0,0,0,0,0,0,0
internvl,rel::3/map_10.jpg,rel::3/map_10.jpg::en::ru,en,ru,dependent,1,1,0,0,0,0,-1,-1,0
internvl,rel::3/map_10.jpg,rel::3/map_10.jpg::en::th,en,th,dependent,0,1,0,0,1,0,0,-1,-1
internvl,rel::3/map_10.jpg,rel::3/map_10.jpg::en::zh,en,zh,dependent,0,1,1,1,1,0,1,0,-1
internvl,rel::3/map_10.jpg,rel::3/map_10.jpg::ru::en,ru,en,dependent,1,1,0,1,0,1,-1,0,1
internvl,rel::3/map_10.jpg,rel::3/map_10.jpg::ru::th,ru,th,dependent,0,1,0,0,1,0,0,-1,-1
internvl,rel::3/map_10.jpg,rel::3/map_10.jpg::ru::zh,ru,zh,dependent,1,1,1,1,0,0,0,0,0
internvl,rel::3/map_10.jpg,rel::3/map_10.jpg::th::en,th,en,dependent,0,0,0,1,0,1,0,1,1
internvl,rel::3/map_10.jpg,rel::3/map_10.jpg::th::ru,th,ru,dependent,0,0,0,0,0,0,0,0,0
internvl,rel::3/map_10.jpg,rel::3/map_10.jpg::th::zh,th,zh,dependent,0,1,1,1,1,0,1,0,-1
internvl,rel::3/map_10.jpg,rel::3/map_10.jpg::zh::en,zh,en,dependent,1,1,1,1,0,0,0,0,0
internvl,rel::3/map_10.jpg,rel::3/map_10.jpg::zh::ru,zh,ru,dependent,1,1,0,0,0,0,-1,-1,0
internvl,rel::3/map_10.jpg,rel::3/map_10.jpg::zh::th,zh,th,dependent,1,1,0,0,0,0,-1,-1,0
internvl,rel::3/map_2.jpg,rel::3/map_2.jpg::en::ru,en,ru,dependent,1,1,1,1,0,0,0,0,0
internvl,rel::3/map_2.jpg,rel::3/map_2.jpg::en::th,en,th,dependent,0,0,0,0,0,0,0,0,0
internvl,rel::3/map_2.jpg,rel::3/map_2.jpg::en::zh,en,zh,dependent,0,1,0,1,1,1,0,0,0
internvl,rel::3/map_2.jpg,rel::3/map_2.jpg::ru::en,ru,en,dependent,1,1,1,1,0,0,0,0,0
internvl,rel::3/map_2.jpg,rel::3/map_2.jpg::ru::th,ru,th,dependent,0,0,0,0,0,0,0,0,0
internvl,rel::3/map_2.jpg,rel::3/map_2.jpg::ru::zh,ru,zh,dependent,0,0,0,1,0,1,0,1,1
internvl,rel::3/map_2.jpg,rel::3/map_2.jpg::th::en,th,en,dependent,0,0,0,1,0,1,0,1,1
internvl,rel::3/map_2.jpg,rel::3/map_2.jpg::th::ru,th,ru,dependent,0,0,0,1,0,1,0,1,1
internvl,rel::3/map_2.jpg,rel::3/map_2.jpg::th::zh,th,zh,dependent,0,0,0,1,0,1,0,1,1
internvl,rel::3/map_2.jpg,rel::3/map_2.jpg::zh::en,zh,en,dependent,1,1,1,1,0,0,0,0,0
internvl,rel::3/map_2.jpg,rel::3/map_2.jpg::zh::ru,zh,ru,dependent,0,1,0,1,1,1,0,0,0
internvl,rel::3/map_2.jpg,rel::3/map_2.jpg::zh::th,zh,th,dependent,0,0,0,0,0,0,0,0,0
internvl,rel::3/map_3.jpg,rel::3/map_3.jpg::en::ru,en,ru,dependent,0,1,0,0,1,0,0,-1,-1
internvl,rel::3/map_3.jpg,rel::3/map_3.jpg::en::th,en,th,dependent,0,0,0,0,0,0,0,0,0
internvl,rel::3/map_3.jpg,rel::3/map_3.jpg::en::zh,en,zh,dependent,1,1,1,1,0,0,0,0,0
internvl,rel::3/map_3.jpg,rel::3/map_3.jpg::ru::en,ru,en,dependent,1,0,1,1,-1,0,0,1,1
internvl,rel::3/map_3.jpg,rel::3/map_3.jpg::ru::th,ru,th,dependent,0,0,0,0,0,0,0,0,0
internvl,rel::3/map_3.jpg,rel::3/map_3.jpg::ru::zh,ru,zh,dependent,0,1,0,1,1,1,0,0,0
internvl,rel::3/map_3.jpg,rel::3/map_3.jpg::th::en,th,en,dependent,0,0,0,1,0,1,0,1,1
internvl,rel::3/map_3.jpg,rel::3/map_3.jpg::th::ru,th,ru,dependent,0,0,0,0,0,0,0,0,0
internvl,rel::3/map_3.jpg,rel::3/map_3.jpg::th::zh,th,zh,dependent,0,0,0,1,0,1,0,1,1
internvl,rel::3/map_3.jpg,rel::3/map_3.jpg::zh::en,zh,en,dependent,1,1,1,1,0,0,0,0,0
internvl,rel::3/map_3.jpg,rel::3/map_3.jpg::zh::ru,zh,ru,dependent,0,1,0,0,1,0,0,-1,-1
internvl,rel::3/map_3.jpg,rel::3/map_3.jpg::zh::th,zh,th,dependent,0,0,0,0,0,0,0,0,0
internvl,rel::3/map_4.jpg,rel::3/map_4.jpg::en::ru,en,ru,dependent,0,1,0,1,1,1,0,0,0
internvl,rel::3/map_4.jpg,rel::3/map_4.jpg::en::th,en,th,dependent,1,0,1,0,-1,-1,0,0,0
internvl,rel::3/map_4.jpg,rel::3/map_4.jpg::en::zh,en,zh,dependent,1,1,1,1,0,0,0,0,0
internvl,rel::3/map_4.jpg,rel::3/map_4.jpg::ru::en,ru,en,dependent,1,1,1,1,0,0,0,0,0
internvl,rel::3/map_4.jpg,rel::3/map_4.jpg::ru::th,ru,th,dependent,1,0,0,0,-1,0,-1,0,1
internvl,rel::3/map_4.jpg,rel::3/map_4.jpg::ru::zh,ru,zh,dependent,1,1,1,1,0,0,0,0,0
internvl,rel::3/map_4.jpg,rel::3/map_4.jpg::th::en,th,en,dependent,1,1,1,1,0,0,0,0,0
internvl,rel::3/map_4.jpg,rel::3/map_4.jpg::th::ru,th,ru,dependent,0,1,0,1,1,1,0,0,0
internvl,rel::3/map_4.jpg,rel::3/map_4.jpg::th::zh,th,zh,dependent,1,1,1,1,0,0,0,0,0
internvl,rel::3/map_4.jpg,rel::3/map_4.jpg::zh::en,zh,en,dependent,1,1,0,1,0,1,-1,0,1
internvl,rel::3/map_4.jpg,rel::3/map_4.jpg::zh::ru,zh,ru,dependent,0,1,0,1,1,1,0,0,0
internvl,rel::3/map_4.jpg,rel::3/map_4.jpg::zh::th,zh,th,dependent,1,0,1,0,-1,-1,0,0,0
internvl,rel::3/map_5.jpg,rel::3/map_5.jpg::en::ru,en,ru,dependent,0,1,0,1,1,1,0,0,0
internvl,rel::3/map_5.jpg,rel::3/map_5.jpg::en::th,en,th,dependent,0,0,0,0,0,0,0,0,0
internvl,rel::3/map_5.jpg,rel::3/map_5.jpg::en::zh,en,zh,dependent,0,1,0,1,1,1,0,0,0
internvl,rel::3/map_5.jpg,rel::3/map_5.jpg::ru::en,ru,en,dependent,1,1,1,1,0,0,0,0,0
internvl,rel::3/map_5.jpg,rel::3/map_5.jpg::ru::th,ru,th,dependent,0,0,0,0,0,0,0,0,0
internvl,rel::3/map_5.jpg,rel::3/map_5.jpg::ru::zh,ru,zh,dependent,1,1,1,1,0,0,0,0,0
internvl,rel::3/map_5.jpg,rel::3/map_5.jpg::th::en,th,en,dependent,0,0,0,1,0,1,0,1,1
internvl,rel::3/map_5.jpg,rel::3/map_5.jpg::th::ru,th,ru,dependent,0,0,0,1,0,1,0,1,1
internvl,rel::3/map_5.jpg,rel::3/map_5.jpg::th::zh,th,zh,dependent,0,0,0,1,0,1,0,1,1
internvl,rel::3/map_5.jpg,rel::3/map_5.jpg::zh::en,zh,en,dependent,1,1,1,1,0,0,0,0,0
internvl,rel::3/map_5.jpg,rel::3/map_5.jpg::zh::ru,zh,ru,dependent,0,1,1,1,1,0,1,0,-1
internvl,rel::3/map_5.jpg,rel::3/map_5.jpg::zh::th,zh,th,dependent,0,0,0,0,0,0,0,0,0
internvl,rel::3/map_6.jpg,rel::3/map_6.jpg::en::ru,en,ru,dependent,1,1,1,1,0,0,0,0,0
internvl,rel::3/map_6.jpg,rel::3/map_6.jpg::en::th,en,th,dependent,1,1,0,0,0,0,-1,-1,0
internvl,rel::3/map_6.jpg,rel::3/map_6.jpg::en::zh,en,zh,dependent,1,1,1,1,0,0,0,0,0
internvl,rel::3/map_6.jpg,rel::3/map_6.jpg::ru::en,ru,en,dependent,1,1,1,1,0,0,0,0,0
internvl,rel::3/map_6.jpg,rel::3/map_6.jpg::ru::th,ru,th,dependent,0,0,0,0,0,0,0,0,0
internvl,rel::3/map_6.jpg,rel::3/map_6.jpg::ru::zh,ru,zh,dependent,1,1,1,1,0,0,0,0,0
internvl,rel::3/map_6.jpg,rel::3/map_6.jpg::th::en,th,en,dependent,1,1,1,1,0,0,0,0,0
internvl,rel::3/map_6.jpg,rel::3/map_6.jpg::th::ru,th,ru,dependent,0,1,0,1,1,1,0,0,0
internvl,rel::3/map_6.jpg,rel::3/map_6.jpg::th::zh,th,zh,dependent,0,1,1,1,1,0,1,0,-1
internvl,rel::3/map_6.jpg,rel::3/map_6.jpg::zh::en,zh,en,dependent,1,1,1,1,0,0,0,0,0
internvl,rel::3/map_6.jpg,rel::3/map_6.jpg::zh::ru,zh,ru,dependent,1,1,1,1,0,0,0,0,0
internvl,rel::3/map_6.jpg,rel::3/map_6.jpg::zh::th,zh,th,dependent,1,1,0,0,0,0,-1,-1,0
internvl,rel::3/map_7.jpg,rel::3/map_7.jpg::en::ru,en,ru,dependent,0,1,0,1,1,1,0,0,0
internvl,rel::3/map_7.jpg,rel::3/map_7.jpg::en::th,en,th,dependent,0,0,0,0,0,0,0,0,0
internvl,rel::3/map_7.jpg,rel::3/map_7.jpg::en::zh,en,zh,dependent,1,1,0,0,0,0,-1,-1,0
internvl,rel::3/map_7.jpg,rel::3/map_7.jpg::ru::en,ru,en,dependent,0,0,0,1,0,1,0,1,1
internvl,rel::3/map_7.jpg,rel::3/map_7.jpg::ru::th,ru,th,dependent,0,0,0,0,0,0,0,0,0
internvl,rel::3/map_7.jpg,rel::3/map_7.jpg::ru::zh,ru,zh,dependent,0,0,0,0,0,0,0,0,0
internvl,rel::3/map_7.jpg,rel::3/map_7.jpg::th::en,th,en,dependent,0,0,0,1,0,1,0,1,1
internvl,rel::3/map_7.jpg,rel::3/map_7.jpg::th::ru,th,ru,dependent,0,1,0,1,1,1,0,0,0
internvl,rel::3/map_7.jpg,rel::3/map_7.jpg::th::zh,th,zh,dependent,0,0,0,0,0,0,0,0,0
internvl,rel::3/map_7.jpg,rel::3/map_7.jpg::zh::en,zh,en,dependent,0,0,0,1,0,1,0,1,1
internvl,rel::3/map_7.jpg,rel::3/map_7.jpg::zh::ru,zh,ru,dependent,0,1,0,1,1,1,0,0,0
internvl,rel::3/map_7.jpg,rel::3/map_7.jpg::zh::th,zh,th,dependent,0,0,0,0,0,0,0,0,0
internvl,rel::3/map_8.jpg,rel::3/map_8.jpg::en::ru,en,ru,dependent,0,0,0,0,0,0,0,0,0
internvl,rel::3/map_8.jpg,rel::3/map_8.jpg::en::th,en,th,dependent,0,0,1,0,0,-1,1,0,-1
internvl,rel::3/map_8.jpg,rel::3/map_8.jpg::en::zh,en,zh,dependent,0,0,1,1,0,0,1,1,0
internvl,rel::3/map_8.jpg,rel::3/map_8.jpg::ru::en,ru,en,dependent,0,0,0,0,0,0,0,0,0
internvl,rel::3/map_8.jpg,rel::3/map_8.jpg::ru::th,ru,th,dependent,0,0,0,0,0,0,0,0,0
internvl,rel::3/map_8.jpg,rel::3/map_8.jpg::ru::zh,ru,zh,dependent,0,1,0,1,1,1,0,0,0
internvl,rel::3/map_8.jpg,rel::3/map_8.jpg::th::en,th,en,dependent,0,0,0,0,0,0,0,0,0
internvl,rel::3/map_8.jpg,rel::3/map_8.jpg::th::ru,th,ru,dependent,0,0,0,0,0,0,0,0,0
internvl,rel::3/map_8.jpg,rel::3/map_8.jpg::th::zh,th,zh,dependent,0,1,0,1,1,1,0,0,0
internvl,rel::3/map_8.jpg,rel::3/map_8.jpg::zh::en,zh,en,dependent,0,1,0,0,1,0,0,-1,-1
internvl,rel::3/map_8.jpg,rel::3/map_8.jpg::zh::ru,zh,ru,dependent,0,0,0,0,0,0,0,0,0
internvl,rel::3/map_8.jpg,rel::3/map_8.jpg::zh::th,zh,th,dependent,0,0,0,0,0,0,0,0,0
internvl,rel::3/map_9.jpg,rel::3/map_9.jpg::en::ru,en,ru,dependent,1,0,1,1,-1,0,0,1,1
internvl,rel::3/map_9.jpg,rel::3/map_9.jpg::en::th,en,th,dependent,0,0,0,0,0,0,0,0,0
internvl,rel::3/map_9.jpg,rel::3/map_9.jpg::en::zh,en,zh,dependent,0,0,0,0,0,0,0,0,0
internvl,rel::3/map_9.jpg,rel::3/map_9.jpg::ru::en,ru,en,dependent,1,1,0,0,0,0,-1,-1,0
internvl,rel::3/map_9.jpg,rel::3/map_9.jpg::ru::th,ru,th,dependent,1,1,0,0,0,0,-1,-1,0
internvl,rel::3/map_9.jpg,rel::3/map_9.jpg::ru::zh,ru,zh,dependent,1,1,0,0,0,0,-1,-1,0
internvl,rel::3/map_9.jpg,rel::3/map_9.jpg::th::en,th,en,dependent,0,0,0,0,0,0,0,0,0
internvl,rel::3/map_9.jpg,rel::3/map_9.jpg::th::ru,th,ru,dependent,0,0,1,1,0,0,1,1,0
internvl,rel::3/map_9.jpg,rel::3/map_9.jpg::th::zh,th,zh,dependent,0,0,0,0,0,0,0,0,0
internvl,rel::3/map_9.jpg,rel::3/map_9.jpg::zh::en,zh,en,dependent,0,0,0,0,0,0,0,0,0
internvl,rel::3/map_9.jpg,rel::3/map_9.jpg::zh::ru,zh,ru,dependent,0,0,1,1,0,0,1,1,0
internvl,rel::3/map_9.jpg,rel::3/map_9.jpg::zh::th,zh,th,dependent,0,0,0,0,0,0,0,0,0
internvl,rel::3/music_1.jpg,rel::3/music_1.jpg::en::ru,en,ru,dependent,1,1,0,0,0,0,-1,-1,0
internvl,rel::3/music_1.jpg,rel::3/music_1.jpg::en::th,en,th,dependent,1,0,0,0,-1,0,-1,0,1
internvl,rel::3/music_1.jpg,rel::3/music_1.jpg::en::zh,en,zh,dependent,1,1,1,1,0,0,0,0,0
internvl,rel::3/music_1.jpg,rel::3/music_1.jpg::ru::en,ru,en,dependent,0,0,1,1,0,0,1,1,0
internvl,rel::3/music_1.jpg,rel::3/music_1.jpg::ru::th,ru,th,dependent,0,0,0,0,0,0,0,0,0
internvl,rel::3/music_1.jpg,rel::3/music_1.jpg::ru::zh,ru,zh,dependent,0,0,0,1,0,1,0,1,1
internvl,rel::3/music_1.jpg,rel::3/music_1.jpg::th::en,th,en,dependent,0,0,0,1,0,1,0,1,1
internvl,rel::3/music_1.jpg,rel::3/music_1.jpg::th::ru,th,ru,dependent,0,0,0,0,0,0,0,0,0
internvl,rel::3/music_1.jpg,rel::3/music_1.jpg::th::zh,th,zh,dependent,0,0,0,1,0,1,0,1,1
internvl,rel::3/music_1.jpg,rel::3/music_1.jpg::zh::en,zh,en,dependent,1,1,1,1,0,0,0,0,0
internvl,rel::3/music_1.jpg,rel::3/music_1.jpg::zh::ru,zh,ru,dependent,1,1,0,0,0,0,-1,-1,0
internvl,rel::3/music_1.jpg,rel::3/music_1.jpg::zh::th,zh,th,dependent,1,0,0,0,-1,0,-1,0,1
internvl,rel::3/music_10.jpg,rel::3/music_10.jpg::en::ru,en,ru,dependent,1,1,1,1,0,0,0,0,0
internvl,rel::3/music_10.jpg,rel::3/music_10.jpg::en::th,en,th,dependent,1,0,1,0,-1,-1,0,0,0
internvl,rel::3/music_10.jpg,rel::3/music_10.jpg::en::zh,en,zh,dependent,0,0,0,1,0,1,0,1,1
internvl,rel::3/music_10.jpg,rel::3/music_10.jpg::ru::en,ru,en,dependent,1,1,0,0,0,0,-1,-1,0
internvl,rel::3/music_10.jpg,rel::3/music_10.jpg::ru::th,ru,th,dependent,0,0,0,0,0,0,0,0,0
internvl,rel::3/music_10.jpg,rel::3/music_10.jpg::ru::zh,ru,zh,dependent,0,1,0,1,1,1,0,0,0
internvl,rel::3/music_10.jpg,rel::3/music_10.jpg::th::en,th,en,dependent,1,1,1,0,0,-1,0,-1,-1
internvl,rel::3/music_10.jpg,rel::3/music_10.jpg::th::ru,th,ru,dependent,0,0,1,1,0,0,1,1,0
internvl,rel::3/music_10.jpg,rel::3/music_10.jpg::th::zh,th,zh,dependent,0,1,0,1,1,1,0,0,0
internvl,rel::3/music_10.jpg,rel::3/music_10.jpg::zh::en,zh,en,dependent,1,0,0,0,-1,0,-1,0,1
internvl,rel::3/music_10.jpg,rel::3/music_10.jpg::zh::ru,zh,ru,dependent,1,1,1,1,0,0,0,0,0
internvl,rel::3/music_10.jpg,rel::3/music_10.jpg::zh::th,zh,th,dependent,0,0,1,0,0,-1,1,0,-1
internvl,rel::3/music_2.jpg,rel::3/music_2.jpg::en::ru,en,ru,independent,0,0,0,0,0,0,0,0,0
internvl,rel::3/music_2.jpg,rel::3/music_2.jpg::en::th,en,th,independent,0,0,0,0,0,0,0,0,0
internvl,rel::3/music_2.jpg,rel::3/music_2.jpg::en::zh,en,zh,independent,0,0,0,0,0,0,0,0,0
internvl,rel::3/music_2.jpg,rel::3/music_2.jpg::ru::en,ru,en,independent,0,0,0,0,0,0,0,0,0
internvl,rel::3/music_2.jpg,rel::3/music_2.jpg::ru::th,ru,th,independent,0,0,0,0,0,0,0,0,0
internvl,rel::3/music_2.jpg,rel::3/music_2.jpg::ru::zh,ru,zh,independent,0,0,0,0,0,0,0,0,0
internvl,rel::3/music_2.jpg,rel::3/music_2.jpg::th::en,th,en,independent,0,0,0,0,0,0,0,0,0
internvl,rel::3/music_2.jpg,rel::3/music_2.jpg::th::ru,th,ru,independent,0,0,0,0,0,0,0,0,0
internvl,rel::3/music_2.jpg,rel::3/music_2.jpg::th::zh,th,zh,independent,0,0,0,0,0,0,0,0,0
internvl,rel::3/music_2.jpg,rel::3/music_2.jpg::zh::en,zh,en,independent,0,0,0,0,0,0,0,0,0
internvl,rel::3/music_2.jpg,rel::3/music_2.jpg::zh::ru,zh,ru,independent,0,0,0,0,0,0,0,0,0
internvl,rel::3/music_2.jpg,rel::3/music_2.jpg::zh::th,zh,th,independent,0,0,0,0,0,0,0,0,0
internvl,rel::3/music_3.jpg,rel::3/music_3.jpg::en::ru,en,ru,dependent,1,1,1,1,0,0,0,0,0
internvl,rel::3/music_3.jpg,rel::3/music_3.jpg::en::th,en,th,dependent,1,1,1,1,0,0,0,0,0
internvl,rel::3/music_3.jpg,rel::3/music_3.jpg::en::zh,en,zh,dependent,1,1,1,1,0,0,0,0,0
internvl,rel::3/music_3.jpg,rel::3/music_3.jpg::ru::en,ru,en,dependent,1,1,1,1,0,0,0,0,0
internvl,rel::3/music_3.jpg,rel::3/music_3.jpg::ru::th,ru,th,dependent,1,1,1,1,0,0,0,0,0
internvl,rel::3/music_3.jpg,rel::3/music_3.jpg::ru::zh,ru,zh,dependent,1,1,1,1,0,0,0,0,0
internvl,rel::3/music_3.jpg,rel::3/music_3.jpg::th::en,th,en,dependent,1,1,1,1,0,0,0,0,0
internvl,rel::3/music_3.jpg,rel::3/music_3.jpg::th::ru,th,ru,dependent,1,1,1,1,0,0,0,0,0
internvl,rel::3/music_3.jpg,rel::3/music_3.jpg::th::zh,th,zh,dependent,1,1,1,1,0,0,0,0,0
internvl,rel::3/music_3.jpg,rel::3/music_3.jpg::zh::en,zh,en,dependent,1,1,1,1,0,0,0,0,0
internvl,rel::3/music_3.jpg,rel::3/music_3.jpg::zh::ru,zh,ru,dependent,1,1,1,1,0,0,0,0,0
internvl,rel::3/music_3.jpg,rel::3/music_3.jpg::zh::th,zh,th,dependent,1,1,1,1,0,0,0,0,0
internvl,rel::3/music_4.jpg,rel::3/music_4.jpg::en::ru,en,ru,dependent,0,0,0,0,0,0,0,0,0
internvl,rel::3/music_4.jpg,rel::3/music_4.jpg::en::th,en,th,dependent,0,0,0,0,0,0,0,0,0
internvl,rel::3/music_4.jpg,rel::3/music_4.jpg::en::zh,en,zh,dependent,0,0,0,0,0,0,0,0,0
internvl,rel::3/music_4.jpg,rel::3/music_4.jpg::ru::en,ru,en,dependent,0,0,0,0,0,0,0,0,0
internvl,rel::3/music_4.jpg,rel::3/music_4.jpg::ru::th,ru,th,dependent,0,0,0,0,0,0,0,0,0
internvl,rel::3/music_4.jpg,rel::3/music_4.jpg::ru::zh,ru,zh,dependent,0,0,0,0,0,0,0,0,0
internvl,rel::3/music_4.jpg,rel::3/music_4.jpg::th::en,th,en,dependent,0,0,0,0,0,0,0,0,0
internvl,rel::3/music_4.jpg,rel::3/music_4.jpg::th::ru,th,ru,dependent,0,0,0,0,0,0,0,0,0
internvl,rel::3/music_4.jpg,rel::3/music_4.jpg::th::zh,th,zh,dependent,0,0,0,0,0,0,0,0,0
internvl,rel::3/music_4.jpg,rel::3/music_4.jpg::zh::en,zh,en,dependent,0,0,0,0,0,0,0,0,0
internvl,rel::3/music_4.jpg,rel::3/music_4.jpg::zh::ru,zh,ru,dependent,0,0,0,0,0,0,0,0,0
internvl,rel::3/music_4.jpg,rel::3/music_4.jpg::zh::th,zh,th,dependent,0,0,0,0,0,0,0,0,0
internvl,rel::3/music_5.jpg,rel::3/music_5.jpg::en::ru,en,ru,dependent,0,0,0,0,0,0,0,0,0
internvl,rel::3/music_5.jpg,rel::3/music_5.jpg::en::th,en,th,dependent,0,1,0,0,1,0,0,-1,-1
internvl,rel::3/music_5.jpg,rel::3/music_5.jpg::en::zh,en,zh,dependent,0,0,0,0,0,0,0,0,0
internvl,rel::3/music_5.jpg,rel::3/music_5.jpg::ru::en,ru,en,dependent,0,0,0,0,0,0,0,0,0
internvl,rel::3/music_5.jpg,rel::3/music_5.jpg::ru::th,ru,th,dependent,0,1,0,0,1,0,0,-1,-1
internvl,rel::3/music_5.jpg,rel::3/music_5.jpg::ru::zh,ru,zh,dependent,0,0,0,0,0,0,0,0,0
internvl,rel::3/music_5.jpg,rel::3/music_5.jpg::th::en,th,en,dependent,0,0,0,0,0,0,0,0,0
internvl,rel::3/music_5.jpg,rel::3/music_5.jpg::th::ru,th,ru,dependent,0,0,1,0,0,-1,1,0,-1
internvl,rel::3/music_5.jpg,rel::3/music_5.jpg::th::zh,th,zh,dependent,0,0,1,0,0,-1,1,0,-1
internvl,rel::3/music_5.jpg,rel::3/music_5.jpg::zh::en,zh,en,dependent,0,0,0,0,0,0,0,0,0
internvl,rel::3/music_5.jpg,rel::3/music_5.jpg::zh::ru,zh,ru,dependent,0,0,0,0,0,0,0,0,0
internvl,rel::3/music_5.jpg,rel::3/music_5.jpg::zh::th,zh,th,dependent,0,0,0,0,0,0,0,0,0
internvl,rel::3/music_6.jpg,rel::3/music_6.jpg::en::th,en,th,independent,1,1,1,1,0,0,0,0,0
internvl,rel::3/music_6.jpg,rel::3/music_6.jpg::en::zh,en,zh,independent,1,1,1,1,0,0,0,0,0
internvl,rel::3/music_6.jpg,rel::3/music_6.jpg::th::en,th,en,independent,1,1,1,1,0,0,0,0,0
internvl,rel::3/music_6.jpg,rel::3/music_6.jpg::th::zh,th,zh,independent,1,1,1,1,0,0,0,0,0
internvl,rel::3/music_6.jpg,rel::3/music_6.jpg::zh::en,zh,en,independent,1,1,1,1,0,0,0,0,0
internvl,rel::3/music_6.jpg,rel::3/music_6.jpg::zh::th,zh,th,independent,1,1,1,1,0,0,0,0,0
internvl,rel::3/music_7.jpg,rel::3/music_7.jpg::en::ru,en,ru,dependent,1,1,1,1,0,0,0,0,0
internvl,rel::3/music_7.jpg,rel::3/music_7.jpg::en::th,en,th,dependent,1,1,0,0,0,0,-1,-1,0
internvl,rel::3/music_7.jpg,rel::3/music_7.jpg::en::zh,en,zh,dependent,1,1,1,1,0,0,0,0,0
internvl,rel::3/music_7.jpg,rel::3/music_7.jpg::ru::en,ru,en,dependent,1,1,1,1,0,0,0,0,0
internvl,rel::3/music_7.jpg,rel::3/music_7.jpg::ru::th,ru,th,dependent,0,1,0,0,1,0,0,-1,-1
internvl,rel::3/music_7.jpg,rel::3/music_7.jpg::ru::zh,ru,zh,dependent,1,1,1,1,0,0,0,0,0
internvl,rel::3/music_7.jpg,rel::3/music_7.jpg::th::en,th,en,dependent,0,0,1,1,0,0,1,1,0
internvl,rel::3/music_7.jpg,rel::3/music_7.jpg::th::ru,th,ru,dependent,0,0,1,1,0,0,1,1,0
internvl,rel::3/music_7.jpg,rel::3/music_7.jpg::th::zh,th,zh,dependent,0,0,1,1,0,0,1,1,0
internvl,rel::3/music_7.jpg,rel::3/music_7.jpg::zh::en,zh,en,dependent,1,1,1,1,0,0,0,0,0
internvl,rel::3/music_7.jpg,rel::3/music_7.jpg::zh::ru,zh,ru,dependent,1,1,1,1,0,0,0,0,0
internvl,rel::3/music_7.jpg,rel::3/music_7.jpg::zh::th,zh,th,dependent,1,1,0,0,0,0,-1,-1,0
internvl,rel::3/music_8.jpg,rel::3/music_8.jpg::en::ru,en,ru,dependent,0,0,1,1,0,0,1,1,0
internvl,rel::3/music_8.jpg,rel::3/music_8.jpg::en::th,en,th,dependent,0,0,0,1,0,1,0,1,1
internvl,rel::3/music_8.jpg,rel::3/music_8.jpg::en::zh,en,zh,dependent,0,0,0,0,0,0,0,0,0
internvl,rel::3/music_8.jpg,rel::3/music_8.jpg::ru::en,ru,en,dependent,0,1,0,0,1,0,0,-1,-1
internvl,rel::3/music_8.jpg,rel::3/music_8.jpg::ru::th,ru,th,dependent,0,0,0,1,0,1,0,1,1
internvl,rel::3/music_8.jpg,rel::3/music_8.jpg::ru::zh,ru,zh,dependent,0,1,0,0,1,0,0,-1,-1
internvl,rel::3/music_8.jpg,rel::3/music_8.jpg::th::en,th,en,dependent,0,0,0,0,0,0,0,0,0
internvl,rel::3/music_8.jpg,rel::3/music_8.jpg::th::ru,th,ru,dependent,1,0,0,1,-1,1,-1,1,2
internvl,rel::3/music_8.jpg,rel::3/music_8.jpg::th::zh,th,zh,dependent,0,0,0,0,0,0,0,0,0
internvl,rel::3/music_8.jpg,rel::3/music_8.jpg::zh::en,zh,en,dependent,0,0,0,0,0,0,0,0,0
internvl,rel::3/music_8.jpg,rel::3/music_8.jpg::zh::ru,zh,ru,dependent,0,0,0,1,0,1,0,1,1
internvl,rel::3/music_8.jpg,rel::3/music_8.jpg::zh::th,zh,th,dependent,0,0,0,1,0,1,0,1,1
internvl,rel::3/music_9.jpg,rel::3/music_9.jpg::en::ru,en,ru,dependent,1,1,1,1,0,0,0,0,0
internvl,rel::3/music_9.jpg,rel::3/music_9.jpg::en::th,en,th,dependent,0,1,1,1,1,0,1,0,-1
internvl,rel::3/music_9.jpg,rel::3/music_9.jpg::en::zh,en,zh,dependent,1,1,1,1,0,0,0,0,0
internvl,rel::3/music_9.jpg,rel::3/music_9.jpg::ru::en,ru,en,dependent,1,1,1,1,0,0,0,0,0
internvl,rel::3/music_9.jpg,rel::3/music_9.jpg::ru::th,ru,th,dependent,1,1,1,1,0,0,0,0,0
internvl,rel::3/music_9.jpg,rel::3/music_9.jpg::ru::zh,ru,zh,dependent,1,1,1,1,0,0,0,0,0
internvl,rel::3/music_9.jpg,rel::3/music_9.jpg::th::en,th,en,dependent,1,1,1,1,0,0,0,0,0
internvl,rel::3/music_9.jpg,rel::3/music_9.jpg::th::ru,th,ru,dependent,1,1,1,1,0,0,0,0,0
internvl,rel::3/music_9.jpg,rel::3/music_9.jpg::th::zh,th,zh,dependent,1,1,1,1,0,0,0,0,0
internvl,rel::3/music_9.jpg,rel::3/music_9.jpg::zh::en,zh,en,dependent,1,1,1,1,0,0,0,0,0
internvl,rel::3/music_9.jpg,rel::3/music_9.jpg::zh::ru,zh,ru,dependent,1,1,1,1,0,0,0,0,0
internvl,rel::3/music_9.jpg,rel::3/music_9.jpg::zh::th,zh,th,dependent,1,1,1,1,0,0,0,0,0
internvl,rel::3/note_1.jpg,rel::3/note_1.jpg::en::ru,en,ru,independent,1,1,0,0,0,0,-1,-1,0
internvl,rel::3/note_1.jpg,rel::3/note_1.jpg::en::th,en,th,independent,1,1,1,1,0,0,0,0,0
internvl,rel::3/note_1.jpg,rel::3/note_1.jpg::en::zh,en,zh,independent,1,1,1,1,0,0,0,0,0
internvl,rel::3/note_1.jpg,rel::3/note_1.jpg::ru::en,ru,en,independent,0,0,1,1,0,0,1,1,0
internvl,rel::3/note_1.jpg,rel::3/note_1.jpg::ru::th,ru,th,independent,0,0,1,1,0,0,1,1,0
internvl,rel::3/note_1.jpg,rel::3/note_1.jpg::ru::zh,ru,zh,independent,1,1,1,1,0,0,0,0,0
internvl,rel::3/note_1.jpg,rel::3/note_1.jpg::th::en,th,en,independent,1,1,1,1,0,0,0,0,0
internvl,rel::3/note_1.jpg,rel::3/note_1.jpg::th::ru,th,ru,independent,0,0,0,0,0,0,0,0,0
internvl,rel::3/note_1.jpg,rel::3/note_1.jpg::th::zh,th,zh,independent,1,1,1,1,0,0,0,0,0
internvl,rel::3/note_1.jpg,rel::3/note_1.jpg::zh::en,zh,en,independent,1,1,1,1,0,0,0,0,0
internvl,rel::3/note_1.jpg,rel::3/note_1.jpg::zh::ru,zh,ru,independent,1,1,0,0,0,0,-1,-1,0
internvl,rel::3/note_1.jpg,rel::3/note_1.jpg::zh::th,zh,th,independent,1,1,1,1,0,0,0,0,0
internvl,rel::3/note_10.jpg,rel::3/note_10.jpg::en::ru,en,ru,dependent,1,1,0,1,0,1,-1,0,1
internvl,rel::3/note_10.jpg,rel::3/note_10.jpg::en::th,en,th,dependent,1,0,0,0,-1,0,-1,0,1
internvl,rel::3/note_10.jpg,rel::3/note_10.jpg::en::zh,en,zh,dependent,1,1,1,1,0,0,0,0,0
internvl,rel::3/note_10.jpg,rel::3/note_10.jpg::ru::en,ru,en,dependent,1,1,1,1,0,0,0,0,0
internvl,rel::3/note_10.jpg,rel::3/note_10.jpg::ru::th,ru,th,dependent,0,0,0,0,0,0,0,0,0
internvl,rel::3/note_10.jpg,rel::3/note_10.jpg::ru::zh,ru,zh,dependent,1,1,1,1,0,0,0,0,0
internvl,rel::3/note_10.jpg,rel::3/note_10.jpg::th::en,th,en,dependent,0,0,1,1,0,0,1,1,0
internvl,rel::3/note_10.jpg,rel::3/note_10.jpg::th::ru,th,ru,dependent,0,0,0,1,0,1,0,1,1
internvl,rel::3/note_10.jpg,rel::3/note_10.jpg::th::zh,th,zh,dependent,0,0,0,1,0,1,0,1,1
internvl,rel::3/note_10.jpg,rel::3/note_10.jpg::zh::en,zh,en,dependent,1,1,1,1,0,0,0,0,0
internvl,rel::3/note_10.jpg,rel::3/note_10.jpg::zh::ru,zh,ru,dependent,0,1,0,1,1,1,0,0,0
internvl,rel::3/note_10.jpg,rel::3/note_10.jpg::zh::th,zh,th,dependent,0,0,0,0,0,0,0,0,0
internvl,rel::3/note_2.jpg,rel::3/note_2.jpg::en::ru,en,ru,independent,1,1,0,0,0,0,-1,-1,0
internvl,rel::3/note_2.jpg,rel::3/note_2.jpg::en::th,en,th,independent,1,1,0,0,0,0,-1,-1,0
internvl,rel::3/note_2.jpg,rel::3/note_2.jpg::ru::en,ru,en,independent,0,0,0,0,0,0,0,0,0
internvl,rel::3/note_2.jpg,rel::3/note_2.jpg::ru::th,ru,th,independent,0,0,0,0,0,0,0,0,0
internvl,rel::3/note_2.jpg,rel::3/note_2.jpg::th::en,th,en,independent,0,0,0,0,0,0,0,0,0
internvl,rel::3/note_2.jpg,rel::3/note_2.jpg::th::ru,th,ru,independent,0,0,0,0,0,0,0,0,0
internvl,rel::3/note_3.jpg,rel::3/note_3.jpg::en::ru,en,ru,independent,0,0,0,0,0,0,0,0,0
internvl,rel::3/note_3.jpg,rel::3/note_3.jpg::en::th,en,th,independent,0,0,1,1,0,0,1,1,0
internvl,rel::3/note_3.jpg,rel::3/note_3.jpg::en::zh,en,zh,independent,0,0,0,0,0,0,0,0,0
internvl,rel::3/note_3.jpg,rel::3/note_3.jpg::ru::en,ru,en,independent,0,0,0,0,0,0,0,0,0
internvl,rel::3/note_3.jpg,rel::3/note_3.jpg::ru::th,ru,th,independent,0,0,1,1,0,0,1,1,0
internvl,rel::3/note_3.jpg,rel::3/note_3.jpg::ru::zh,ru,zh,independent,0,0,0,0,0,0,0,0,0
internvl,rel::3/note_3.jpg,rel::3/note_3.jpg::th::en,th,en,independent,1,1,0,0,0,0,-1,-1,0
internvl,rel::3/note_3.jpg,rel::3/note_3.jpg::th::ru,th,ru,independent,1,1,0,0,0,0,-1,-1,0
internvl,rel::3/note_3.jpg,rel::3/note_3.jpg::th::zh,th,zh,independent,1,1,0,0,0,0,-1,-1,0
internvl,rel::3/note_3.jpg,rel::3/note_3.jpg::zh::en,zh,en,independent,0,0,0,0,0,0,0,0,0
internvl,rel::3/note_3.jpg,rel::3/note_3.jpg::zh::ru,zh,ru,independent,0,0,0,0,0,0,0,0,0
internvl,rel::3/note_3.jpg,rel::3/note_3.jpg::zh::th,zh,th,independent,0,0,1,1,0,0,1,1,0
internvl,rel::3/note_4.jpg,rel::3/note_4.jpg::en::ru,en,ru,dependent,0,1,0,0,1,0,0,-1,-1
internvl,rel::3/note_4.jpg,rel::3/note_4.jpg::en::th,en,th,dependent,0,0,0,0,0,0,0,0,0
internvl,rel::3/note_4.jpg,rel::3/note_4.jpg::en::zh,en,zh,dependent,1,1,1,1,0,0,0,0,0
internvl,rel::3/note_4.jpg,rel::3/note_4.jpg::ru::en,ru,en,dependent,0,0,0,1,0,1,0,1,1
internvl,rel::3/note_4.jpg,rel::3/note_4.jpg::ru::th,ru,th,dependent,0,0,0,0,0,0,0,0,0
internvl,rel::3/note_4.jpg,rel::3/note_4.jpg::ru::zh,ru,zh,dependent,0,0,0,1,0,1,0,1,1
internvl,rel::3/note_4.jpg,rel::3/note_4.jpg::th::en,th,en,dependent,1,1,1,1,0,0,0,0,0
internvl,rel::3/note_4.jpg,rel::3/note_4.jpg::th::ru,th,ru,dependent,0,0,0,0,0,0,0,0,0
internvl,rel::3/note_4.jpg,rel::3/note_4.jpg::th::zh,th,zh,dependent,0,1,1,1,1,0,1,0,-1
internvl,rel::3/note_4.jpg,rel::3/note_4.jpg::zh::en,zh,en,dependent,1,1,1,1,0,0,0,0,0
internvl,rel::3/note_4.jpg,rel::3/note_4.jpg::zh::ru,zh,ru,dependent,0,0,0,0,0,0,0,0,0
internvl,rel::3/note_4.jpg,rel::3/note_4.jpg::zh::th,zh,th,dependent,0,1,0,0,1,0,0,-1,-1
internvl,rel::3/note_5.jpg,rel::3/note_5.jpg::en::ru,en,ru,dependent,1,0,0,0,-1,0,-1,0,1
internvl,rel::3/note_5.jpg,rel::3/note_5.jpg::en::th,en,th,dependent,1,0,0,0,-1,0,-1,0,1
internvl,rel::3/note_5.jpg,rel::3/note_5.jpg::en::zh,en,zh,dependent,1,1,1,1,0,0,0,0,0
internvl,rel::3/note_5.jpg,rel::3/note_5.jpg::ru::en,ru,en,dependent,0,1,0,1,1,1,0,0,0
internvl,rel::3/note_5.jpg,rel::3/note_5.jpg::ru::th,ru,th,dependent,0,0,0,0,0,0,0,0,0
internvl,rel::3/note_5.jpg,rel::3/note_5.jpg::ru::zh,ru,zh,dependent,1,1,1,1,0,0,0,0,0
internvl,rel::3/note_5.jpg,rel::3/note_5.jpg::th::en,th,en,dependent,0,0,1,1,0,0,1,1,0
internvl,rel::3/note_5.jpg,rel::3/note_5.jpg::th::ru,th,ru,dependent,0,0,0,0,0,0,0,0,0
internvl,rel::3/note_5.jpg,rel::3/note_5.jpg::th::zh,th,zh,dependent,0,0,1,1,0,0,1,1,0
internvl,rel::3/note_5.jpg,rel::3/note_5.jpg::zh::en,zh,en,dependent,1,1,1,1,0,0,0,0,0
internvl,rel::3/note_5.jpg,rel::3/note_5.jpg::zh::ru,zh,ru,dependent,1,1,1,0,0,-1,0,-1,-1
internvl,rel::3/note_5.jpg,rel::3/note_5.jpg::zh::th,zh,th,dependent,1,1,0,0,0,0,-1,-1,0
internvl,rel::3/note_6.jpg,rel::3/note_6.jpg::en::ru,en,ru,independent,1,1,1,1,0,0,0,0,0
internvl,rel::3/note_6.jpg,rel::3/note_6.jpg::en::th,en,th,independent,1,1,1,1,0,0,0,0,0
internvl,rel::3/note_6.jpg,rel::3/note_6.jpg::en::zh,en,zh,independent,1,1,1,1,0,0,0,0,0
internvl,rel::3/note_6.jpg,rel::3/note_6.jpg::ru::en,ru,en,independent,1,1,1,1,0,0,0,0,0
internvl,rel::3/note_6.jpg,rel::3/note_6.jpg::ru::th,ru,th,independent,1,1,1,1,0,0,0,0,0
internvl,rel::3/note_6.jpg,rel::3/note_6.jpg::ru::zh,ru,zh,independent,1,1,1,1,0,0,0,0,0
internvl,rel::3/note_6.jpg,rel::3/note_6.jpg::th::en,th,en,independent,1,1,1,1,0,0,0,0,0
internvl,rel::3/note_6.jpg,rel::3/note_6.jpg::th::ru,th,ru,independent,1,1,1,1,0,0,0,0,0
internvl,rel::3/note_6.jpg,rel::3/note_6.jpg::th::zh,th,zh,independent,1,1,1,1,0,0,0,0,0
internvl,rel::3/note_6.jpg,rel::3/note_6.jpg::zh::en,zh,en,independent,1,1,1,1,0,0,0,0,0
internvl,rel::3/note_6.jpg,rel::3/note_6.jpg::zh::ru,zh,ru,independent,1,1,1,1,0,0,0,0,0
internvl,rel::3/note_6.jpg,rel::3/note_6.jpg::zh::th,zh,th,independent,1,1,1,1,0,0,0,0,0
internvl,rel::3/note_7.jpg,rel::3/note_7.jpg::en::ru,en,ru,dependent,0,0,0,0,0,0,0,0,0
internvl,rel::3/note_7.jpg,rel::3/note_7.jpg::en::th,en,th,dependent,0,0,0,0,0,0,0,0,0
internvl,rel::3/note_7.jpg,rel::3/note_7.jpg::en::zh,en,zh,dependent,0,1,0,0,1,0,0,-1,-1
internvl,rel::3/note_7.jpg,rel::3/note_7.jpg::ru::en,ru,en,dependent,1,1,1,1,0,0,0,0,0
internvl,rel::3/note_7.jpg,rel::3/note_7.jpg::ru::th,ru,th,dependent,0,0,0,0,0,0,0,0,0
internvl,rel::3/note_7.jpg,rel::3/note_7.jpg::ru::zh,ru,zh,dependent,0,0,0,0,0,0,0,0,0
internvl,rel::3/note_7.jpg,rel::3/note_7.jpg::th::en,th,en,dependent,0,0,1,1,0,0,1,1,0
internvl,rel::3/note_7.jpg,rel::3/note_7.jpg::th::ru,th,ru,dependent,0,0,0,0,0,0,0,0,0
internvl,rel::3/note_7.jpg,rel::3/note_7.jpg::th::zh,th,zh,dependent,0,0,0,0,0,0,0,0,0
internvl,rel::3/note_7.jpg,rel::3/note_7.jpg::zh::en,zh,en,dependent,1,1,1,1,0,0,0,0,0
internvl,rel::3/note_7.jpg,rel::3/note_7.jpg::zh::ru,zh,ru,dependent,0,0,0,0,0,0,0,0,0
internvl,rel::3/note_7.jpg,rel::3/note_7.jpg::zh::th,zh,th,dependent,0,0,0,0,0,0,0,0,0
internvl,rel::3/note_8.jpg,rel::3/note_8.jpg::en::ru,en,ru,dependent,1,1,1,0,0,-1,0,-1,-1
internvl,rel::3/note_8.jpg,rel::3/note_8.jpg::en::th,en,th,dependent,1,1,0,1,0,1,-1,0,1
internvl,rel::3/note_8.jpg,rel::3/note_8.jpg::en::zh,en,zh,dependent,1,1,1,1,0,0,0,0,0
internvl,rel::3/note_8.jpg,rel::3/note_8.jpg::ru::en,ru,en,dependent,0,1,1,1,1,0,1,0,-1
internvl,rel::3/note_8.jpg,rel::3/note_8.jpg::ru::th,ru,th,dependent,1,0,1,1,-1,0,0,1,1
internvl,rel::3/note_8.jpg,rel::3/note_8.jpg::ru::zh,ru,zh,dependent,0,0,1,1,0,0,1,1,0
internvl,rel::3/note_8.jpg,rel::3/note_8.jpg::th::en,th,en,dependent,1,1,1,1,0,0,0,0,0
internvl,rel::3/note_8.jpg,rel::3/note_8.jpg::th::ru,th,ru,dependent,1,1,0,0,0,0,-1,-1,0
internvl,rel::3/note_8.jpg,rel::3/note_8.jpg::th::zh,th,zh,dependent,1,1,1,1,0,0,0,0,0
internvl,rel::3/note_8.jpg,rel::3/note_8.jpg::zh::en,zh,en,dependent,1,1,1,1,0,0,0,0,0
internvl,rel::3/note_8.jpg,rel::3/note_8.jpg::zh::ru,zh,ru,dependent,1,1,0,0,0,0,-1,-1,0
internvl,rel::3/note_8.jpg,rel::3/note_8.jpg::zh::th,zh,th,dependent,1,1,1,1,0,0,0,0,0
internvl,rel::3/note_9.jpg,rel::3/note_9.jpg::en::ru,en,ru,dependent,0,1,0,1,1,1,0,0,0
internvl,rel::3/note_9.jpg,rel::3/note_9.jpg::en::th,en,th,dependent,0,0,0,0,0,0,0,0,0
internvl,rel::3/note_9.jpg,rel::3/note_9.jpg::en::zh,en,zh,dependent,0,1,0,1,1,1,0,0,0
internvl,rel::3/note_9.jpg,rel::3/note_9.jpg::ru::en,ru,en,dependent,1,1,0,0,0,0,-1,-1,0
internvl,rel::3/note_9.jpg,rel::3/note_9.jpg::ru::th,ru,th,dependent,1,0,1,0,-1,-1,0,0,0
internvl,rel::3/note_9.jpg,rel::3/note_9.jpg::ru::zh,ru,zh,dependent,1,1,0,1,0,1,-1,0,1
internvl,rel::3/note_9.jpg,rel::3/note_9.jpg::th::en,th,en,dependent,0,0,0,0,0,0,0,0,0
internvl,rel::3/note_9.jpg,rel::3/note_9.jpg::th::ru,th,ru,dependent,0,1,0,1,1,1,0,0,0
internvl,rel::3/note_9.jpg,rel::3/note_9.jpg::th::zh,th,zh,dependent,0,0,0,1,0,1,0,1,1
internvl,rel::3/note_9.jpg,rel::3/note_9.jpg::zh::en,zh,en,dependent,1,0,0,0,-1,0,-1,0,1
internvl,rel::3/note_9.jpg,rel::3/note_9.jpg::zh::ru,zh,ru,dependent,1,1,1,1,0,0,0,0,0
internvl,rel::3/note_9.jpg,rel::3/note_9.jpg::zh::th,zh,th,dependent,1,0,0,0,-1,0,-1,0,1
internvl,rel::3/settings_1.jpg,rel::3/settings_1.jpg::en::ru,en,ru,dependent,0,1,0,1,1,1,0,0,0
internvl,rel::3/settings_1.jpg,rel::3/settings_1.jpg::en::th,en,th,dependent,0,0,0,0,0,0,0,0,0
internvl,rel::3/settings_1.jpg,rel::3/settings_1.jpg::en::zh,en,zh,dependent,1,1,0,1,0,1,-1,0,1
internvl,rel::3/settings_1.jpg,rel::3/settings_1.jpg::ru::en,ru,en,dependent,1,1,1,1,0,0,0,0,0
internvl,rel::3/settings_1.jpg,rel::3/settings_1.jpg::ru::th,ru,th,dependent,0,0,0,0,0,0,0,0,0
internvl,rel::3/settings_1.jpg,rel::3/settings_1.jpg::ru::zh,ru,zh,dependent,1,1,0,1,0,1,-1,0,1
internvl,rel::3/settings_1.jpg,rel::3/settings_1.jpg::th::en,th,en,dependent,0,1,0,1,1,1,0,0,0
internvl,rel::3/settings_1.jpg,rel::3/settings_1.jpg::th::ru,th,ru,dependent,0,0,0,1,0,1,0,1,1
internvl,rel::3/settings_1.jpg,rel::3/settings_1.jpg::th::zh,th,zh,dependent,0,1,0,1,1,1,0,0,0
internvl,rel::3/settings_1.jpg,rel::3/settings_1.jpg::zh::en,zh,en,dependent,1,1,1,1,0,0,0,0,0
internvl,rel::3/settings_1.jpg,rel::3/settings_1.jpg::zh::ru,zh,ru,dependent,0,1,0,1,1,1,0,0,0
internvl,rel::3/settings_1.jpg,rel::3/settings_1.jpg::zh::th,zh,th,dependent,0,0,0,0,0,0,0,0,0
internvl,rel::3/settings_10.jpg,rel::3/settings_10.jpg::en::ru,en,ru,dependent,1,1,1,1,0,0,0,0,0
internvl,rel::3/settings_10.jpg,rel::3/settings_10.jpg::en::th,en,th,dependent,1,1,1,1,0,0,0,0,0
internvl,rel::3/settings_10.jpg,rel::3/settings_10.jpg::en::zh,en,zh,dependent,1,1,1,1,0,0,0,0,0
internvl,rel::3/settings_10.jpg,rel::3/settings_10.jpg::ru::en,ru,en,dependent,1,1,1,1,0,0,0,0,0
internvl,rel::3/settings_10.jpg,rel::3/settings_10.jpg::ru::th,ru,th,dependent,1,1,1,1,0,0,0,0,0
internvl,rel::3/settings_10.jpg,rel::3/settings_10.jpg::ru::zh,ru,zh,dependent,1,1,1,1,0,0,0,0,0
internvl,rel::3/settings_10.jpg,rel::3/settings_10.jpg::th::en,th,en,dependent,1,1,1,1,0,0,0,0,0
internvl,rel::3/settings_10.jpg,rel::3/settings_10.jpg::th::ru,th,ru,dependent,1,1,1,1,0,0,0,0,0
internvl,rel::3/settings_10.jpg,rel::3/settings_10.jpg::th::zh,th,zh,dependent,1,1,1,1,0,0,0,0,0
internvl,rel::3/settings_10.jpg,rel::3/settings_10.jpg::zh::en,zh,en,dependent,1,1,1,1,0,0,0,0,0
internvl,rel::3/settings_10.jpg,rel::3/settings_10.jpg::zh::ru,zh,ru,dependent,1,1,1,1,0,0,0,0,0
internvl,rel::3/settings_10.jpg,rel::3/settings_10.jpg::zh::th,zh,th,dependent,1,1,1,1,0,0,0,0,0
internvl,rel::3/settings_2.jpg,rel::3/settings_2.jpg::en::ru,en,ru,dependent,0,0,0,0,0,0,0,0,0
internvl,rel::3/settings_2.jpg,rel::3/settings_2.jpg::en::th,en,th,dependent,0,0,0,0,0,0,0,0,0
internvl,rel::3/settings_2.jpg,rel::3/settings_2.jpg::en::zh,en,zh,dependent,1,1,1,1,0,0,0,0,0
internvl,rel::3/settings_2.jpg,rel::3/settings_2.jpg::ru::en,ru,en,dependent,1,1,0,1,0,1,-1,0,1
internvl,rel::3/settings_2.jpg,rel::3/settings_2.jpg::ru::th,ru,th,dependent,0,0,0,0,0,0,0,0,0
internvl,rel::3/settings_2.jpg,rel::3/settings_2.jpg::ru::zh,ru,zh,dependent,0,1,0,1,1,1,0,0,0
internvl,rel::3/settings_2.jpg,rel::3/settings_2.jpg::th::en,th,en,dependent,0,0,0,1,0,1,0,1,1
internvl,rel::3/settings_2.jpg,rel::3/settings_2.jpg::th::ru,th,ru,dependent,0,0,0,0,0,0,0,0,0
internvl,rel::3/settings_2.jpg,rel::3/settings_2.jpg::th::zh,th,zh,dependent,0,0,0,1,0,1,0,1,1
internvl,rel::3/settings_2.jpg,rel::3/settings_2.jpg::zh::en,zh,en,dependent,1,1,1,1,0,0,0,0,0
internvl,rel::3/settings_2.jpg,rel::3/settings_2.jpg::zh::ru,zh,ru,dependent,0,0,1,0,0,-1,1,0,-1
internvl,rel::3/settings_2.jpg,rel::3/settings_2.jpg::zh::th,zh,th,dependent,1,0,0,0,-1,0,-1,0,1
internvl,rel::3/settings_3.jpg,rel::3/settings_3.jpg::en::ru,en,ru,dependent,1,1,1,1,0,0,0,0,0
internvl,rel::3/settings_3.jpg,rel::3/settings_3.jpg::en::th,en,th,dependent,1,1,1,0,0,-1,0,-1,-1
internvl,rel::3/settings_3.jpg,rel::3/settings_3.jpg::en::zh,en,zh,dependent,1,1,1,1,0,0,0,0,0
internvl,rel::3/settings_3.jpg,rel::3/settings_3.jpg::ru::en,ru,en,dependent,1,1,1,1,0,0,0,0,0
internvl,rel::3/settings_3.jpg,rel::3/settings_3.jpg::ru::th,ru,th,dependent,0,0,0,0,0,0,0,0,0
internvl,rel::3/settings_3.jpg,rel::3/settings_3.jpg::ru::zh,ru,zh,dependent,1,1,1,1,0,0,0,0,0
internvl,rel::3/settings_3.jpg,rel::3/settings_3.jpg::th::en,th,en,dependent,1,1,1,1,0,0,0,0,0
internvl,rel::3/settings_3.jpg,rel::3/settings_3.jpg::th::ru,th,ru,dependent,0,1,1,1,1,0,1,0,-1
internvl,rel::3/settings_3.jpg,rel::3/settings_3.jpg::th::zh,th,zh,dependent,1,1,1,1,0,0,0,0,0
internvl,rel::3/settings_3.jpg,rel::3/settings_3.jpg::zh::en,zh,en,dependent,1,1,1,1,0,0,0,0,0
internvl,rel::3/settings_3.jpg,rel::3/settings_3.jpg::zh::ru,zh,ru,dependent,0,1,0,1,1,1,0,0,0
internvl,rel::3/settings_3.jpg,rel::3/settings_3.jpg::zh::th,zh,th,dependent,0,1,1,0,1,-1,1,-1,-2
internvl,rel::3/settings_4.jpg,rel::3/settings_4.jpg::en::ru,en,ru,dependent,1,1,1,1,0,0,0,0,0
internvl,rel::3/settings_4.jpg,rel::3/settings_4.jpg::en::th,en,th,dependent,1,0,1,0,-1,-1,0,0,0
internvl,rel::3/settings_4.jpg,rel::3/settings_4.jpg::en::zh,en,zh,dependent,1,1,1,1,0,0,0,0,0
internvl,rel::3/settings_4.jpg,rel::3/settings_4.jpg::ru::en,ru,en,dependent,1,1,0,1,0,1,-1,0,1
internvl,rel::3/settings_4.jpg,rel::3/settings_4.jpg::ru::th,ru,th,dependent,0,1,0,0,1,0,0,-1,-1
internvl,rel::3/settings_4.jpg,rel::3/settings_4.jpg::ru::zh,ru,zh,dependent,0,1,0,1,1,1,0,0,0
internvl,rel::3/settings_4.jpg,rel::3/settings_4.jpg::th::en,th,en,dependent,1,1,1,1,0,0,0,0,0
internvl,rel::3/settings_4.jpg,rel::3/settings_4.jpg::th::ru,th,ru,dependent,1,1,1,1,0,0,0,0,0
internvl,rel::3/settings_4.jpg,rel::3/settings_4.jpg::th::zh,th,zh,dependent,1,1,0,1,0,1,-1,0,1
internvl,rel::3/settings_4.jpg,rel::3/settings_4.jpg::zh::en,zh,en,dependent,1,1,1,1,0,0,0,0,0
internvl,rel::3/settings_4.jpg,rel::3/settings_4.jpg::zh::ru,zh,ru,dependent,1,1,1,1,0,0,0,0,0
internvl,rel::3/settings_4.jpg,rel::3/settings_4.jpg::zh::th,zh,th,dependent,0,0,0,0,0,0,0,0,0
internvl,rel::3/settings_5.jpg,rel::3/settings_5.jpg::en::ru,en,ru,dependent,0,1,0,1,1,1,0,0,0
internvl,rel::3/settings_5.jpg,rel::3/settings_5.jpg::en::th,en,th,dependent,0,0,0,0,0,0,0,0,0
internvl,rel::3/settings_5.jpg,rel::3/settings_5.jpg::en::zh,en,zh,dependent,0,1,0,1,1,1,0,0,0
internvl,rel::3/settings_5.jpg,rel::3/settings_5.jpg::ru::en,ru,en,dependent,0,0,0,1,0,1,0,1,1
internvl,rel::3/settings_5.jpg,rel::3/settings_5.jpg::ru::th,ru,th,dependent,0,0,0,0,0,0,0,0,0
internvl,rel::3/settings_5.jpg,rel::3/settings_5.jpg::ru::zh,ru,zh,dependent,0,1,0,1,1,1,0,0,0
internvl,rel::3/settings_5.jpg,rel::3/settings_5.jpg::th::en,th,en,dependent,0,1,0,1,1,1,0,0,0
internvl,rel::3/settings_5.jpg,rel::3/settings_5.jpg::th::ru,th,ru,dependent,0,1,0,1,1,1,0,0,0
internvl,rel::3/settings_5.jpg,rel::3/settings_5.jpg::th::zh,th,zh,dependent,0,0,0,1,0,1,0,1,1
internvl,rel::3/settings_5.jpg,rel::3/settings_5.jpg::zh::en,zh,en,dependent,0,1,1,1,1,0,1,0,-1
internvl,rel::3/settings_5.jpg,rel::3/settings_5.jpg::zh::ru,zh,ru,dependent,0,1,0,1,1,1,0,0,0
internvl,rel::3/settings_5.jpg,rel::3/settings_5.jpg::zh::th,zh,th,dependent,0,0,0,0,0,0,0,0,0
internvl,rel::3/settings_6.jpg,rel::3/settings_6.jpg::en::ru,en,ru,dependent,0,0,0,0,0,0,0,0,0
internvl,rel::3/settings_6.jpg,rel::3/settings_6.jpg::en::th,en,th,dependent,0,0,0,0,0,0,0,0,0
internvl,rel::3/settings_6.jpg,rel::3/settings_6.jpg::ru::en,ru,en,dependent,0,0,0,0,0,0,0,0,0
internvl,rel::3/settings_6.jpg,rel::3/settings_6.jpg::ru::th,ru,th,dependent,0,0,0,0,0,0,0,0,0
internvl,rel::3/settings_6.jpg,rel::3/settings_6.jpg::th::en,th,en,dependent,0,0,0,0,0,0,0,0,0
internvl,rel::3/settings_6.jpg,rel::3/settings_6.jpg::th::ru,th,ru,dependent,0,0,0,0,0,0,0,0,0
internvl,rel::3/settings_7.jpg,rel::3/settings_7.jpg::en::ru,en,ru,dependent,1,1,1,1,0,0,0,0,0
internvl,rel::3/settings_7.jpg,rel::3/settings_7.jpg::en::th,en,th,dependent,0,0,1,1,0,0,1,1,0
internvl,rel::3/settings_7.jpg,rel::3/settings_7.jpg::en::zh,en,zh,dependent,0,1,0,1,1,1,0,0,0
internvl,rel::3/settings_7.jpg,rel::3/settings_7.jpg::ru::en,ru,en,dependent,1,1,1,1,0,0,0,0,0
internvl,rel::3/settings_7.jpg,rel::3/settings_7.jpg::ru::th,ru,th,dependent,1,1,1,1,0,0,0,0,0
internvl,rel::3/settings_7.jpg,rel::3/settings_7.jpg::ru::zh,ru,zh,dependent,1,1,0,1,0,1,-1,0,1
internvl,rel::3/settings_7.jpg,rel::3/settings_7.jpg::th::en,th,en,dependent,0,1,0,1,1,1,0,0,0
internvl,rel::3/settings_7.jpg,rel::3/settings_7.jpg::th::ru,th,ru,dependent,0,1,1,1,1,0,1,0,-1
internvl,rel::3/settings_7.jpg,rel::3/settings_7.jpg::th::zh,th,zh,dependent,0,1,0,1,1,1,0,0,0
internvl,rel::3/settings_7.jpg,rel::3/settings_7.jpg::zh::en,zh,en,dependent,0,1,1,1,1,0,1,0,-1
internvl,rel::3/settings_7.jpg,rel::3/settings_7.jpg::zh::ru,zh,ru,dependent,0,1,0,1,1,1,0,0,0
internvl,rel::3/settings_7.jpg,rel::3/settings_7.jpg::zh::th,zh,th,dependent,0,1,0,1,1,1,0,0,0
internvl,rel::3/settings_8.jpg,rel::3/settings_8.jpg::en::ru,en,ru,dependent,0,0,0,0,0,0,0,0,0
internvl,rel::3/settings_8.jpg,rel::3/settings_8.jpg::en::th,en,th,dependent,0,0,0,0,0,0,0,0,0
internvl,rel::3/settings_8.jpg,rel::3/settings_8.jpg::en::zh,en,zh,dependent,0,0,1,1,0,0,1,1,0
internvl,rel::3/settings_8.jpg,rel::3/settings_8.jpg::ru::en,ru,en,dependent,0,0,0,0,0,0,0,0,0
internvl,rel::3/settings_8.jpg,rel::3/settings_8.jpg::ru::th,ru,th,dependent,0,0,0,0,0,0,0,0,0
internvl,rel::3/settings_8.jpg,rel::3/settings_8.jpg::ru::zh,ru,zh,dependent,0,0,0,1,0,1,0,1,1
internvl,rel::3/settings_8.jpg,rel::3/settings_8.jpg::th::en,th,en,dependent,0,0,0,0,0,0,0,0,0
internvl,rel::3/settings_8.jpg,rel::3/settings_8.jpg::th::ru,th,ru,dependent,0,0,0,0,0,0,0,0,0
internvl,rel::3/settings_8.jpg,rel::3/settings_8.jpg::th::zh,th,zh,dependent,0,0,0,1,0,1,0,1,1
internvl,rel::3/settings_8.jpg,rel::3/settings_8.jpg::zh::en,zh,en,dependent,1,1,0,0,0,0,-1,-1,0
internvl,rel::3/settings_8.jpg,rel::3/settings_8.jpg::zh::ru,zh,ru,dependent,0,0,0,0,0,0,0,0,0
internvl,rel::3/settings_8.jpg,rel::3/settings_8.jpg::zh::th,zh,th,dependent,0,1,0,0,1,0,0,-1,-1
internvl,rel::3/settings_9.jpg,rel::3/settings_9.jpg::en::ru,en,ru,dependent,0,1,1,1,1,0,1,0,-1
internvl,rel::3/settings_9.jpg,rel::3/settings_9.jpg::en::th,en,th,dependent,0,0,0,0,0,0,0,0,0
internvl,rel::3/settings_9.jpg,rel::3/settings_9.jpg::en::zh,en,zh,dependent,1,1,1,1,0,0,0,0,0
internvl,rel::3/settings_9.jpg,rel::3/settings_9.jpg::ru::en,ru,en,dependent,1,1,1,1,0,0,0,0,0
internvl,rel::3/settings_9.jpg,rel::3/settings_9.jpg::ru::th,ru,th,dependent,0,0,0,0,0,0,0,0,0
internvl,rel::3/settings_9.jpg,rel::3/settings_9.jpg::ru::zh,ru,zh,dependent,0,1,0,1,1,1,0,0,0
internvl,rel::3/settings_9.jpg,rel::3/settings_9.jpg::th::en,th,en,dependent,0,1,0,1,1,1,0,0,0
internvl,rel::3/settings_9.jpg,rel::3/settings_9.jpg::th::ru,th,ru,dependent,1,1,1,1,0,0,0,0,0
internvl,rel::3/settings_9.jpg,rel::3/settings_9.jpg::th::zh,th,zh,dependent,0,1,0,1,1,1,0,0,0
internvl,rel::3/settings_9.jpg,rel::3/settings_9.jpg::zh::en,zh,en,dependent,0,1,0,1,1,1,0,0,0
internvl,rel::3/settings_9.jpg,rel::3/settings_9.jpg::zh::ru,zh,ru,dependent,1,1,1,1,0,0,0,0,0
internvl,rel::3/settings_9.jpg,rel::3/settings_9.jpg::zh::th,zh,th,dependent,0,0,0,0,0,0,0,0,0
internvl,rel::4/Gmail_4.jpg,rel::4/Gmail_4.jpg::en::ru,en,ru,dependent,1,1,1,1,0,0,0,0,0
internvl,rel::4/Gmail_4.jpg,rel::4/Gmail_4.jpg::en::th,en,th,dependent,1,1,1,1,0,0,0,0,0
internvl,rel::4/Gmail_4.jpg,rel::4/Gmail_4.jpg::en::zh,en,zh,dependent,1,1,1,1,0,0,0,0,0
internvl,rel::4/Gmail_4.jpg,rel::4/Gmail_4.jpg::ru::en,ru,en,dependent,1,1,1,1,0,0,0,0,0
internvl,rel::4/Gmail_4.jpg,rel::4/Gmail_4.jpg::ru::th,ru,th,dependent,1,0,1,1,-1,0,0,1,1
internvl,rel::4/Gmail_4.jpg,rel::4/Gmail_4.jpg::ru::zh,ru,zh,dependent,1,1,1,1,0,0,0,0,0
internvl,rel::4/Gmail_4.jpg,rel::4/Gmail_4.jpg::th::en,th,en,dependent,1,1,1,1,0,0,0,0,0
internvl,rel::4/Gmail_4.jpg,rel::4/Gmail_4.jpg::th::ru,th,ru,dependent,1,1,1,1,0,0,0,0,0
internvl,rel::4/Gmail_4.jpg,rel::4/Gmail_4.jpg::th::zh,th,zh,dependent,0,1,0,1,1,1,0,0,0
internvl,rel::4/Gmail_4.jpg,rel::4/Gmail_4.jpg::zh::en,zh,en,dependent,1,1,1,1,0,0,0,0,0
internvl,rel::4/Gmail_4.jpg,rel::4/Gmail_4.jpg::zh::ru,zh,ru,dependent,1,1,1,1,0,0,0,0,0
internvl,rel::4/Gmail_4.jpg,rel::4/Gmail_4.jpg::zh::th,zh,th,dependent,1,1,1,1,0,0,0,0,0
internvl,rel::4/Gmail_5.jpg,rel::4/Gmail_5.jpg::en::ru,en,ru,dependent,0,0,0,0,0,0,0,0,0
internvl,rel::4/Gmail_5.jpg,rel::4/Gmail_5.jpg::en::th,en,th,dependent,0,0,0,1,0,1,0,1,1
internvl,rel::4/Gmail_5.jpg,rel::4/Gmail_5.jpg::en::zh,en,zh,dependent,0,0,0,0,0,0,0,0,0
internvl,rel::4/Gmail_5.jpg,rel::4/Gmail_5.jpg::ru::en,ru,en,dependent,0,0,0,0,0,0,0,0,0
internvl,rel::4/Gmail_5.jpg,rel::4/Gmail_5.jpg::ru::th,ru,th,dependent,0,0,1,1,0,0,1,1,0
internvl,rel::4/Gmail_5.jpg,rel::4/Gmail_5.jpg::ru::zh,ru,zh,dependent,0,0,0,0,0,0,0,0,0
internvl,rel::4/Gmail_5.jpg,rel::4/Gmail_5.jpg::th::en,th,en,dependent,0,0,0,0,0,0,0,0,0
internvl,rel::4/Gmail_5.jpg,rel::4/Gmail_5.jpg::th::ru,th,ru,dependent,0,0,0,0,0,0,0,0,0
internvl,rel::4/Gmail_5.jpg,rel::4/Gmail_5.jpg::th::zh,th,zh,dependent,1,0,0,0,-1,0,-1,0,1
internvl,rel::4/Gmail_5.jpg,rel::4/Gmail_5.jpg::zh::en,zh,en,dependent,0,0,0,0,0,0,0,0,0
internvl,rel::4/Gmail_5.jpg,rel::4/Gmail_5.jpg::zh::ru,zh,ru,dependent,0,0,0,0,0,0,0,0,0
internvl,rel::4/Gmail_5.jpg,rel::4/Gmail_5.jpg::zh::th,zh,th,dependent,0,0,1,1,0,0,1,1,0
internvl,rel::4/Gmail_6.jpg,rel::4/Gmail_6.jpg::en::ru,en,ru,dependent,1,1,0,1,0,1,-1,0,1
internvl,rel::4/Gmail_6.jpg,rel::4/Gmail_6.jpg::en::th,en,th,dependent,1,1,1,1,0,0,0,0,0
internvl,rel::4/Gmail_6.jpg,rel::4/Gmail_6.jpg::en::zh,en,zh,dependent,1,1,1,1,0,0,0,0,0
internvl,rel::4/Gmail_6.jpg,rel::4/Gmail_6.jpg::ru::en,ru,en,dependent,1,1,1,1,0,0,0,0,0
internvl,rel::4/Gmail_6.jpg,rel::4/Gmail_6.jpg::ru::th,ru,th,dependent,1,1,1,1,0,0,0,0,0
internvl,rel::4/Gmail_6.jpg,rel::4/Gmail_6.jpg::ru::zh,ru,zh,dependent,1,1,1,1,0,0,0,0,0
internvl,rel::4/Gmail_6.jpg,rel::4/Gmail_6.jpg::th::en,th,en,dependent,1,1,1,1,0,0,0,0,0
internvl,rel::4/Gmail_6.jpg,rel::4/Gmail_6.jpg::th::ru,th,ru,dependent,1,1,0,1,0,1,-1,0,1
internvl,rel::4/Gmail_6.jpg,rel::4/Gmail_6.jpg::th::zh,th,zh,dependent,1,1,1,1,0,0,0,0,0
internvl,rel::4/Gmail_6.jpg,rel::4/Gmail_6.jpg::zh::en,zh,en,dependent,1,1,1,1,0,0,0,0,0
internvl,rel::4/Gmail_6.jpg,rel::4/Gmail_6.jpg::zh::ru,zh,ru,dependent,1,1,1,1,0,0,0,0,0
internvl,rel::4/Gmail_6.jpg,rel::4/Gmail_6.jpg::zh::th,zh,th,dependent,1,1,1,1,0,0,0,0,0
internvl,rel::4/Gmail_8.jpg,rel::4/Gmail_8.jpg::en::ru,en,ru,dependent,0,1,1,1,1,0,1,0,-1
internvl,rel::4/Gmail_8.jpg,rel::4/Gmail_8.jpg::en::th,en,th,dependent,0,0,0,0,0,0,0,0,0
internvl,rel::4/Gmail_8.jpg,rel::4/Gmail_8.jpg::en::zh,en,zh,dependent,1,1,0,1,0,1,-1,0,1
internvl,rel::4/Gmail_8.jpg,rel::4/Gmail_8.jpg::ru::en,ru,en,dependent,1,1,0,1,0,1,-1,0,1
internvl,rel::4/Gmail_8.jpg,rel::4/Gmail_8.jpg::ru::th,ru,th,dependent,0,1,0,0,1,0,0,-1,-1
internvl,rel::4/Gmail_8.jpg,rel::4/Gmail_8.jpg::ru::zh,ru,zh,dependent,0,1,0,1,1,1,0,0,0
internvl,rel::4/Gmail_8.jpg,rel::4/Gmail_8.jpg::th::en,th,en,dependent,0,1,0,1,1,1,0,0,0
internvl,rel::4/Gmail_8.jpg,rel::4/Gmail_8.jpg::th::ru,th,ru,dependent,0,0,0,1,0,1,0,1,1
internvl,rel::4/Gmail_8.jpg,rel::4/Gmail_8.jpg::th::zh,th,zh,dependent,0,1,0,1,1,1,0,0,0
internvl,rel::4/Gmail_8.jpg,rel::4/Gmail_8.jpg::zh::en,zh,en,dependent,0,0,1,1,0,0,1,1,0
internvl,rel::4/Gmail_8.jpg,rel::4/Gmail_8.jpg::zh::ru,zh,ru,dependent,0,0,0,1,0,1,0,1,1
internvl,rel::4/Gmail_8.jpg,rel::4/Gmail_8.jpg::zh::th,zh,th,dependent,0,0,1,0,0,-1,1,0,-1
internvl,rel::4/Gmail_9.jpg,rel::4/Gmail_9.jpg::en::ru,en,ru,dependent,0,1,0,1,1,1,0,0,0
internvl,rel::4/Gmail_9.jpg,rel::4/Gmail_9.jpg::en::th,en,th,dependent,0,0,0,0,0,0,0,0,0
internvl,rel::4/Gmail_9.jpg,rel::4/Gmail_9.jpg::en::zh,en,zh,dependent,1,1,1,1,0,0,0,0,0
internvl,rel::4/Gmail_9.jpg,rel::4/Gmail_9.jpg::ru::en,ru,en,dependent,1,1,1,1,0,0,0,0,0
internvl,rel::4/Gmail_9.jpg,rel::4/Gmail_9.jpg::ru::th,ru,th,dependent,0,0,0,0,0,0,0,0,0
internvl,rel::4/Gmail_9.jpg,rel::4/Gmail_9.jpg::ru::zh,ru,zh,dependent,1,1,1,1,0,0,0,0,0
internvl,rel::4/Gmail_9.jpg,rel::4/Gmail_9.jpg::th::en,th,en,dependent,1,0,1,1,-1,0,0,1,1
internvl,rel::4/Gmail_9.jpg,rel::4/Gmail_9.jpg::th::ru,th,ru,dependent,0,1,0,1,1,1,0,0,0
internvl,rel::4/Gmail_9.jpg,rel::4/Gmail_9.jpg::th::zh,th,zh,dependent,1,0,0,1,-1,1,-1,1,2
internvl,rel::4/Gmail_9.jpg,rel::4/Gmail_9.jpg::zh::en,zh,en,dependent,1,1,1,1,0,0,0,0,0
internvl,rel::4/Gmail_9.jpg,rel::4/Gmail_9.jpg::zh::ru,zh,ru,dependent,0,1,0,1,1,1,0,0,0
internvl,rel::4/Gmail_9.jpg,rel::4/Gmail_9.jpg::zh::th,zh,th,dependent,0,0,0,0,0,0,0,0,0
internvl,rel::4/Youtube_1.jpg,rel::4/Youtube_1.jpg::en::ru,en,ru,dependent,1,1,0,1,0,1,-1,0,1
internvl,rel::4/Youtube_1.jpg,rel::4/Youtube_1.jpg::en::zh,en,zh,dependent,1,1,1,1,0,0,0,0,0
internvl,rel::4/Youtube_1.jpg,rel::4/Youtube_1.jpg::ru::en,ru,en,dependent,1,1,1,1,0,0,0,0,0
internvl,rel::4/Youtube_1.jpg,rel::4/Youtube_1.jpg::ru::zh,ru,zh,dependent,1,1,1,1,0,0,0,0,0
internvl,rel::4/Youtube_1.jpg,rel::4/Youtube_1.jpg::zh::en,zh,en,dependent,1,1,1,1,0,0,0,0,0
internvl,rel::4/Youtube_1.jpg,rel::4/Youtube_1.jpg::zh::ru,zh,ru,dependent,1,1,0,1,0,1,-1,0,1
internvl,rel::4/Youtube_2.jpg,rel::4/Youtube_2.jpg::en::ru,en,ru,dependent,1,1,1,1,0,0,0,0,0
internvl,rel::4/Youtube_2.jpg,rel::4/Youtube_2.jpg::en::th,en,th,dependent,0,0,1,1,0,0,1,1,0
internvl,rel::4/Youtube_2.jpg,rel::4/Youtube_2.jpg::en::zh,en,zh,dependent,1,1,1,1,0,0,0,0,0
internvl,rel::4/Youtube_2.jpg,rel::4/Youtube_2.jpg::ru::en,ru,en,dependent,1,1,1,1,0,0,0,0,0
internvl,rel::4/Youtube_2.jpg,rel::4/Youtube_2.jpg::ru::th,ru,th,dependent,0,1,0,1,1,1,0,0,0
internvl,rel::4/Youtube_2.jpg,rel::4/Youtube_2.jpg::ru::zh,ru,zh,dependent,1,1,1,1,0,0,0,0,0
internvl,rel::4/Youtube_2.jpg,rel::4/Youtube_2.jpg::th::en,th,en,dependent,1,1,1,1,0,0,0,0,0
internvl,rel::4/Youtube_2.jpg,rel::4/Youtube_2.jpg::th::ru,th,ru,dependent,1,1,1,1,0,0,0,0,0
internvl,rel::4/Youtube_2.jpg,rel::4/Youtube_2.jpg::th::zh,th,zh,dependent,1,1,1,1,0,0,0,0,0
internvl,rel::4/Youtube_2.jpg,rel::4/Youtube_2.jpg::zh::en,zh,en,dependent,1,1,1,1,0,0,0,0,0
internvl,rel::4/Youtube_2.jpg,rel::4/Youtube_2.jpg::zh::ru,zh,ru,dependent,1,1,0,1,0,1,-1,0,1
internvl,rel::4/Youtube_2.jpg,rel::4/Youtube_2.jpg::zh::th,zh,th,dependent,0,0,0,1,0,1,0,1,1
internvl,rel::4/Youtube_3.jpg,rel::4/Youtube_3.jpg::en::ru,en,ru,independent,0,0,0,0,0,0,0,0,0
internvl,rel::4/Youtube_3.jpg,rel::4/Youtube_3.jpg::en::th,en,th,independent,0,0,0,0,0,0,0,0,0
internvl,rel::4/Youtube_3.jpg,rel::4/Youtube_3.jpg::en::zh,en,zh,independent,0,0,0,0,0,0,0,0,0
internvl,rel::4/Youtube_3.jpg,rel::4/Youtube_3.jpg::ru::en,ru,en,independent,0,0,0,1,0,1,0,1,1
internvl,rel::4/Youtube_3.jpg,rel::4/Youtube_3.jpg::ru::th,ru,th,independent,0,0,0,0,0,0,0,0,0
internvl,rel::4/Youtube_3.jpg,rel::4/Youtube_3.jpg::ru::zh,ru,zh,independent,0,0,0,0,0,0,0,0,0
internvl,rel::4/Youtube_3.jpg,rel::4/Youtube_3.jpg::th::en,th,en,independent,0,0,0,1,0,1,0,1,1
internvl,rel::4/Youtube_3.jpg,rel::4/Youtube_3.jpg::th::ru,th,ru,independent,0,0,0,0,0,0,0,0,0
internvl,rel::4/Youtube_3.jpg,rel::4/Youtube_3.jpg::th::zh,th,zh,independent,0,0,0,0,0,0,0,0,0
internvl,rel::4/Youtube_3.jpg,rel::4/Youtube_3.jpg::zh::en,zh,en,independent,0,0,0,1,0,1,0,1,1
internvl,rel::4/Youtube_3.jpg,rel::4/Youtube_3.jpg::zh::ru,zh,ru,independent,0,1,0,0,1,0,0,-1,-1
internvl,rel::4/Youtube_3.jpg,rel::4/Youtube_3.jpg::zh::th,zh,th,independent,0,0,0,0,0,0,0,0,0
internvl,rel::4/Youtube_4.jpg,rel::4/Youtube_4.jpg::en::ru,en,ru,dependent,0,1,0,1,1,1,0,0,0
internvl,rel::4/Youtube_4.jpg,rel::4/Youtube_4.jpg::en::th,en,th,dependent,0,1,0,0,1,0,0,-1,-1
internvl,rel::4/Youtube_4.jpg,rel::4/Youtube_4.jpg::en::zh,en,zh,dependent,1,1,1,1,0,0,0,0,0
internvl,rel::4/Youtube_4.jpg,rel::4/Youtube_4.jpg::ru::en,ru,en,dependent,1,1,1,1,0,0,0,0,0
internvl,rel::4/Youtube_4.jpg,rel::4/Youtube_4.jpg::ru::th,ru,th,dependent,0,0,0,0,0,0,0,0,0
internvl,rel::4/Youtube_4.jpg,rel::4/Youtube_4.jpg::ru::zh,ru,zh,dependent,1,1,1,1,0,0,0,0,0
internvl,rel::4/Youtube_4.jpg,rel::4/Youtube_4.jpg::th::en,th,en,dependent,0,1,0,1,1,1,0,0,0
internvl,rel::4/Youtube_4.jpg,rel::4/Youtube_4.jpg::th::ru,th,ru,dependent,0,1,0,1,1,1,0,0,0
internvl,rel::4/Youtube_4.jpg,rel::4/Youtube_4.jpg::th::zh,th,zh,dependent,0,1,0,1,1,1,0,0,0
internvl,rel::4/Youtube_4.jpg,rel::4/Youtube_4.jpg::zh::en,zh,en,dependent,1,1,1,1,0,0,0,0,0
internvl,rel::4/Youtube_4.jpg,rel::4/Youtube_4.jpg::zh::ru,zh,ru,dependent,0,1,0,1,1,1,0,0,0
internvl,rel::4/Youtube_4.jpg,rel::4/Youtube_4.jpg::zh::th,zh,th,dependent,0,1,0,0,1,0,0,-1,-1
internvl,rel::4/Youtube_5.jpg,rel::4/Youtube_5.jpg::en::ru,en,ru,dependent,1,1,1,0,0,-1,0,-1,-1
internvl,rel::4/Youtube_5.jpg,rel::4/Youtube_5.jpg::en::th,en,th,dependent,1,1,0,0,0,0,-1,-1,0
internvl,rel::4/Youtube_5.jpg,rel::4/Youtube_5.jpg::en::zh,en,zh,dependent,1,1,0,0,0,0,-1,-1,0
internvl,rel::4/Youtube_5.jpg,rel::4/Youtube_5.jpg::ru::en,ru,en,dependent,0,1,1,1,1,0,1,0,-1
internvl,rel::4/Youtube_5.jpg,rel::4/Youtube_5.jpg::ru::th,ru,th,dependent,1,1,1,0,0,-1,0,-1,-1
internvl,rel::4/Youtube_5.jpg,rel::4/Youtube_5.jpg::ru::zh,ru,zh,dependent,0,0,0,0,0,0,0,0,0
internvl,rel::4/Youtube_5.jpg,rel::4/Youtube_5.jpg::th::en,th,en,dependent,0,0,1,1,0,0,1,1,0
internvl,rel::4/Youtube_5.jpg,rel::4/Youtube_5.jpg::th::ru,th,ru,dependent,0,0,1,0,0,-1,1,0,-1
internvl,rel::4/Youtube_5.jpg,rel::4/Youtube_5.jpg::th::zh,th,zh,dependent,0,0,0,0,0,0,0,0,0
internvl,rel::4/Youtube_5.jpg,rel::4/Youtube_5.jpg::zh::en,zh,en,dependent,0,1,1,1,1,0,1,0,-1
internvl,rel::4/Youtube_5.jpg,rel::4/Youtube_5.jpg::zh::ru,zh,ru,dependent,0,0,0,0,0,0,0,0,0
internvl,rel::4/Youtube_5.jpg,rel::4/Youtube_5.jpg::zh::th,zh,th,dependent,0,1,0,0,1,0,0,-1,-1
internvl,rel::4/Youtube_7.jpg,rel::4/Youtube_7.jpg::en::ru,en,ru,dependent,1,1,1,1,0,0,0,0,0
internvl,rel::4/Youtube_7.jpg,rel::4/Youtube_7.jpg::en::th,en,th,dependent,1,1,1,1,0,0,0,0,0
internvl,rel::4/Youtube_7.jpg,rel::4/Youtube_7.jpg::en::zh,en,zh,dependent,1,1,1,1,0,0,0,0,0
internvl,rel::4/Youtube_7.jpg,rel::4/Youtube_7.jpg::ru::en,ru,en,dependent,1,1,1,1,0,0,0,0,0
internvl,rel::4/Youtube_7.jpg,rel::4/Youtube_7.jpg::ru::th,ru,th,dependent,1,1,1,1,0,0,0,0,0
internvl,rel::4/Youtube_7.jpg,rel::4/Youtube_7.jpg::ru::zh,ru,zh,dependent,1,1,1,1,0,0,0,0,0
internvl,rel::4/Youtube_7.jpg,rel::4/Youtube_7.jpg::th::en,th,en,dependent,1,1,1,1,0,0,0,0,0
internvl,rel::4/Youtube_7.jpg,rel::4/Youtube_7.jpg::th::ru,th,ru,dependent,1,1,1,1,0,0,0,0,0
internvl,rel::4/Youtube_7.jpg,rel::4/Youtube_7.jpg::th::zh,th,zh,dependent,1,1,1,1,0,0,0,0,0
internvl,rel::4/Youtube_7.jpg,rel::4/Youtube_7.jpg::zh::en,zh,en,dependent,1,1,1,1,0,0,0,0,0
internvl,rel::4/Youtube_7.jpg,rel::4/Youtube_7.jpg::zh::ru,zh,ru,dependent,1,1,1,1,0,0,0,0,0
internvl,rel::4/Youtube_7.jpg,rel::4/Youtube_7.jpg::zh::th,zh,th,dependent,1,1,1,1,0,0,0,0,0
internvl,rel::4/Youtube_8.jpg,rel::4/Youtube_8.jpg::en::ru,en,ru,dependent,1,1,1,1,0,0,0,0,0
internvl,rel::4/Youtube_8.jpg,rel::4/Youtube_8.jpg::en::th,en,th,dependent,0,0,0,0,0,0,0,0,0
internvl,rel::4/Youtube_8.jpg,rel::4/Youtube_8.jpg::en::zh,en,zh,dependent,1,1,1,1,0,0,0,0,0
internvl,rel::4/Youtube_8.jpg,rel::4/Youtube_8.jpg::ru::en,ru,en,dependent,1,1,1,1,0,0,0,0,0
internvl,rel::4/Youtube_8.jpg,rel::4/Youtube_8.jpg::ru::th,ru,th,dependent,0,0,0,0,0,0,0,0,0
internvl,rel::4/Youtube_8.jpg,rel::4/Youtube_8.jpg::ru::zh,ru,zh,dependent,1,1,1,1,0,0,0,0,0
internvl,rel::4/Youtube_8.jpg,rel::4/Youtube_8.jpg::th::en,th,en,dependent,0,0,1,1,0,0,1,1,0
internvl,rel::4/Youtube_8.jpg,rel::4/Youtube_8.jpg::th::ru,th,ru,dependent,0,0,0,1,0,1,0,1,1
internvl,rel::4/Youtube_8.jpg,rel::4/Youtube_8.jpg::th::zh,th,zh,dependent,0,0,1,1,0,0,1,1,0
internvl,rel::4/Youtube_8.jpg,rel::4/Youtube_8.jpg::zh::en,zh,en,dependent,1,1,1,1,0,0,0,0,0
internvl,rel::4/Youtube_8.jpg,rel::4/Youtube_8.jpg::zh::ru,zh,ru,dependent,0,1,0,1,1,1,0,0,0
internvl,rel::4/Youtube_8.jpg,rel::4/Youtube_8.jpg::zh::th,zh,th,dependent,0,0,0,0,0,0,0,0,0
internvl,rel::4/Youtube_9.jpg,rel::4/Youtube_9.jpg::en::ru,en,ru,dependent,0,1,0,1,1,1,0,0,0
internvl,rel::4/Youtube_9.jpg,rel::4/Youtube_9.jpg::en::th,en,th,dependent,0,0,0,0,0,0,0,0,0
internvl,rel::4/Youtube_9.jpg,rel::4/Youtube_9.jpg::en::zh,en,zh,dependent,1,1,1,1,0,0,0,0,0
internvl,rel::4/Youtube_9.jpg,rel::4/Youtube_9.jpg::ru::en,ru,en,dependent,1,1,1,1,0,0,0,0,0
internvl,rel::4/Youtube_9.jpg,rel::4/Youtube_9.jpg::ru::th,ru,th,dependent,0,0,0,0,0,0,0,0,0
internvl,rel::4/Youtube_9.jpg,rel::4/Youtube_9.jpg::ru::zh,ru,zh,dependent,1,1,0,1,0,1,-1,0,1
internvl,rel::4/Youtube_9.jpg,rel::4/Youtube_9.jpg::th::en,th,en,dependent,1,1,1,1,0,0,0,0,0
internvl,rel::4/Youtube_9.jpg,rel::4/Youtube_9.jpg::th::ru,th,ru,dependent,0,0,0,1,0,1,0,1,1
internvl,rel::4/Youtube_9.jpg,rel::4/Youtube_9.jpg::th::zh,th,zh,dependent,1,1,1,1,0,0,0,0,0
internvl,rel::4/Youtube_9.jpg,rel::4/Youtube_9.jpg::zh::en,zh,en,dependent,1,1,1,1,0,0,0,0,0
internvl,rel::4/Youtube_9.jpg,rel::4/Youtube_9.jpg::zh::ru,zh,ru,dependent,0,1,0,1,1,1,0,0,0
internvl,rel::4/Youtube_9.jpg,rel::4/Youtube_9.jpg::zh::th,zh,th,dependent,0,0,1,0,0,-1,1,0,-1
internvl,rel::4/google_play_10.jpg,rel::4/google_play_10.jpg::en::ru,en,ru,dependent,1,1,1,1,0,0,0,0,0
internvl,rel::4/google_play_10.jpg,rel::4/google_play_10.jpg::en::th,en,th,dependent,1,1,0,1,0,1,-1,0,1
internvl,rel::4/google_play_10.jpg,rel::4/google_play_10.jpg::en::zh,en,zh,dependent,0,1,0,1,1,1,0,0,0
internvl,rel::4/google_play_10.jpg,rel::4/google_play_10.jpg::ru::en,ru,en,dependent,1,1,1,1,0,0,0,0,0
internvl,rel::4/google_play_10.jpg,rel::4/google_play_10.jpg::ru::th,ru,th,dependent,0,1,0,1,1,1,0,0,0
internvl,rel::4/google_play_10.jpg,rel::4/google_play_10.jpg::ru::zh,ru,zh,dependent,1,1,1,1,0,0,0,0,0
internvl,rel::4/google_play_10.jpg,rel::4/google_play_10.jpg::th::en,th,en,dependent,1,1,1,1,0,0,0,0,0
internvl,rel::4/google_play_10.jpg,rel::4/google_play_10.jpg::th::ru,th,ru,dependent,1,1,1,1,0,0,0,0,0
internvl,rel::4/google_play_10.jpg,rel::4/google_play_10.jpg::th::zh,th,zh,dependent,1,0,1,1,-1,0,0,1,1
internvl,rel::4/google_play_10.jpg,rel::4/google_play_10.jpg::zh::en,zh,en,dependent,1,1,1,1,0,0,0,0,0
internvl,rel::4/google_play_10.jpg,rel::4/google_play_10.jpg::zh::ru,zh,ru,dependent,1,1,1,1,0,0,0,0,0
internvl,rel::4/google_play_10.jpg,rel::4/google_play_10.jpg::zh::th,zh,th,dependent,1,1,1,1,0,0,0,0,0
internvl,rel::4/google_play_3.jpg,rel::4/google_play_3.jpg::en::ru,en,ru,dependent,0,1,0,1,1,1,0,0,0
internvl,rel::4/google_play_3.jpg,rel::4/google_play_3.jpg::en::th,en,th,dependent,0,0,0,0,0,0,0,0,0
internvl,rel::4/google_play_3.jpg,rel::4/google_play_3.jpg::en::zh,en,zh,dependent,1,1,1,1,0,0,0,0,0
internvl,rel::4/google_play_3.jpg,rel::4/google_play_3.jpg::ru::en,ru,en,dependent,0,0,1,0,0,-1,1,0,-1
internvl,rel::4/google_play_3.jpg,rel::4/google_play_3.jpg::ru::th,ru,th,dependent,0,0,0,0,0,0,0,0,0
internvl,rel::4/google_play_3.jpg,rel::4/google_play_3.jpg::ru::zh,ru,zh,dependent,0,1,0,1,1,1,0,0,0
internvl,rel::4/google_play_3.jpg,rel::4/google_play_3.jpg::th::en,th,en,dependent,0,0,0,0,0,0,0,0,0
internvl,rel::4/google_play_3.jpg,rel::4/google_play_3.jpg::th::ru,th,ru,dependent,0,0,0,1,0,1,0,1,1
internvl,rel::4/google_play_3.jpg,rel::4/google_play_3.jpg::th::zh,th,zh,dependent,0,0,0,1,0,1,0,1,1
internvl,rel::4/google_play_3.jpg,rel::4/google_play_3.jpg::zh::en,zh,en,dependent,1,0,1,0,-1,-1,0,0,0
internvl,rel::4/google_play_3.jpg,rel::4/google_play_3.jpg::zh::ru,zh,ru,dependent,0,1,1,1,1,0,1,0,-1
internvl,rel::4/google_play_3.jpg,rel::4/google_play_3.jpg::zh::th,zh,th,dependent,0,0,0,0,0,0,0,0,0
internvl,rel::4/google_play_4.jpg,rel::4/google_play_4.jpg::en::ru,en,ru,dependent,1,1,1,1,0,0,0,0,0
internvl,rel::4/google_play_4.jpg,rel::4/google_play_4.jpg::en::th,en,th,dependent,0,0,1,1,0,0,1,1,0
internvl,rel::4/google_play_4.jpg,rel::4/google_play_4.jpg::en::zh,en,zh,dependent,1,1,0,1,0,1,-1,0,1
internvl,rel::4/google_play_4.jpg,rel::4/google_play_4.jpg::ru::en,ru,en,dependent,1,1,1,1,0,0,0,0,0
internvl,rel::4/google_play_4.jpg,rel::4/google_play_4.jpg::ru::th,ru,th,dependent,0,0,0,1,0,1,0,1,1
internvl,rel::4/google_play_4.jpg,rel::4/google_play_4.jpg::ru::zh,ru,zh,dependent,0,1,0,1,1,1,0,0,0
internvl,rel::4/google_play_4.jpg,rel::4/google_play_4.jpg::th::en,th,en,dependent,1,1,0,1,0,1,-1,0,1
internvl,rel::4/google_play_4.jpg,rel::4/google_play_4.jpg::th::ru,th,ru,dependent,0,1,0,1,1,1,0,0,0
internvl,rel::4/google_play_4.jpg,rel::4/google_play_4.jpg::th::zh,th,zh,dependent,0,1,0,1,1,1,0,0,0
internvl,rel::4/google_play_4.jpg,rel::4/google_play_4.jpg::zh::en,zh,en,dependent,1,1,1,1,0,0,0,0,0
internvl,rel::4/google_play_4.jpg,rel::4/google_play_4.jpg::zh::ru,zh,ru,dependent,0,1,1,1,1,0,1,0,-1
internvl,rel::4/google_play_4.jpg,rel::4/google_play_4.jpg::zh::th,zh,th,dependent,0,0,0,1,0,1,0,1,1
internvl,rel::4/google_play_5.jpg,rel::4/google_play_5.jpg::en::ru,en,ru,dependent,0,0,0,0,0,0,0,0,0
internvl,rel::4/google_play_5.jpg,rel::4/google_play_5.jpg::en::th,en,th,dependent,0,1,0,0,1,0,0,-1,-1
internvl,rel::4/google_play_5.jpg,rel::4/google_play_5.jpg::en::zh,en,zh,dependent,0,0,0,0,0,0,0,0,0
internvl,rel::4/google_play_5.jpg,rel::4/google_play_5.jpg::ru::en,ru,en,dependent,0,0,0,1,0,1,0,1,1
internvl,rel::4/google_play_5.jpg,rel::4/google_play_5.jpg::ru::th,ru,th,dependent,0,0,0,0,0,0,0,0,0
internvl,rel::4/google_play_5.jpg,rel::4/google_play_5.jpg::ru::zh,ru,zh,dependent,0,0,0,0,0,0,0,0,0
internvl,rel::4/google_play_5.jpg,rel::4/google_play_5.jpg::th::en,th,en,dependent,1,1,0,1,0,1,-1,0,1
internvl,rel::4/google_play_5.jpg,rel::4/google_play_5.jpg::th::ru,th,ru,dependent,0,0,0,0,0,0,0,0,0
internvl,rel::4/google_play_5.jpg,rel::4/google_play_5.jpg::th::zh,th,zh,dependent,0,0,0,0,0,0,0,0,0
internvl,rel::4/google_play_5.jpg,rel::4/google_play_5.jpg::zh::en,zh,en,dependent,1,0,1,1,-1,0,0,1,1
internvl,rel::4/google_play_5.jpg,rel::4/google_play_5.jpg::zh::ru,zh,ru,dependent,0,0,0,0,0,0,0,0,0
internvl,rel::4/google_play_5.jpg,rel::4/google_play_5.jpg::zh::th,zh,th,dependent,0,1,0,0,1,0,0,-1,-1
internvl,rel::4/google_play_6.jpg,rel::4/google_play_6.jpg::en::ru,en,ru,dependent,0,1,0,1,1,1,0,0,0
internvl,rel::4/google_play_6.jpg,rel::4/google_play_6.jpg::en::th,en,th,dependent,0,0,0,0,0,0,0,0,0
internvl,rel::4/google_play_6.jpg,rel::4/google_play_6.jpg::en::zh,en,zh,dependent,1,1,1,1,0,0,0,0,0
internvl,rel::4/google_play_6.jpg,rel::4/google_play_6.jpg::ru::en,ru,en,dependent,1,1,1,1,0,0,0,0,0
internvl,rel::4/google_play_6.jpg,rel::4/google_play_6.jpg::ru::th,ru,th,dependent,0,0,0,0,0,0,0,0,0
internvl,rel::4/google_play_6.jpg,rel::4/google_play_6.jpg::ru::zh,ru,zh,dependent,1,1,1,1,0,0,0,0,0
internvl,rel::4/google_play_6.jpg,rel::4/google_play_6.jpg::th::en,th,en,dependent,0,1,0,1,1,1,0,0,0
internvl,rel::4/google_play_6.jpg,rel::4/google_play_6.jpg::th::ru,th,ru,dependent,0,0,0,1,0,1,0,1,1
internvl,rel::4/google_play_6.jpg,rel::4/google_play_6.jpg::th::zh,th,zh,dependent,1,1,1,1,0,0,0,0,0
internvl,rel::4/google_play_6.jpg,rel::4/google_play_6.jpg::zh::en,zh,en,dependent,1,1,1,1,0,0,0,0,0
internvl,rel::4/google_play_6.jpg,rel::4/google_play_6.jpg::zh::ru,zh,ru,dependent,0,1,0,1,1,1,0,0,0
internvl,rel::4/google_play_6.jpg,rel::4/google_play_6.jpg::zh::th,zh,th,dependent,0,0,0,0,0,0,0,0,0
internvl,rel::4/google_play_7.jpg,rel::4/google_play_7.jpg::en::ru,en,ru,dependent,0,1,0,0,1,0,0,-1,-1
internvl,rel::4/google_play_7.jpg,rel::4/google_play_7.jpg::en::th,en,th,dependent,0,0,0,0,0,0,0,0,0
internvl,rel::4/google_play_7.jpg,rel::4/google_play_7.jpg::en::zh,en,zh,dependent,1,0,0,0,-1,0,-1,0,1
internvl,rel::4/google_play_7.jpg,rel::4/google_play_7.jpg::ru::en,ru,en,dependent,1,1,0,1,0,1,-1,0,1
internvl,rel::4/google_play_7.jpg,rel::4/google_play_7.jpg::ru::th,ru,th,dependent,0,0,0,0,0,0,0,0,0
internvl,rel::4/google_play_7.jpg,rel::4/google_play_7.jpg::ru::zh,ru,zh,dependent,1,1,0,0,0,0,-1,-1,0
internvl,rel::4/google_play_7.jpg,rel::4/google_play_7.jpg::th::en,th,en,dependent,0,0,0,1,0,1,0,1,1
internvl,rel::4/google_play_7.jpg,rel::4/google_play_7.jpg::th::ru,th,ru,dependent,0,0,0,0,0,0,0,0,0
internvl,rel::4/google_play_7.jpg,rel::4/google_play_7.jpg::th::zh,th,zh,dependent,0,0,0,0,0,0,0,0,0
internvl,rel::4/google_play_7.jpg,rel::4/google_play_7.jpg::zh::en,zh,en,dependent,0,0,1,1,0,0,1,1,0
internvl,rel::4/google_play_7.jpg,rel::4/google_play_7.jpg::zh::ru,zh,ru,dependent,0,0,0,0,0,0,0,0,0
internvl,rel::4/google_play_7.jpg,rel::4/google_play_7.jpg::zh::th,zh,th,dependent,0,0,0,0,0,0,0,0,0
internvl,rel::4/google_play_8.jpg,rel::4/google_play_8.jpg::en::ru,en,ru,dependent,0,0,0,0,0,0,0,0,0
internvl,rel::4/google_play_8.jpg,rel::4/google_play_8.jpg::en::th,en,th,dependent,0,0,0,0,0,0,0,0,0
internvl,rel::4/google_play_8.jpg,rel::4/google_play_8.jpg::en::zh,en,zh,dependent,0,0,0,0,0,0,0,0,0
internvl,rel::4/google_play_8.jpg,rel::4/google_play_8.jpg::ru::en,ru,en,dependent,0,0,0,0,0,0,0,0,0
internvl,rel::4/google_play_8.jpg,rel::4/google_play_8.jpg::ru::th,ru,th,dependent,0,0,0,0,0,0,0,0,0
internvl,rel::4/google_play_8.jpg,rel::4/google_play_8.jpg::ru::zh,ru,zh,dependent,0,0,0,0,0,0,0,0,0
internvl,rel::4/google_play_8.jpg,rel::4/google_play_8.jpg::th::en,th,en,dependent,0,0,0,0,0,0,0,0,0
internvl,rel::4/google_play_8.jpg,rel::4/google_play_8.jpg::th::ru,th,ru,dependent,0,0,0,0,0,0,0,0,0
internvl,rel::4/google_play_8.jpg,rel::4/google_play_8.jpg::th::zh,th,zh,dependent,0,0,0,0,0,0,0,0,0
internvl,rel::4/google_play_8.jpg,rel::4/google_play_8.jpg::zh::en,zh,en,dependent,0,0,0,0,0,0,0,0,0
internvl,rel::4/google_play_8.jpg,rel::4/google_play_8.jpg::zh::ru,zh,ru,dependent,0,0,0,0,0,0,0,0,0
internvl,rel::4/google_play_8.jpg,rel::4/google_play_8.jpg::zh::th,zh,th,dependent,0,0,0,0,0,0,0,0,0
internvl,rel::4/twitter_1.jpg,rel::4/twitter_1.jpg::en::ru,en,ru,dependent,1,1,1,1,0,0,0,0,0
internvl,rel::4/twitter_1.jpg,rel::4/twitter_1.jpg::en::th,en,th,dependent,0,0,0,0,0,0,0,0,0
internvl,rel::4/twitter_1.jpg,rel::4/twitter_1.jpg::en::zh,en,zh,dependent,0,0,0,0,0,0,0,0,0
internvl,rel::4/twitter_1.jpg,rel::4/twitter_1.jpg::ru::en,ru,en,dependent,1,1,1,1,0,0,0,0,0
internvl,rel::4/twitter_1.jpg,rel::4/twitter_1.jpg::ru::th,ru,th,dependent,0,0,0,0,0,0,0,0,0
internvl,rel::4/twitter_1.jpg,rel::4/twitter_1.jpg::ru::zh,ru,zh,dependent,0,0,0,0,0,0,0,0,0
internvl,rel::4/twitter_1.jpg,rel::4/twitter_1.jpg::th::en,th,en,dependent,0,0,1,1,0,0,1,1,0
internvl,rel::4/twitter_1.jpg,rel::4/twitter_1.jpg::th::ru,th,ru,dependent,0,0,0,1,0,1,0,1,1
internvl,rel::4/twitter_1.jpg,rel::4/twitter_1.jpg::th::zh,th,zh,dependent,0,0,0,0,0,0,0,0,0
internvl,rel::4/twitter_1.jpg,rel::4/twitter_1.jpg::zh::en,zh,en,dependent,1,1,1,1,0,0,0,0,0
internvl,rel::4/twitter_1.jpg,rel::4/twitter_1.jpg::zh::ru,zh,ru,dependent,1,1,1,1,0,0,0,0,0
internvl,rel::4/twitter_1.jpg,rel::4/twitter_1.jpg::zh::th,zh,th,dependent,0,0,0,0,0,0,0,0,0
internvl,rel::4/twitter_10.jpg,rel::4/twitter_10.jpg::en::ru,en,ru,independent,1,1,1,0,0,-1,0,-1,-1
internvl,rel::4/twitter_10.jpg,rel::4/twitter_10.jpg::en::th,en,th,independent,1,1,1,1,0,0,0,0,0
internvl,rel::4/twitter_10.jpg,rel::4/twitter_10.jpg::en::zh,en,zh,independent,1,1,1,1,0,0,0,0,0
internvl,rel::4/twitter_10.jpg,rel::4/twitter_10.jpg::ru::en,ru,en,independent,1,1,1,1,0,0,0,0,0
internvl,rel::4/twitter_10.jpg,rel::4/twitter_10.jpg::ru::th,ru,th,independent,0,0,0,1,0,1,0,1,1
internvl,rel::4/twitter_10.jpg,rel::4/twitter_10.jpg::ru::zh,ru,zh,independent,0,1,1,1,1,0,1,0,-1
internvl,rel::4/twitter_10.jpg,rel::4/twitter_10.jpg::th::en,th,en,independent,1,1,1,1,0,0,0,0,0
internvl,rel::4/twitter_10.jpg,rel::4/twitter_10.jpg::th::ru,th,ru,independent,0,0,0,0,0,0,0,0,0
internvl,rel::4/twitter_10.jpg,rel::4/twitter_10.jpg::th::zh,th,zh,independent,1,1,1,1,0,0,0,0,0
internvl,rel::4/twitter_10.jpg,rel::4/twitter_10.jpg::zh::en,zh,en,independent,1,1,1,1,0,0,0,0,0
internvl,rel::4/twitter_10.jpg,rel::4/twitter_10.jpg::zh::ru,zh,ru,independent,1,1,1,0,0,-1,0,-1,-1
internvl,rel::4/twitter_10.jpg,rel::4/twitter_10.jpg::zh::th,zh,th,independent,1,1,1,1,0,0,0,0,0
internvl,rel::4/twitter_2.jpg,rel::4/twitter_2.jpg::en::ru,en,ru,dependent,0,1,1,1,1,0,1,0,-1
internvl,rel::4/twitter_2.jpg,rel::4/twitter_2.jpg::en::th,en,th,dependent,1,0,1,0,-1,-1,0,0,0
internvl,rel::4/twitter_2.jpg,rel::4/twitter_2.jpg::en::zh,en,zh,dependent,1,1,1,1,0,0,0,0,0
internvl,rel::4/twitter_2.jpg,rel::4/twitter_2.jpg::ru::en,ru,en,dependent,1,1,1,1,0,0,0,0,0
internvl,rel::4/twitter_2.jpg,rel::4/twitter_2.jpg::ru::th,ru,th,dependent,0,0,1,0,0,-1,1,0,-1
internvl,rel::4/twitter_2.jpg,rel::4/twitter_2.jpg::ru::zh,ru,zh,dependent,0,1,1,1,1,0,1,0,-1
internvl,rel::4/twitter_2.jpg,rel::4/twitter_2.jpg::th::en,th,en,dependent,1,1,1,1,0,0,0,0,0
internvl,rel::4/twitter_2.jpg,rel::4/twitter_2.jpg::th::ru,th,ru,dependent,0,1,0,1,1,1,0,0,0
internvl,rel::4/twitter_2.jpg,rel::4/twitter_2.jpg::th::zh,th,zh,dependent,0,1,0,1,1,1,0,0,0
internvl,rel::4/twitter_2.jpg,rel::4/twitter_2.jpg::zh::en,zh,en,dependent,1,1,1,1,0,0,0,0,0
internvl,rel::4/twitter_2.jpg,rel::4/twitter_2.jpg::zh::ru,zh,ru,dependent,1,1,1,1,0,0,0,0,0
internvl,rel::4/twitter_2.jpg,rel::4/twitter_2.jpg::zh::th,zh,th,dependent,1,0,1,0,-1,-1,0,0,0
internvl,rel::4/twitter_3.jpg,rel::4/twitter_3.jpg::en::ru,en,ru,dependent,0,1,1,0,1,-1,1,-1,-2
internvl,rel::4/twitter_3.jpg,rel::4/twitter_3.jpg::en::th,en,th,dependent,1,1,1,0,0,-1,0,-1,-1
internvl,rel::4/twitter_3.jpg,rel::4/twitter_3.jpg::en::zh,en,zh,dependent,1,0,1,0,-1,-1,0,0,0
internvl,rel::4/twitter_3.jpg,rel::4/twitter_3.jpg::ru::en,ru,en,dependent,1,1,1,1,0,0,0,0,0
internvl,rel::4/twitter_3.jpg,rel::4/twitter_3.jpg::ru::th,ru,th,dependent,0,0,1,0,0,-1,1,0,-1
internvl,rel::4/twitter_3.jpg,rel::4/twitter_3.jpg::ru::zh,ru,zh,dependent,0,0,0,0,0,0,0,0,0
internvl,rel::4/twitter_3.jpg,rel::4/twitter_3.jpg::th::en,th,en,dependent,1,1,1,1,0,0,0,0,0
internvl,rel::4/twitter_3.jpg,rel::4/twitter_3.jpg::th::ru,th,ru,dependent,0,1,0,0,1,0,0,-1,-1
internvl,rel::4/twitter_3.jpg,rel::4/twitter_3.jpg::th::zh,th,zh,dependent,0,0,0,0,0,0,0,0,0
internvl,rel::4/twitter_3.jpg,rel::4/twitter_3.jpg::zh::en,zh,en,dependent,1,1,1,1,0,0,0,0,0
internvl,rel::4/twitter_3.jpg,rel::4/twitter_3.jpg::zh::ru,zh,ru,dependent,1,1,1,0,0,-1,0,-1,-1
internvl,rel::4/twitter_3.jpg,rel::4/twitter_3.jpg::zh::th,zh,th,dependent,1,0,1,0,-1,-1,0,0,0
internvl,rel::4/twitter_4.jpg,rel::4/twitter_4.jpg::en::ru,en,ru,dependent,1,1,1,1,0,0,0,0,0
internvl,rel::4/twitter_4.jpg,rel::4/twitter_4.jpg::en::th,en,th,dependent,1,1,1,0,0,-1,0,-1,-1
internvl,rel::4/twitter_4.jpg,rel::4/twitter_4.jpg::en::zh,en,zh,dependent,1,1,1,1,0,0,0,0,0
internvl,rel::4/twitter_4.jpg,rel::4/twitter_4.jpg::ru::en,ru,en,dependent,0,1,0,1,1,1,0,0,0
internvl,rel::4/twitter_4.jpg,rel::4/twitter_4.jpg::ru::th,ru,th,dependent,1,1,0,0,0,0,-1,-1,0
internvl,rel::4/twitter_4.jpg,rel::4/twitter_4.jpg::ru::zh,ru,zh,dependent,1,1,1,1,0,0,0,0,0
internvl,rel::4/twitter_4.jpg,rel::4/twitter_4.jpg::th::en,th,en,dependent,0,1,0,1,1,1,0,0,0
internvl,rel::4/twitter_4.jpg,rel::4/twitter_4.jpg::th::ru,th,ru,dependent,0,0,1,1,0,0,1,1,0
internvl,rel::4/twitter_4.jpg,rel::4/twitter_4.jpg::th::zh,th,zh,dependent,1,1,1,1,0,0,0,0,0
internvl,rel::4/twitter_4.jpg,rel::4/twitter_4.jpg::zh::en,zh,en,dependent,1,1,1,1,0,0,0,0,0
internvl,rel::4/twitter_4.jpg,rel::4/twitter_4.jpg::zh::ru,zh,ru,dependent,1,1,1,1,0,0,0,0,0
internvl,rel::4/twitter_4.jpg,rel::4/twitter_4.jpg::zh::th,zh,th,dependent,1,1,1,0,0,-1,0,-1,-1
internvl,rel::4/twitter_5.jpg,rel::4/twitter_5.jpg::en::ru,en,ru,dependent,0,0,0,0,0,0,0,0,0
internvl,rel::4/twitter_5.jpg,rel::4/twitter_5.jpg::en::th,en,th,dependent,0,0,0,0,0,0,0,0,0
internvl,rel::4/twitter_5.jpg,rel::4/twitter_5.jpg::en::zh,en,zh,dependent,0,0,0,0,0,0,0,0,0
internvl,rel::4/twitter_5.jpg,rel::4/twitter_5.jpg::ru::en,ru,en,dependent,0,0,0,0,0,0,0,0,0
internvl,rel::4/twitter_5.jpg,rel::4/twitter_5.jpg::ru::th,ru,th,dependent,0,0,0,0,0,0,0,0,0
internvl,rel::4/twitter_5.jpg,rel::4/twitter_5.jpg::ru::zh,ru,zh,dependent,0,0,0,0,0,0,0,0,0
internvl,rel::4/twitter_5.jpg,rel::4/twitter_5.jpg::th::en,th,en,dependent,0,0,0,0,0,0,0,0,0
internvl,rel::4/twitter_5.jpg,rel::4/twitter_5.jpg::th::ru,th,ru,dependent,0,0,0,0,0,0,0,0,0
internvl,rel::4/twitter_5.jpg,rel::4/twitter_5.jpg::th::zh,th,zh,dependent,0,0,0,0,0,0,0,0,0
internvl,rel::4/twitter_5.jpg,rel::4/twitter_5.jpg::zh::en,zh,en,dependent,0,1,0,0,1,0,0,-1,-1
internvl,rel::4/twitter_5.jpg,rel::4/twitter_5.jpg::zh::ru,zh,ru,dependent,0,0,0,0,0,0,0,0,0
internvl,rel::4/twitter_5.jpg,rel::4/twitter_5.jpg::zh::th,zh,th,dependent,0,0,0,0,0,0,0,0,0
internvl,rel::4/twitter_6.jpg,rel::4/twitter_6.jpg::en::ru,en,ru,dependent,1,1,0,1,0,1,-1,0,1
internvl,rel::4/twitter_6.jpg,rel::4/twitter_6.jpg::en::th,en,th,dependent,0,0,0,0,0,0,0,0,0
internvl,rel::4/twitter_6.jpg,rel::4/twitter_6.jpg::en::zh,en,zh,dependent,1,1,1,1,0,0,0,0,0
internvl,rel::4/twitter_6.jpg,rel::4/twitter_6.jpg::ru::en,ru,en,dependent,0,1,1,1,1,0,1,0,-1
internvl,rel::4/twitter_6.jpg,rel::4/twitter_6.jpg::ru::th,ru,th,dependent,1,0,0,0,-1,0,-1,0,1
internvl,rel::4/twitter_6.jpg,rel::4/twitter_6.jpg::ru::zh,ru,zh,dependent,1,1,0,1,0,1,-1,0,1
internvl,rel::4/twitter_6.jpg,rel::4/twitter_6.jpg::th::en,th,en,dependent,0,0,1,1,0,0,1,1,0
internvl,rel::4/twitter_6.jpg,rel::4/twitter_6.jpg::th::ru,th,ru,dependent,0,0,0,1,0,1,0,1,1
internvl,rel::4/twitter_6.jpg,rel::4/twitter_6.jpg::th::zh,th,zh,dependent,0,0,1,1,0,0,1,1,0
internvl,rel::4/twitter_6.jpg,rel::4/twitter_6.jpg::zh::en,zh,en,dependent,1,0,1,1,-1,0,0,1,1
internvl,rel::4/twitter_6.jpg,rel::4/twitter_6.jpg::zh::ru,zh,ru,dependent,1,1,1,1,0,0,0,0,0
internvl,rel::4/twitter_6.jpg,rel::4/twitter_6.jpg::zh::th,zh,th,dependent,0,0,0,0,0,0,0,0,0
internvl,rel::4/twitter_7.jpg,rel::4/twitter_7.jpg::en::ru,en,ru,dependent,1,0,1,0,-1,-1,0,0,0
internvl,rel::4/twitter_7.jpg,rel::4/twitter_7.jpg::en::th,en,th,dependent,1,1,0,0,0,0,-1,-1,0
internvl,rel::4/twitter_7.jpg,rel::4/twitter_7.jpg::en::zh,en,zh,dependent,1,1,1,1,0,0,0,0,0
internvl,rel::4/twitter_7.jpg,rel::4/twitter_7.jpg::ru::en,ru,en,dependent,0,1,0,1,1,1,0,0,0
internvl,rel::4/twitter_7.jpg,rel::4/twitter_7.jpg::ru::th,ru,th,dependent,0,0,0,0,0,0,0,0,0
internvl,rel::4/twitter_7.jpg,rel::4/twitter_7.jpg::ru::zh,ru,zh,dependent,0,1,0,1,1,1,0,0,0
internvl,rel::4/twitter_7.jpg,rel::4/twitter_7.jpg::th::en,th,en,dependent,1,0,1,1,-1,0,0,1,1
internvl,rel::4/twitter_7.jpg,rel::4/twitter_7.jpg::th::ru,th,ru,dependent,0,0,0,0,0,0,0,0,0
internvl,rel::4/twitter_7.jpg,rel::4/twitter_7.jpg::th::zh,th,zh,dependent,1,1,1,1,0,0,0,0,0
internvl,rel::4/twitter_7.jpg,rel::4/twitter_7.jpg::zh::en,zh,en,dependent,1,1,1,1,0,0,0,0,0
internvl,rel::4/twitter_7.jpg,rel::4/twitter_7.jpg::zh::ru,zh,ru,dependent,1,0,1,0,-1,-1,0,0,0
internvl,rel::4/twitter_7.jpg,rel::4/twitter_7.jpg::zh::th,zh,th,dependent,0,1,1,0,1,-1,1,-1,-2
internvl,rel::4/twitter_8.jpg,rel::4/twitter_8.jpg::en::ru,en,ru,dependent,1,0,0,0,-1,0,-1,0,1
internvl,rel::4/twitter_8.jpg,rel::4/twitter_8.jpg::en::th,en,th,dependent,1,0,0,0,-1,0,-1,0,1
internvl,rel::4/twitter_8.jpg,rel::4/twitter_8.jpg::en::zh,en,zh,dependent,1,1,1,0,0,-1,0,-1,-1
internvl,rel::4/twitter_8.jpg,rel::4/twitter_8.jpg::ru::en,ru,en,dependent,1,0,1,0,-1,-1,0,0,0
internvl,rel::4/twitter_8.jpg,rel::4/twitter_8.jpg::ru::th,ru,th,dependent,0,0,1,0,0,-1,1,0,-1
internvl,rel::4/twitter_8.jpg,rel::4/twitter_8.jpg::ru::zh,ru,zh,dependent,0,0,1,0,0,-1,1,0,-1
internvl,rel::4/twitter_8.jpg,rel::4/twitter_8.jpg::th::en,th,en,dependent,1,0,1,0,-1,-1,0,0,0
internvl,rel::4/twitter_8.jpg,rel::4/twitter_8.jpg::th::ru,th,ru,dependent,0,0,0,0,0,0,0,0,0
internvl,rel::4/twitter_8.jpg,rel::4/twitter_8.jpg::th::zh,th,zh,dependent,0,0,1,0,0,-1,1,0,-1
internvl,rel::4/twitter_8.jpg,rel::4/twitter_8.jpg::zh::en,zh,en,dependent,1,0,1,0,-1,-1,0,0,0
internvl,rel::4/twitter_8.jpg,rel::4/twitter_8.jpg::zh::ru,zh,ru,dependent,1,0,1,0,-1,-1,0,0,0
internvl,rel::4/twitter_8.jpg,rel::4/twitter_8.jpg::zh::th,zh,th,dependent,1,0,0,0,-1,0,-1,0,1
internvl,rel::4/twitter_9.jpg,rel::4/twitter_9.jpg::en::ru,en,ru,dependent,0,0,1,0,0,-1,1,0,-1
internvl,rel::4/twitter_9.jpg,rel::4/twitter_9.jpg::en::th,en,th,dependent,0,0,0,0,0,0,0,0,0
internvl,rel::4/twitter_9.jpg,rel::4/twitter_9.jpg::en::zh,en,zh,dependent,0,0,0,0,0,0,0,0,0
internvl,rel::4/twitter_9.jpg,rel::4/twitter_9.jpg::ru::en,ru,en,dependent,1,1,0,1,0,1,-1,0,1
internvl,rel::4/twitter_9.jpg,rel::4/twitter_9.jpg::ru::th,ru,th,dependent,0,0,0,0,0,0,0,0,0
internvl,rel::4/twitter_9.jpg,rel::4/twitter_9.jpg::ru::zh,ru,zh,dependent,0,0,0,0,0,0,0,0,0
internvl,rel::4/twitter_9.jpg,rel::4/twitter_9.jpg::th::en,th,en,dependent,0,0,0,1,0,1,0,1,1
internvl,rel::4/twitter_9.jpg,rel::4/twitter_9.jpg::th::ru,th,ru,dependent,0,0,0,0,0,0,0,0,0
internvl,rel::4/twitter_9.jpg,rel::4/twitter_9.jpg::th::zh,th,zh,dependent,0,0,0,0,0,0,0,0,0
internvl,rel::4/twitter_9.jpg,rel::4/twitter_9.jpg::zh::en,zh,en,dependent,0,0,0,1,0,1,0,1,1
internvl,rel::4/twitter_9.jpg,rel::4/twitter_9.jpg::zh::ru,zh,ru,dependent,0,0,0,0,0,0,0,0,0
internvl,rel::4/twitter_9.jpg,rel::4/twitter_9.jpg::zh::th,zh,th,dependent,0,0,0,0,0,0,0,0,0
internvl,rel::5/camera_1.jpg,rel::5/camera_1.jpg::en::ru,en,ru,dependent,1,0,1,0,-1,-1,0,0,0
internvl,rel::5/camera_1.jpg,rel::5/camera_1.jpg::en::th,en,th,dependent,1,0,0,0,-1,0,-1,0,1
internvl,rel::5/camera_1.jpg,rel::5/camera_1.jpg::en::zh,en,zh,dependent,0,0,0,0,0,0,0,0,0
internvl,rel::5/camera_1.jpg,rel::5/camera_1.jpg::ru::en,ru,en,dependent,0,0,0,0,0,0,0,0,0
internvl,rel::5/camera_1.jpg,rel::5/camera_1.jpg::ru::th,ru,th,dependent,0,0,1,0,0,-1,1,0,-1
internvl,rel::5/camera_1.jpg,rel::5/camera_1.jpg::ru::zh,ru,zh,dependent,0,1,0,0,1,0,0,-1,-1
internvl,rel::5/camera_1.jpg,rel::5/camera_1.jpg::th::en,th,en,dependent,0,0,0,0,0,0,0,0,0
internvl,rel::5/camera_1.jpg,rel::5/camera_1.jpg::th::ru,th,ru,dependent,0,1,0,0,1,0,0,-1,-1
internvl,rel::5/camera_1.jpg,rel::5/camera_1.jpg::th::zh,th,zh,dependent,0,0,0,0,0,0,0,0,0
internvl,rel::5/camera_1.jpg,rel::5/camera_1.jpg::zh::en,zh,en,dependent,0,0,0,0,0,0,0,0,0
internvl,rel::5/camera_1.jpg,rel::5/camera_1.jpg::zh::ru,zh,ru,dependent,1,1,1,0,0,-1,0,-1,-1
internvl,rel::5/camera_1.jpg,rel::5/camera_1.jpg::zh::th,zh,th,dependent,1,1,0,0,0,0,-1,-1,0
internvl,rel::5/camera_10.jpg,rel::5/camera_10.jpg::en::ru,en,ru,dependent,0,0,0,0,0,0,0,0,0
internvl,rel::5/camera_10.jpg,rel::5/camera_10.jpg::en::th,en,th,dependent,0,0,0,0,0,0,0,0,0
internvl,rel::5/camera_10.jpg,rel::5/camera_10.jpg::en::zh,en,zh,dependent,0,0,0,0,0,0,0,0,0
internvl,rel::5/camera_10.jpg,rel::5/camera_10.jpg::ru::en,ru,en,dependent,0,0,0,0,0,0,0,0,0
internvl,rel::5/camera_10.jpg,rel::5/camera_10.jpg::ru::th,ru,th,dependent,0,0,0,0,0,0,0,0,0
internvl,rel::5/camera_10.jpg,rel::5/camera_10.jpg::ru::zh,ru,zh,dependent,0,0,0,0,0,0,0,0,0
internvl,rel::5/camera_10.jpg,rel::5/camera_10.jpg::th::en,th,en,dependent,0,0,0,0,0,0,0,0,0
internvl,rel::5/camera_10.jpg,rel::5/camera_10.jpg::th::ru,th,ru,dependent,0,0,0,0,0,0,0,0,0
internvl,rel::5/camera_10.jpg,rel::5/camera_10.jpg::th::zh,th,zh,dependent,0,0,0,0,0,0,0,0,0
internvl,rel::5/camera_10.jpg,rel::5/camera_10.jpg::zh::en,zh,en,dependent,0,0,0,0,0,0,0,0,0
internvl,rel::5/camera_10.jpg,rel::5/camera_10.jpg::zh::ru,zh,ru,dependent,0,0,0,0,0,0,0,0,0
internvl,rel::5/camera_10.jpg,rel::5/camera_10.jpg::zh::th,zh,th,dependent,0,0,0,0,0,0,0,0,0
internvl,rel::5/camera_11.jpg,rel::5/camera_11.jpg::en::ru,en,ru,dependent,0,0,1,1,0,0,1,1,0
internvl,rel::5/camera_11.jpg,rel::5/camera_11.jpg::en::th,en,th,dependent,1,0,1,1,-1,0,0,1,1
internvl,rel::5/camera_11.jpg,rel::5/camera_11.jpg::en::zh,en,zh,dependent,0,0,1,1,0,0,1,1,0
internvl,rel::5/camera_11.jpg,rel::5/camera_11.jpg::ru::en,ru,en,dependent,1,1,0,0,0,0,-1,-1,0
internvl,rel::5/camera_11.jpg,rel::5/camera_11.jpg::ru::th,ru,th,dependent,1,1,1,1,0,0,0,0,0
internvl,rel::5/camera_11.jpg,rel::5/camera_11.jpg::ru::zh,ru,zh,dependent,1,1,1,1,0,0,0,0,0
internvl,rel::5/camera_11.jpg,rel::5/camera_11.jpg::th::en,th,en,dependent,1,1,0,0,0,0,-1,-1,0
internvl,rel::5/camera_11.jpg,rel::5/camera_11.jpg::th::ru,th,ru,dependent,1,1,1,1,0,0,0,0,0
internvl,rel::5/camera_11.jpg,rel::5/camera_11.jpg::th::zh,th,zh,dependent,1,1,1,1,0,0,0,0,0
internvl,rel::5/camera_11.jpg,rel::5/camera_11.jpg::zh::en,zh,en,dependent,1,1,0,0,0,0,-1,-1,0
internvl,rel::5/camera_11.jpg,rel::5/camera_11.jpg::zh::ru,zh,ru,dependent,1,1,1,1,0,0,0,0,0
internvl,rel::5/camera_11.jpg,rel::5/camera_11.jpg::zh::th,zh,th,dependent,1,1,1,1,0,0,0,0,0
internvl,rel::5/camera_12.jpg,rel::5/camera_12.jpg::en::ru,en,ru,dependent,1,1,1,1,0,0,0,0,0
internvl,rel::5/camera_12.jpg,rel::5/camera_12.jpg::en::th,en,th,dependent,0,0,0,0,0,0,0,0,0
internvl,rel::5/camera_12.jpg,rel::5/camera_12.jpg::en::zh,en,zh,dependent,1,1,1,1,0,0,0,0,0
internvl,rel::5/camera_12.jpg,rel::5/camera_12.jpg::ru::en,ru,en,dependent,1,1,1,1,0,0,0,0,0
internvl,rel::5/camera_12.jpg,rel::5/camera_12.jpg::ru::th,ru,th,dependent,0,0,0,0,0,0,0,0,0
internvl,rel::5/camera_12.jpg,rel::5/camera_12.jpg::ru::zh,ru,zh,dependent,0,1,0,1,1,1,0,0,0
internvl,rel::5/camera_12.jpg,rel::5/camera_12.jpg::th::en,th,en,dependent,0,1,1,1,1,0,1,0,-1
internvl,rel::5/camera_12.jpg,rel::5/camera_12.jpg::th::ru,th,ru,dependent,0,1,0,1,1,1,0,0,0
internvl,rel::5/camera_12.jpg,rel::5/camera_12.jpg::th::zh,th,zh,dependent,0,1,0,1,1,1,0,0,0
internvl,rel::5/camera_12.jpg,rel::5/camera_12.jpg::zh::en,zh,en,dependent,1,1,1,1,0,0,0,0,0
internvl,rel::5/camera_12.jpg,rel::5/camera_12.jpg::zh::ru,zh,ru,dependent,0,1,0,1,1,1,0,0,0
internvl,rel::5/camera_12.jpg,rel::5/camera_12.jpg::zh::th,zh,th,dependent,0,1,0,0,1,0,0,-1,-1
internvl,rel::5/camera_13.jpg,rel::5/camera_13.jpg::en::ru,en,ru,dependent,1,1,1,0,0,-1,0,-1,-1
internvl,rel::5/camera_13.jpg,rel::5/camera_13.jpg::en::th,en,th,dependent,1,0,1,1,-1,0,0,1,1
internvl,rel::5/camera_13.jpg,rel::5/camera_13.jpg::en::zh,en,zh,dependent,1,1,1,1,0,0,0,0,0
internvl,rel::5/camera_13.jpg,rel::5/camera_13.jpg::ru::en,ru,en,dependent,1,1,1,1,0,0,0,0,0
internvl,rel::5/camera_13.jpg,rel::5/camera_13.jpg::ru::th,ru,th,dependent,1,0,1,1,-1,0,0,1,1
internvl,rel::5/camera_13.jpg,rel::5/camera_13.jpg::ru::zh,ru,zh,dependent,1,1,1,1,0,0,0,0,0
internvl,rel::5/camera_13.jpg,rel::5/camera_13.jpg::th::en,th,en,dependent,1,1,1,1,0,0,0,0,0
internvl,rel::5/camera_13.jpg,rel::5/camera_13.jpg::th::ru,th,ru,dependent,0,1,0,0,1,0,0,-1,-1
internvl,rel::5/camera_13.jpg,rel::5/camera_13.jpg::th::zh,th,zh,dependent,1,1,1,1,0,0,0,0,0
internvl,rel::5/camera_13.jpg,rel::5/camera_13.jpg::zh::en,zh,en,dependent,1,1,1,1,0,0,0,0,0
internvl,rel::5/camera_13.jpg,rel::5/camera_13.jpg::zh::ru,zh,ru,dependent,1,1,1,0,0,-1,0,-1,-1
internvl,rel::5/camera_13.jpg,rel::5/camera_13.jpg::zh::th,zh,th,dependent,1,0,1,1,-1,0,0,1,1
internvl,rel::5/camera_14.jpg,rel::5/camera_14.jpg::en::ru,en,ru,dependent,1,1,1,1,0,0,0,0,0
internvl,rel::5/camera_14.jpg,rel::5/camera_14.jpg::en::th,en,th,dependent,0,0,0,0,0,0,0,0,0
internvl,rel::5/camera_14.jpg,rel::5/camera_14.jpg::en::zh,en,zh,dependent,1,1,1,1,0,0,0,0,0
internvl,rel::5/camera_14.jpg,rel::5/camera_14.jpg::ru::en,ru,en,dependent,1,1,1,1,0,0,0,0,0
internvl,rel::5/camera_14.jpg,rel::5/camera_14.jpg::ru::th,ru,th,dependent,1,0,0,0,-1,0,-1,0,1
internvl,rel::5/camera_14.jpg,rel::5/camera_14.jpg::ru::zh,ru,zh,dependent,1,1,0,1,0,1,-1,0,1
internvl,rel::5/camera_14.jpg,rel::5/camera_14.jpg::th::en,th,en,dependent,1,1,1,1,0,0,0,0,0
internvl,rel::5/camera_14.jpg,rel::5/camera_14.jpg::th::ru,th,ru,dependent,1,1,1,1,0,0,0,0,0
internvl,rel::5/camera_14.jpg,rel::5/camera_14.jpg::th::zh,th,zh,dependent,1,0,1,1,-1,0,0,1,1
internvl,rel::5/camera_14.jpg,rel::5/camera_14.jpg::zh::en,zh,en,dependent,1,1,1,1,0,0,0,0,0
internvl,rel::5/camera_14.jpg,rel::5/camera_14.jpg::zh::ru,zh,ru,dependent,1,1,1,1,0,0,0,0,0
internvl,rel::5/camera_14.jpg,rel::5/camera_14.jpg::zh::th,zh,th,dependent,0,0,0,0,0,0,0,0,0
internvl,rel::5/camera_2.jpg,rel::5/camera_2.jpg::en::ru,en,ru,dependent,1,1,1,1,0,0,0,0,0
internvl,rel::5/camera_2.jpg,rel::5/camera_2.jpg::en::th,en,th,dependent,0,1,0,0,1,0,0,-1,-1
internvl,rel::5/camera_2.jpg,rel::5/camera_2.jpg::en::zh,en,zh,dependent,0,1,0,1,1,1,0,0,0
internvl,rel::5/camera_2.jpg,rel::5/camera_2.jpg::ru::en,ru,en,dependent,1,1,1,1,0,0,0,0,0
internvl,rel::5/camera_2.jpg,rel::5/camera_2.jpg::ru::th,ru,th,dependent,0,0,0,0,0,0,0,0,0
internvl,rel::5/camera_2.jpg,rel::5/camera_2.jpg::ru::zh,ru,zh,dependent,0,1,1,1,1,0,1,0,-1
internvl,rel::5/camera_2.jpg,rel::5/camera_2.jpg::th::en,th,en,dependent,0,0,0,1,0,1,0,1,1
internvl,rel::5/camera_2.jpg,rel::5/camera_2.jpg::th::ru,th,ru,dependent,0,0,0,1,0,1,0,1,1
internvl,rel::5/camera_2.jpg,rel::5/camera_2.jpg::th::zh,th,zh,dependent,0,0,1,1,0,0,1,1,0
internvl,rel::5/camera_2.jpg,rel::5/camera_2.jpg::zh::en,zh,en,dependent,1,1,1,1,0,0,0,0,0
internvl,rel::5/camera_2.jpg,rel::5/camera_2.jpg::zh::ru,zh,ru,dependent,1,1,0,1,0,1,-1,0,1
internvl,rel::5/camera_2.jpg,rel::5/camera_2.jpg::zh::th,zh,th,dependent,0,1,0,0,1,0,0,-1,-1
internvl,rel::5/camera_3.jpg,rel::5/camera_3.jpg::en::ru,en,ru,dependent,0,0,0,0,0,0,0,0,0
internvl,rel::5/camera_3.jpg,rel::5/camera_3.jpg::en::th,en,th,dependent,0,1,1,0,1,-1,1,-1,-2
internvl,rel::5/camera_3.jpg,rel::5/camera_3.jpg::en::zh,en,zh,dependent,1,1,1,1,0,0,0,0,0
internvl,rel::5/camera_3.jpg,rel::5/camera_3.jpg::ru::en,ru,en,dependent,0,0,0,0,0,0,0,0,0
internvl,rel::5/camera_3.jpg,rel::5/camera_3.jpg::ru::th,ru,th,dependent,0,1,1,0,1,-1,1,-1,-2
internvl,rel::5/camera_3.jpg,rel::5/camera_3.jpg::ru::zh,ru,zh,dependent,1,1,1,1,0,0,0,0,0
internvl,rel::5/camera_3.jpg,rel::5/camera_3.jpg::th::en,th,en,dependent,0,0,1,0,0,-1,1,0,-1
internvl,rel::5/camera_3.jpg,rel::5/camera_3.jpg::th::ru,th,ru,dependent,0,0,0,0,0,0,0,0,0
internvl,rel::5/camera_3.jpg,rel::5/camera_3.jpg::th::zh,th,zh,dependent,1,0,0,1,-1,1,-1,1,2
internvl,rel::5/camera_3.jpg,rel::5/camera_3.jpg::zh::en,zh,en,dependent,0,0,1,0,0,-1,1,0,-1
internvl,rel::5/camera_3.jpg,rel::5/camera_3.jpg::zh::ru,zh,ru,dependent,0,0,0,0,0,0,0,0,0
internvl,rel::5/camera_3.jpg,rel::5/camera_3.jpg::zh::th,zh,th,dependent,0,0,1,0,0,-1,1,0,-1
internvl,rel::5/camera_4.jpg,rel::5/camera_4.jpg::en::ru,en,ru,dependent,0,0,0,0,0,0,0,0,0
internvl,rel::5/camera_4.jpg,rel::5/camera_4.jpg::en::th,en,th,dependent,0,0,0,0,0,0,0,0,0
internvl,rel::5/camera_4.jpg,rel::5/camera_4.jpg::en::zh,en,zh,dependent,0,0,0,0,0,0,0,0,0
internvl,rel::5/camera_4.jpg,rel::5/camera_4.jpg::ru::en,ru,en,dependent,0,0,0,0,0,0,0,0,0
internvl,rel::5/camera_4.jpg,rel::5/camera_4.jpg::ru::th,ru,th,dependent,0,0,0,0,0,0,0,0,0
internvl,rel::5/camera_4.jpg,rel::5/camera_4.jpg::ru::zh,ru,zh,dependent,0,0,0,0,0,0,0,0,0
internvl,rel::5/camera_4.jpg,rel::5/camera_4.jpg::th::en,th,en,dependent,0,0,0,0,0,0,0,0,0
internvl,rel::5/camera_4.jpg,rel::5/camera_4.jpg::th::ru,th,ru,dependent,0,0,0,0,0,0,0,0,0
internvl,rel::5/camera_4.jpg,rel::5/camera_4.jpg::th::zh,th,zh,dependent,0,0,0,0,0,0,0,0,0
internvl,rel::5/camera_4.jpg,rel::5/camera_4.jpg::zh::en,zh,en,dependent,0,0,0,0,0,0,0,0,0
internvl,rel::5/camera_4.jpg,rel::5/camera_4.jpg::zh::ru,zh,ru,dependent,0,0,0,0,0,0,0,0,0
internvl,rel::5/camera_4.jpg,rel::5/camera_4.jpg::zh::th,zh,th,dependent,0,0,0,0,0,0,0,0,0
internvl,rel::5/camera_5.jpg,rel::5/camera_5.jpg::en::ru,en,ru,dependent,1,1,1,1,0,0,0,0,0
internvl,rel::5/camera_5.jpg,rel::5/camera_5.jpg::en::th,en,th,dependent,1,1,1,1,0,0,0,0,0
internvl,rel::5/camera_5.jpg,rel::5/camera_5.jpg::en::zh,en,zh,dependent,1,1,1,1,0,0,0,0,0
internvl,rel::5/camera_5.jpg,rel::5/camera_5.jpg::ru::en,ru,en,dependent,1,1,1,1,0,0,0,0,0
internvl,rel::5/camera_5.jpg,rel::5/camera_5.jpg::ru::th,ru,th,dependent,1,1,0,1,0,1,-1,0,1
internvl,rel::5/camera_5.jpg,rel::5/camera_5.jpg::ru::zh,ru,zh,dependent,1,1,1,1,0,0,0,0,0
internvl,rel::5/camera_5.jpg,rel::5/camera_5.jpg::th::en,th,en,dependent,1,1,1,1,0,0,0,0,0
internvl,rel::5/camera_5.jpg,rel::5/camera_5.jpg::th::ru,th,ru,dependent,1,1,0,1,0,1,-1,0,1
internvl,rel::5/camera_5.jpg,rel::5/camera_5.jpg::th::zh,th,zh,dependent,1,1,1,1,0,0,0,0,0
internvl,rel::5/camera_5.jpg,rel::5/camera_5.jpg::zh::en,zh,en,dependent,1,1,1,1,0,0,0,0,0
internvl,rel::5/camera_5.jpg,rel::5/camera_5.jpg::zh::ru,zh,ru,dependent,1,1,1,1,0,0,0,0,0
internvl,rel::5/camera_5.jpg,rel::5/camera_5.jpg::zh::th,zh,th,dependent,1,1,1,1,0,0,0,0,0
internvl,rel::5/camera_6.jpg,rel::5/camera_6.jpg::en::ru,en,ru,dependent,0,1,0,1,1,1,0,0,0
internvl,rel::5/camera_6.jpg,rel::5/camera_6.jpg::en::th,en,th,dependent,0,0,0,0,0,0,0,0,0
internvl,rel::5/camera_6.jpg,rel::5/camera_6.jpg::en::zh,en,zh,dependent,0,1,0,0,1,0,0,-1,-1
internvl,rel::5/camera_6.jpg,rel::5/camera_6.jpg::ru::en,ru,en,dependent,1,1,0,1,0,1,-1,0,1
internvl,rel::5/camera_6.jpg,rel::5/camera_6.jpg::ru::th,ru,th,dependent,0,0,1,0,0,-1,1,0,-1
internvl,rel::5/camera_6.jpg,rel::5/camera_6.jpg::ru::zh,ru,zh,dependent,1,1,0,0,0,0,-1,-1,0
internvl,rel::5/camera_6.jpg,rel::5/camera_6.jpg::th::en,th,en,dependent,1,1,1,1,0,0,0,0,0
internvl,rel::5/camera_6.jpg,rel::5/camera_6.jpg::th::ru,th,ru,dependent,0,1,0,1,1,1,0,0,0
internvl,rel::5/camera_6.jpg,rel::5/camera_6.jpg::th::zh,th,zh,dependent,0,1,0,0,1,0,0,-1,-1
internvl,rel::5/camera_6.jpg,rel::5/camera_6.jpg::zh::en,zh,en,dependent,0,1,0,1,1,1,0,0,0
internvl,rel::5/camera_6.jpg,rel::5/camera_6.jpg::zh::ru,zh,ru,dependent,0,1,0,1,1,1,0,0,0
internvl,rel::5/camera_6.jpg,rel::5/camera_6.jpg::zh::th,zh,th,dependent,0,0,0,0,0,0,0,0,0
internvl,rel::5/camera_7.jpg,rel::5/camera_7.jpg::en::ru,en,ru,dependent,0,0,0,0,0,0,0,0,0
internvl,rel::5/camera_7.jpg,rel::5/camera_7.jpg::en::th,en,th,dependent,0,0,0,0,0,0,0,0,0
internvl,rel::5/camera_7.jpg,rel::5/camera_7.jpg::en::zh,en,zh,dependent,0,0,0,0,0,0,0,0,0
internvl,rel::5/camera_7.jpg,rel::5/camera_7.jpg::ru::en,ru,en,dependent,0,0,0,0,0,0,0,0,0
internvl,rel::5/camera_7.jpg,rel::5/camera_7.jpg::ru::th,ru,th,dependent,0,0,0,0,0,0,0,0,0
internvl,rel::5/camera_7.jpg,rel::5/camera_7.jpg::ru::zh,ru,zh,dependent,0,0,0,0,0,0,0,0,0
internvl,rel::5/camera_7.jpg,rel::5/camera_7.jpg::th::en,th,en,dependent,0,0,0,0,0,0,0,0,0
internvl,rel::5/camera_7.jpg,rel::5/camera_7.jpg::th::ru,th,ru,dependent,0,0,0,0,0,0,0,0,0
internvl,rel::5/camera_7.jpg,rel::5/camera_7.jpg::th::zh,th,zh,dependent,0,1,0,0,1,0,0,-1,-1
internvl,rel::5/camera_7.jpg,rel::5/camera_7.jpg::zh::en,zh,en,dependent,0,0,0,0,0,0,0,0,0
internvl,rel::5/camera_7.jpg,rel::5/camera_7.jpg::zh::ru,zh,ru,dependent,0,0,0,0,0,0,0,0,0
internvl,rel::5/camera_7.jpg,rel::5/camera_7.jpg::zh::th,zh,th,dependent,0,0,0,0,0,0,0,0,0
internvl,rel::5/camera_8.jpg,rel::5/camera_8.jpg::en::ru,en,ru,independent,1,1,1,0,0,-1,0,-1,-1
internvl,rel::5/camera_8.jpg,rel::5/camera_8.jpg::en::th,en,th,independent,1,1,0,0,0,0,-1,-1,0
internvl,rel::5/camera_8.jpg,rel::5/camera_8.jpg::en::zh,en,zh,independent,1,1,1,1,0,0,0,0,0
internvl,rel::5/camera_8.jpg,rel::5/camera_8.jpg::ru::en,ru,en,independent,1,1,1,1,0,0,0,0,0
internvl,rel::5/camera_8.jpg,rel::5/camera_8.jpg::ru::th,ru,th,independent,0,0,0,0,0,0,0,0,0
internvl,rel::5/camera_8.jpg,rel::5/camera_8.jpg::ru::zh,ru,zh,independent,0,1,1,1,1,0,1,0,-1
internvl,rel::5/camera_8.jpg,rel::5/camera_8.jpg::th::en,th,en,independent,0,1,1,1,1,0,1,0,-1
internvl,rel::5/camera_8.jpg,rel::5/camera_8.jpg::th::ru,th,ru,independent,1,1,0,0,0,0,-1,-1,0
internvl,rel::5/camera_8.jpg,rel::5/camera_8.jpg::th::zh,th,zh,independent,0,0,1,1,0,0,1,1,0
internvl,rel::5/camera_8.jpg,rel::5/camera_8.jpg::zh::en,zh,en,independent,1,1,1,1,0,0,0,0,0
internvl,rel::5/camera_8.jpg,rel::5/camera_8.jpg::zh::ru,zh,ru,independent,1,1,1,0,0,-1,0,-1,-1
internvl,rel::5/camera_8.jpg,rel::5/camera_8.jpg::zh::th,zh,th,independent,1,1,0,0,0,0,-1,-1,0
internvl,rel::5/camera_9.jpg,rel::5/camera_9.jpg::en::ru,en,ru,dependent,1,1,1,1,0,0,0,0,0
internvl,rel::5/camera_9.jpg,rel::5/camera_9.jpg::en::th,en,th,dependent,1,0,0,0,-1,0,-1,0,1
internvl,rel::5/camera_9.jpg,rel::5/camera_9.jpg::en::zh,en,zh,dependent,1,1,1,1,0,0,0,0,0
internvl,rel::5/camera_9.jpg,rel::5/camera_9.jpg::ru::en,ru,en,dependent,1,1,1,1,0,0,0,0,0
internvl,rel::5/camera_9.jpg,rel::5/camera_9.jpg::ru::th,ru,th,dependent,0,0,0,0,0,0,0,0,0
internvl,rel::5/camera_9.jpg,rel::5/camera_9.jpg::ru::zh,ru,zh,dependent,0,1,0,1,1,1,0,0,0
internvl,rel::5/camera_9.jpg,rel::5/camera_9.jpg::th::en,th,en,dependent,1,1,1,1,0,0,0,0,0
internvl,rel::5/camera_9.jpg,rel::5/camera_9.jpg::th::ru,th,ru,dependent,0,1,0,1,1,1,0,0,0
internvl,rel::5/camera_9.jpg,rel::5/camera_9.jpg::th::zh,th,zh,dependent,0,1,0,1,1,1,0,0,0
internvl,rel::5/camera_9.jpg,rel::5/camera_9.jpg::zh::en,zh,en,dependent,1,1,1,1,0,0,0,0,0
internvl,rel::5/camera_9.jpg,rel::5/camera_9.jpg::zh::ru,zh,ru,dependent,0,1,0,1,1,1,0,0,0
internvl,rel::5/camera_9.jpg,rel::5/camera_9.jpg::zh::th,zh,th,dependent,0,0,1,0,0,-1,1,0,-1
internvl,rel::5/file_1.jpg,rel::5/file_1.jpg::en::ru,en,ru,dependent,1,1,1,1,0,0,0,0,0
internvl,rel::5/file_1.jpg,rel::5/file_1.jpg::en::th,en,th,dependent,1,1,1,1,0,0,0,0,0
internvl,rel::5/file_1.jpg,rel::5/file_1.jpg::en::zh,en,zh,dependent,1,1,1,1,0,0,0,0,0
internvl,rel::5/file_1.jpg,rel::5/file_1.jpg::ru::en,ru,en,dependent,1,1,1,1,0,0,0,0,0
internvl,rel::5/file_1.jpg,rel::5/file_1.jpg::ru::th,ru,th,dependent,1,1,1,1,0,0,0,0,0
internvl,rel::5/file_1.jpg,rel::5/file_1.jpg::ru::zh,ru,zh,dependent,1,1,1,1,0,0,0,0,0
internvl,rel::5/file_1.jpg,rel::5/file_1.jpg::th::en,th,en,dependent,1,1,1,1,0,0,0,0,0
internvl,rel::5/file_1.jpg,rel::5/file_1.jpg::th::ru,th,ru,dependent,1,1,1,1,0,0,0,0,0
internvl,rel::5/file_1.jpg,rel::5/file_1.jpg::th::zh,th,zh,dependent,1,1,1,1,0,0,0,0,0
internvl,rel::5/file_1.jpg,rel::5/file_1.jpg::zh::en,zh,en,dependent,1,1,1,1,0,0,0,0,0
internvl,rel::5/file_1.jpg,rel::5/file_1.jpg::zh::ru,zh,ru,dependent,1,1,1,1,0,0,0,0,0
internvl,rel::5/file_1.jpg,rel::5/file_1.jpg::zh::th,zh,th,dependent,1,1,1,1,0,0,0,0,0
internvl,rel::5/file_10.jpg,rel::5/file_10.jpg::en::ru,en,ru,dependent,1,1,1,1,0,0,0,0,0
internvl,rel::5/file_10.jpg,rel::5/file_10.jpg::en::th,en,th,dependent,1,0,0,0,-1,0,-1,0,1
internvl,rel::5/file_10.jpg,rel::5/file_10.jpg::en::zh,en,zh,dependent,1,1,1,1,0,0,0,0,0
internvl,rel::5/file_10.jpg,rel::5/file_10.jpg::ru::en,ru,en,dependent,1,1,1,1,0,0,0,0,0
internvl,rel::5/file_10.jpg,rel::5/file_10.jpg::ru::th,ru,th,dependent,0,1,0,0,1,0,0,-1,-1
internvl,rel::5/file_10.jpg,rel::5/file_10.jpg::ru::zh,ru,zh,dependent,1,1,1,1,0,0,0,0,0
internvl,rel::5/file_10.jpg,rel::5/file_10.jpg::th::en,th,en,dependent,1,1,1,1,0,0,0,0,0
internvl,rel::5/file_10.jpg,rel::5/file_10.jpg::th::ru,th,ru,dependent,0,0,0,1,0,1,0,1,1
internvl,rel::5/file_10.jpg,rel::5/file_10.jpg::th::zh,th,zh,dependent,1,1,1,1,0,0,0,0,0
internvl,rel::5/file_10.jpg,rel::5/file_10.jpg::zh::en,zh,en,dependent,1,1,1,1,0,0,0,0,0
internvl,rel::5/file_10.jpg,rel::5/file_10.jpg::zh::ru,zh,ru,dependent,0,1,0,1,1,1,0,0,0
internvl,rel::5/file_10.jpg,rel::5/file_10.jpg::zh::th,zh,th,dependent,0,1,0,0,1,0,0,-1,-1
internvl,rel::5/file_11.jpg,rel::5/file_11.jpg::en::ru,en,ru,dependent,1,1,0,1,0,1,-1,0,1
internvl,rel::5/file_11.jpg,rel::5/file_11.jpg::en::th,en,th,dependent,1,0,0,1,-1,1,-1,1,2
internvl,rel::5/file_11.jpg,rel::5/file_11.jpg::en::zh,en,zh,dependent,1,0,1,1,-1,0,0,1,1
internvl,rel::5/file_11.jpg,rel::5/file_11.jpg::ru::en,ru,en,dependent,1,1,1,1,0,0,0,0,0
internvl,rel::5/file_11.jpg,rel::5/file_11.jpg::ru::th,ru,th,dependent,0,0,0,1,0,1,0,1,1
internvl,rel::5/file_11.jpg,rel::5/file_11.jpg::ru::zh,ru,zh,dependent,0,0,1,1,0,0,1,1,0
internvl,rel::5/file_11.jpg,rel::5/file_11.jpg::th::en,th,en,dependent,0,0,0,1,0,1,0,1,1
internvl,rel::5/file_11.jpg,rel::5/file_11.jpg::th::ru,th,ru,dependent,0,0,0,1,0,1,0,1,1
internvl,rel::5/file_11.jpg,rel::5/file_11.jpg::th::zh,th,zh,dependent,1,0,0,1,-1,1,-1,1,2
internvl,rel::5/file_11.jpg,rel::5/file_11.jpg::zh::en,zh,en,dependent,1,1,1,1,0,0,0,0,0
internvl,rel::5/file_11.jpg,rel::5/file_11.jpg::zh::ru,zh,ru,dependent,1,1,0,1,0,1,-1,0,1
internvl,rel::5/file_11.jpg,rel::5/file_11.jpg::zh::th,zh,th,dependent,1,1,0,1,0,1,-1,0,1
internvl,rel::5/file_12.jpg,rel::5/file_12.jpg::en::ru,en,ru,dependent,1,1,1,1,0,0,0,0,0
internvl,rel::5/file_12.jpg,rel::5/file_12.jpg::en::th,en,th,dependent,1,1,1,1,0,0,0,0,0
internvl,rel::5/file_12.jpg,rel::5/file_12.jpg::en::zh,en,zh,dependent,1,1,1,1,0,0,0,0,0
internvl,rel::5/file_12.jpg,rel::5/file_12.jpg::ru::en,ru,en,dependent,1,1,1,1,0,0,0,0,0
internvl,rel::5/file_12.jpg,rel::5/file_12.jpg::ru::th,ru,th,dependent,1,1,1,1,0,0,0,0,0
internvl,rel::5/file_12.jpg,rel::5/file_12.jpg::ru::zh,ru,zh,dependent,1,1,1,1,0,0,0,0,0
internvl,rel::5/file_12.jpg,rel::5/file_12.jpg::th::en,th,en,dependent,1,1,1,1,0,0,0,0,0
internvl,rel::5/file_12.jpg,rel::5/file_12.jpg::th::ru,th,ru,dependent,0,1,1,1,1,0,1,0,-1
internvl,rel::5/file_12.jpg,rel::5/file_12.jpg::th::zh,th,zh,dependent,1,1,1,1,0,0,0,0,0
internvl,rel::5/file_12.jpg,rel::5/file_12.jpg::zh::en,zh,en,dependent,1,1,1,1,0,0,0,0,0
internvl,rel::5/file_12.jpg,rel::5/file_12.jpg::zh::ru,zh,ru,dependent,1,1,1,1,0,0,0,0,0
internvl,rel::5/file_12.jpg,rel::5/file_12.jpg::zh::th,zh,th,dependent,1,1,1,1,0,0,0,0,0
internvl,rel::5/file_13.jpg,rel::5/file_13.jpg::en::ru,en,ru,dependent,0,1,0,1,1,1,0,0,0
internvl,rel::5/file_13.jpg,rel::5/file_13.jpg::en::th,en,th,dependent,1,1,0,0,0,0,-1,-1,0
internvl,rel::5/file_13.jpg,rel::5/file_13.jpg::en::zh,en,zh,dependent,1,1,1,1,0,0,0,0,0
internvl,rel::5/file_13.jpg,rel::5/file_13.jpg::ru::en,ru,en,dependent,1,1,1,1,0,0,0,0,0
internvl,rel::5/file_13.jpg,rel::5/file_13.jpg::ru::th,ru,th,dependent,0,1,0,0,1,0,0,-1,-1
internvl,rel::5/file_13.jpg,rel::5/file_13.jpg::ru::zh,ru,zh,dependent,1,1,1,1,0,0,0,0,0
internvl,rel::5/file_13.jpg,rel::5/file_13.jpg::th::en,th,en,dependent,0,1,1,1,1,0,1,0,-1
internvl,rel::5/file_13.jpg,rel::5/file_13.jpg::th::ru,th,ru,dependent,0,0,0,1,0,1,0,1,1
internvl,rel::5/file_13.jpg,rel::5/file_13.jpg::th::zh,th,zh,dependent,0,0,1,1,0,0,1,1,0
internvl,rel::5/file_13.jpg,rel::5/file_13.jpg::zh::en,zh,en,dependent,1,1,1,1,0,0,0,0,0
internvl,rel::5/file_13.jpg,rel::5/file_13.jpg::zh::ru,zh,ru,dependent,0,1,0,1,1,1,0,0,0
internvl,rel::5/file_13.jpg,rel::5/file_13.jpg::zh::th,zh,th,dependent,0,1,0,0,1,0,0,-1,-1
internvl,rel::5/file_14.jpg,rel::5/file_14.jpg::en::ru,en,ru,dependent,0,1,0,1,1,1,0,0,0
internvl,rel::5/file_14.jpg,rel::5/file_14.jpg::en::th,en,th,dependent,0,0,0,0,0,0,0,0,0
internvl,rel::5/file_14.jpg,rel::5/file_14.jpg::en::zh,en,zh,dependent,1,1,1,1,0,0,0,0,0
internvl,rel::5/file_14.jpg,rel::5/file_14.jpg::ru::en,ru,en,dependent,1,1,1,1,0,0,0,0,0
internvl,rel::5/file_14.jpg,rel::5/file_14.jpg::ru::th,ru,th,dependent,0,0,0,0,0,0,0,0,0
internvl,rel::5/file_14.jpg,rel::5/file_14.jpg::ru::zh,ru,zh,dependent,1,1,1,1,0,0,0,0,0
internvl,rel::5/file_14.jpg,rel::5/file_14.jpg::th::en,th,en,dependent,1,1,1,1,0,0,0,0,0
internvl,rel::5/file_14.jpg,rel::5/file_14.jpg::th::ru,th,ru,dependent,0,1,0,1,1,1,0,0,0
internvl,rel::5/file_14.jpg,rel::5/file_14.jpg::th::zh,th,zh,dependent,0,1,1,1,1,0,1,0,-1
internvl,rel::5/file_14.jpg,rel::5/file_14.jpg::zh::en,zh,en,dependent,1,1,1,1,0,0,0,0,0
internvl,rel::5/file_14.jpg,rel::5/file_14.jpg::zh::ru,zh,ru,dependent,0,1,0,1,1,1,0,0,0
internvl,rel::5/file_14.jpg,rel::5/file_14.jpg::zh::th,zh,th,dependent,0,0,0,0,0,0,0,0,0
internvl,rel::5/file_15.jpg,rel::5/file_15.jpg::en::ru,en,ru,dependent,1,1,0,0,0,0,-1,-1,0
internvl,rel::5/file_15.jpg,rel::5/file_15.jpg::en::th,en,th,dependent,1,1,1,1,0,0,0,0,0
internvl,rel::5/file_15.jpg,rel::5/file_15.jpg::en::zh,en,zh,dependent,1,1,1,1,0,0,0,0,0
internvl,rel::5/file_15.jpg,rel::5/file_15.jpg::ru::en,ru,en,dependent,1,1,1,1,0,0,0,0,0
internvl,rel::5/file_15.jpg,rel::5/file_15.jpg::ru::th,ru,th,dependent,1,0,1,1,-1,0,0,1,1
internvl,rel::5/file_15.jpg,rel::5/file_15.jpg::ru::zh,ru,zh,dependent,0,1,1,1,1,0,1,0,-1
internvl,rel::5/file_15.jpg,rel::5/file_15.jpg::th::en,th,en,dependent,1,1,0,1,0,1,-1,0,1
internvl,rel::5/file_15.jpg,rel::5/file_15.jpg::th::ru,th,ru,dependent,1,1,0,0,0,0,-1,-1,0
internvl,rel::5/file_15.jpg,rel::5/file_15.jpg::th::zh,th,zh,dependent,1,1,0,1,0,1,-1,0,1
internvl,rel::5/file_15.jpg,rel::5/file_15.jpg::zh::en,zh,en,dependent,1,1,1,1,0,0,0,0,0
internvl,rel::5/file_15.jpg,rel::5/file_15.jpg::zh::ru,zh,ru,dependent,0,1,0,0,1,0,0,-1,-1
internvl,rel::5/file_15.jpg,rel::5/file_15.jpg::zh::th,zh,th,dependent,0,0,1,1,0,0,1,1,0
internvl,rel::5/file_16.jpg,rel::5/file_16.jpg::en::ru,en,ru,dependent,0,0,0,0,0,0,0,0,0
internvl,rel::5/file_16.jpg,rel::5/file_16.jpg::en::th,en,th,dependent,0,0,1,1,0,0,1,1,0
internvl,rel::5/file_16.jpg,rel::5/file_16.jpg::en::zh,en,zh,dependent,0,0,0,0,0,0,0,0,0
internvl,rel::5/file_16.jpg,rel::5/file_16.jpg::ru::en,ru,en,dependent,1,1,0,0,0,0,-1,-1,0
internvl,rel::5/file_16.jpg,rel::5/file_16.jpg::ru::th,ru,th,dependent,0,0,0,1,0,1,0,1,1
internvl,rel::5/file_16.jpg,rel::5/file_16.jpg::ru::zh,ru,zh,dependent,0,0,0,0,0,0,0,0,0
internvl,rel::5/file_16.jpg,rel::5/file_16.jpg::th::en,th,en,dependent,1,1,0,0,0,0,-1,-1,0
internvl,rel::5/file_16.jpg,rel::5/file_16.jpg::th::ru,th,ru,dependent,1,1,0,0,0,0,-1,-1,0
internvl,rel::5/file_16.jpg,rel::5/file_16.jpg::th::zh,th,zh,dependent,1,1,0,0,0,0,-1,-1,0
internvl,rel::5/file_16.jpg,rel::5/file_16.jpg::zh::en,zh,en,dependent,0,0,0,0,0,0,0,0,0
internvl,rel::5/file_16.jpg,rel::5/file_16.jpg::zh::ru,zh,ru,dependent,0,0,0,0,0,0,0,0,0
internvl,rel::5/file_16.jpg,rel::5/file_16.jpg::zh::th,zh,th,dependent,0,0,0,1,0,1,0,1,1
internvl,rel::5/file_17.jpg,rel::5/file_17.jpg::en::ru,en,ru,dependent,1,1,0,0,0,0,-1,-1,0
internvl,rel::5/file_17.jpg,rel::5/file_17.jpg::en::th,en,th,dependent,1,1,0,1,0,1,-1,0,1
internvl,rel::5/file_17.jpg,rel::5/file_17.jpg::en::zh,en,zh,dependent,1,1,1,1,0,0,0,0,0
internvl,rel::5/file_17.jpg,rel::5/file_17.jpg::ru::en,ru,en,dependent,0,0,1,1,0,0,1,1,0
internvl,rel::5/file_17.jpg,rel::5/file_17.jpg::ru::th,ru,th,dependent,0,0,0,1,0,1,0,1,1
internvl,rel::5/file_17.jpg,rel::5/file_17.jpg::ru::zh,ru,zh,dependent,0,0,1,1,0,0,1,1,0
internvl,rel::5/file_17.jpg,rel::5/file_17.jpg::th::en,th,en,dependent,1,1,1,1,0,0,0,0,0
internvl,rel::5/file_17.jpg,rel::5/file_17.jpg::th::ru,th,ru,dependent,1,1,0,0,0,0,-1,-1,0
internvl,rel::5/file_17.jpg,rel::5/file_17.jpg::th::zh,th,zh,dependent,1,1,1,1,0,0,0,0,0
internvl,rel::5/file_17.jpg,rel::5/file_17.jpg::zh::en,zh,en,dependent,1,1,1,1,0,0,0,0,0
internvl,rel::5/file_17.jpg,rel::5/file_17.jpg::zh::ru,zh,ru,dependent,1,1,0,0,0,0,-1,-1,0
internvl,rel::5/file_17.jpg,rel::5/file_17.jpg::zh::th,zh,th,dependent,1,0,1,1,-1,0,0,1,1
internvl,rel::5/file_2.jpg,rel::5/file_2.jpg::en::ru,en,ru,dependent,1,0,1,1,-1,0,0,1,1
internvl,rel::5/file_2.jpg,rel::5/file_2.jpg::en::th,en,th,dependent,0,0,0,0,0,0,0,0,0
internvl,rel::5/file_2.jpg,rel::5/file_2.jpg::en::zh,en,zh,dependent,0,0,0,1,0,1,0,1,1
internvl,rel::5/file_2.jpg,rel::5/file_2.jpg::ru::en,ru,en,dependent,1,1,1,0,0,-1,0,-1,-1
internvl,rel::5/file_2.jpg,rel::5/file_2.jpg::ru::th,ru,th,dependent,0,0,0,0,0,0,0,0,0
internvl,rel::5/file_2.jpg,rel::5/file_2.jpg::ru::zh,ru,zh,dependent,0,1,1,1,1,0,1,0,-1
internvl,rel::5/file_2.jpg,rel::5/file_2.jpg::th::en,th,en,dependent,0,0,0,0,0,0,0,0,0
internvl,rel::5/file_2.jpg,rel::5/file_2.jpg::th::ru,th,ru,dependent,0,0,1,1,0,0,1,1,0
internvl,rel::5/file_2.jpg,rel::5/file_2.jpg::th::zh,th,zh,dependent,0,0,0,1,0,1,0,1,1
internvl,rel::5/file_2.jpg,rel::5/file_2.jpg::zh::en,zh,en,dependent,1,1,1,0,0,-1,0,-1,-1
internvl,rel::5/file_2.jpg,rel::5/file_2.jpg::zh::ru,zh,ru,dependent,1,1,1,1,0,0,0,0,0
internvl,rel::5/file_2.jpg,rel::5/file_2.jpg::zh::th,zh,th,dependent,0,0,0,0,0,0,0,0,0
internvl,rel::5/file_3.jpg,rel::5/file_3.jpg::en::ru,en,ru,dependent,1,1,1,1,0,0,0,0,0
internvl,rel::5/file_3.jpg,rel::5/file_3.jpg::en::th,en,th,dependent,1,1,1,1,0,0,0,0,0
internvl,rel::5/file_3.jpg,rel::5/file_3.jpg::en::zh,en,zh,dependent,1,1,1,1,0,0,0,0,0
internvl,rel::5/file_3.jpg,rel::5/file_3.jpg::ru::en,ru,en,dependent,1,1,1,1,0,0,0,0,0
internvl,rel::5/file_3.jpg,rel::5/file_3.jpg::ru::th,ru,th,dependent,1,1,1,1,0,0,0,0,0
internvl,rel::5/file_3.jpg,rel::5/file_3.jpg::ru::zh,ru,zh,dependent,1,1,1,1,0,0,0,0,0
internvl,rel::5/file_3.jpg,rel::5/file_3.jpg::th::en,th,en,dependent,0,1,0,1,1,1,0,0,0
internvl,rel::5/file_3.jpg,rel::5/file_3.jpg::th::ru,th,ru,dependent,0,1,1,1,1,0,1,0,-1
internvl,rel::5/file_3.jpg,rel::5/file_3.jpg::th::zh,th,zh,dependent,1,1,1,1,0,0,0,0,0
internvl,rel::5/file_3.jpg,rel::5/file_3.jpg::zh::en,zh,en,dependent,1,1,0,1,0,1,-1,0,1
internvl,rel::5/file_3.jpg,rel::5/file_3.jpg::zh::ru,zh,ru,dependent,1,1,1,1,0,0,0,0,0
internvl,rel::5/file_3.jpg,rel::5/file_3.jpg::zh::th,zh,th,dependent,1,1,1,1,0,0,0,0,0
internvl,rel::5/file_4.jpg,rel::5/file_4.jpg::en::ru,en,ru,dependent,0,0,0,0,0,0,0,0,0
internvl,rel::5/file_4.jpg,rel::5/file_4.jpg::en::th,en,th,dependent,0,1,0,0,1,0,0,-1,-1
internvl,rel::5/file_4.jpg,rel::5/file_4.jpg::en::zh,en,zh,dependent,1,1,1,1,0,0,0,0,0
internvl,rel::5/file_4.jpg,rel::5/file_4.jpg::ru::en,ru,en,dependent,1,1,1,1,0,0,0,0,0
internvl,rel::5/file_4.jpg,rel::5/file_4.jpg::ru::th,ru,th,dependent,0,1,0,0,1,0,0,-1,-1
internvl,rel::5/file_4.jpg,rel::5/file_4.jpg::ru::zh,ru,zh,dependent,1,1,1,1,0,0,0,0,0
internvl,rel::5/file_4.jpg,rel::5/file_4.jpg::th::en,th,en,dependent,1,1,1,1,0,0,0,0,0
internvl,rel::5/file_4.jpg,rel::5/file_4.jpg::th::ru,th,ru,dependent,0,0,1,0,0,-1,1,0,-1
internvl,rel::5/file_4.jpg,rel::5/file_4.jpg::th::zh,th,zh,dependent,0,0,1,1,0,0,1,1,0
internvl,rel::5/file_4.jpg,rel::5/file_4.jpg::zh::en,zh,en,dependent,1,1,1,1,0,0,0,0,0
internvl,rel::5/file_4.jpg,rel::5/file_4.jpg::zh::ru,zh,ru,dependent,0,0,0,0,0,0,0,0,0
internvl,rel::5/file_4.jpg,rel::5/file_4.jpg::zh::th,zh,th,dependent,1,1,0,0,0,0,-1,-1,0
internvl,rel::5/file_5.jpg,rel::5/file_5.jpg::en::ru,en,ru,independent,0,0,1,1,0,0,1,1,0
internvl,rel::5/file_5.jpg,rel::5/file_5.jpg::en::th,en,th,independent,0,0,1,1,0,0,1,1,0
internvl,rel::5/file_5.jpg,rel::5/file_5.jpg::en::zh,en,zh,independent,1,1,1,1,0,0,0,0,0
internvl,rel::5/file_5.jpg,rel::5/file_5.jpg::ru::en,ru,en,independent,1,1,0,0,0,0,-1,-1,0
internvl,rel::5/file_5.jpg,rel::5/file_5.jpg::ru::th,ru,th,independent,1,1,1,1,0,0,0,0,0
internvl,rel::5/file_5.jpg,rel::5/file_5.jpg::ru::zh,ru,zh,independent,1,1,1,1,0,0,0,0,0
internvl,rel::5/file_5.jpg,rel::5/file_5.jpg::th::en,th,en,independent,1,1,0,0,0,0,-1,-1,0
internvl,rel::5/file_5.jpg,rel::5/file_5.jpg::th::ru,th,ru,independent,1,1,1,1,0,0,0,0,0
internvl,rel::5/file_5.jpg,rel::5/file_5.jpg::th::zh,th,zh,independent,1,1,1,1,0,0,0,0,0
internvl,rel::5/file_5.jpg,rel::5/file_5.jpg::zh::en,zh,en,independent,1,1,0,0,0,0,-1,-1,0
internvl,rel::5/file_5.jpg,rel::5/file_5.jpg::zh::ru,zh,ru,independent,1,1,1,1,0,0,0,0,0
internvl,rel::5/file_5.jpg,rel::5/file_5.jpg::zh::th,zh,th,independent,1,1,1,1,0,0,0,0,0
internvl,rel::5/file_6.jpg,rel::5/file_6.jpg::en::ru,en,ru,dependent,1,1,1,1,0,0,0,0,0
internvl,rel::5/file_6.jpg,rel::5/file_6.jpg::en::th,en,th,dependent,1,1,0,0,0,0,-1,-1,0
internvl,rel::5/file_6.jpg,rel::5/file_6.jpg::en::zh,en,zh,dependent,1,1,1,1,0,0,0,0,0
internvl,rel::5/file_6.jpg,rel::5/file_6.jpg::ru::en,ru,en,dependent,1,1,1,1,0,0,0,0,0
internvl,rel::5/file_6.jpg,rel::5/file_6.jpg::ru::th,ru,th,dependent,0,1,0,0,1,0,0,-1,-1
internvl,rel::5/file_6.jpg,rel::5/file_6.jpg::ru::zh,ru,zh,dependent,0,1,0,1,1,1,0,0,0
internvl,rel::5/file_6.jpg,rel::5/file_6.jpg::th::en,th,en,dependent,1,1,1,1,0,0,0,0,0
internvl,rel::5/file_6.jpg,rel::5/file_6.jpg::th::ru,th,ru,dependent,0,1,1,1,1,0,1,0,-1
internvl,rel::5/file_6.jpg,rel::5/file_6.jpg::th::zh,th,zh,dependent,1,1,0,1,0,1,-1,0,1
internvl,rel::5/file_6.jpg,rel::5/file_6.jpg::zh::en,zh,en,dependent,1,1,1,1,0,0,0,0,0
internvl,rel::5/file_6.jpg,rel::5/file_6.jpg::zh::ru,zh,ru,dependent,1,1,1,1,0,0,0,0,0
internvl,rel::5/file_6.jpg,rel::5/file_6.jpg::zh::th,zh,th,dependent,0,1,0,0,1,0,0,-1,-1
internvl,rel::5/file_7.jpg,rel::5/file_7.jpg::en::ru,en,ru,dependent,1,0,1,1,-1,0,0,1,1
internvl,rel::5/file_7.jpg,rel::5/file_7.jpg::en::th,en,th,dependent,1,1,0,0,0,0,-1,-1,0
internvl,rel::5/file_7.jpg,rel::5/file_7.jpg::en::zh,en,zh,dependent,1,1,1,1,0,0,0,0,0
internvl,rel::5/file_7.jpg,rel::5/file_7.jpg::ru::en,ru,en,dependent,1,1,1,1,0,0,0,0,0
internvl,rel::5/file_7.jpg,rel::5/file_7.jpg::ru::th,ru,th,dependent,1,0,0,0,-1,0,-1,0,1
internvl,rel::5/file_7.jpg,rel::5/file_7.jpg::ru::zh,ru,zh,dependent,0,0,0,1,0,1,0,1,1
internvl,rel::5/file_7.jpg,rel::5/file_7.jpg::th::en,th,en,dependent,0,1,0,1,1,1,0,0,0
internvl,rel::5/file_7.jpg,rel::5/file_7.jpg::th::ru,th,ru,dependent,0,0,0,1,0,1,0,1,1
internvl,rel::5/file_7.jpg,rel::5/file_7.jpg::th::zh,th,zh,dependent,0,0,0,1,0,1,0,1,1
internvl,rel::5/file_7.jpg,rel::5/file_7.jpg::zh::en,zh,en,dependent,0,1,0,1,1,1,0,0,0
internvl,rel::5/file_7.jpg,rel::5/file_7.jpg::zh::ru,zh,ru,dependent,0,0,1,1,0,0,1,1,0
internvl,rel::5/file_7.jpg,rel::5/file_7.jpg::zh::th,zh,th,dependent,0,0,0,0,0,0,0,0,0
internvl,rel::5/file_8.jpg,rel::5/file_8.jpg::en::ru,en,ru,dependent,0,1,0,1,1,1,0,0,0
internvl,rel::5/file_8.jpg,rel::5/file_8.jpg::en::th,en,th,dependent,0,0,0,0,0,0,0,0,0
internvl,rel::5/file_8.jpg,rel::5/file_8.jpg::en::zh,en,zh,dependent,1,1,1,1,0,0,0,0,0
internvl,rel::5/file_8.jpg,rel::5/file_8.jpg::ru::en,ru,en,dependent,1,1,1,1,0,0,0,0,0
internvl,rel::5/file_8.jpg,rel::5/file_8.jpg::ru::th,ru,th,dependent,0,1,0,0,1,0,0,-1,-1
internvl,rel::5/file_8.jpg,rel::5/file_8.jpg::ru::zh,ru,zh,dependent,1,1,1,1,0,0,0,0,0
internvl,rel::5/file_8.jpg,rel::5/file_8.jpg::th::en,th,en,dependent,0,0,1,1,0,0,1,1,0
internvl,rel::5/file_8.jpg,rel::5/file_8.jpg::th::ru,th,ru,dependent,0,1,0,1,1,1,0,0,0
internvl,rel::5/file_8.jpg,rel::5/file_8.jpg::th::zh,th,zh,dependent,1,0,1,1,-1,0,0,1,1
internvl,rel::5/file_8.jpg,rel::5/file_8.jpg::zh::en,zh,en,dependent,1,1,1,1,0,0,0,0,0
internvl,rel::5/file_8.jpg,rel::5/file_8.jpg::zh::ru,zh,ru,dependent,0,1,0,1,1,1,0,0,0
internvl,rel::5/file_8.jpg,rel::5/file_8.jpg::zh::th,zh,th,dependent,0,0,0,0,0,0,0,0,0
internvl,rel::5/file_9.jpg,rel::5/file_9.jpg::en::ru,en,ru,independent,1,1,1,1,0,0,0,0,0
internvl,rel::5/file_9.jpg,rel::5/file_9.jpg::en::th,en,th,independent,1,1,1,0,0,-1,0,-1,-1
internvl,rel::5/file_9.jpg,rel::5/file_9.jpg::en::zh,en,zh,independent,1,1,1,1,0,0,0,0,0
internvl,rel::5/file_9.jpg,rel::5/file_9.jpg::ru::en,ru,en,independent,1,1,1,1,0,0,0,0,0
internvl,rel::5/file_9.jpg,rel::5/file_9.jpg::ru::th,ru,th,independent,1,1,1,0,0,-1,0,-1,-1
internvl,rel::5/file_9.jpg,rel::5/file_9.jpg::ru::zh,ru,zh,independent,1,1,1,1,0,0,0,0,0
internvl,rel::5/file_9.jpg,rel::5/file_9.jpg::th::en,th,en,independent,0,0,1,1,0,0,1,1,0
internvl,rel::5/file_9.jpg,rel::5/file_9.jpg::th::ru,th,ru,independent,0,0,1,1,0,0,1,1,0
internvl,rel::5/file_9.jpg,rel::5/file_9.jpg::th::zh,th,zh,independent,0,0,1,1,0,0,1,1,0
internvl,rel::5/file_9.jpg,rel::5/file_9.jpg::zh::en,zh,en,independent,1,1,1,1,0,0,0,0,0
internvl,rel::5/file_9.jpg,rel::5/file_9.jpg::zh::ru,zh,ru,independent,1,1,1,1,0,0,0,0,0
internvl,rel::5/file_9.jpg,rel::5/file_9.jpg::zh::th,zh,th,independent,1,1,1,0,0,-1,0,-1,-1
internvl,rel::5/forest_1.jpg,rel::5/forest_1.jpg::en::ru,en,ru,dependent,1,1,1,1,0,0,0,0,0
internvl,rel::5/forest_1.jpg,rel::5/forest_1.jpg::en::th,en,th,dependent,1,1,1,1,0,0,0,0,0
internvl,rel::5/forest_1.jpg,rel::5/forest_1.jpg::en::zh,en,zh,dependent,1,1,1,1,0,0,0,0,0
internvl,rel::5/forest_1.jpg,rel::5/forest_1.jpg::ru::en,ru,en,dependent,1,1,1,1,0,0,0,0,0
internvl,rel::5/forest_1.jpg,rel::5/forest_1.jpg::ru::th,ru,th,dependent,1,1,1,1,0,0,0,0,0
internvl,rel::5/forest_1.jpg,rel::5/forest_1.jpg::ru::zh,ru,zh,dependent,1,1,1,1,0,0,0,0,0
internvl,rel::5/forest_1.jpg,rel::5/forest_1.jpg::th::en,th,en,dependent,1,1,1,1,0,0,0,0,0
internvl,rel::5/forest_1.jpg,rel::5/forest_1.jpg::th::ru,th,ru,dependent,1,1,1,1,0,0,0,0,0
internvl,rel::5/forest_1.jpg,rel::5/forest_1.jpg::th::zh,th,zh,dependent,1,1,1,1,0,0,0,0,0
internvl,rel::5/forest_1.jpg,rel::5/forest_1.jpg::zh::en,zh,en,dependent,1,1,1,1,0,0,0,0,0
internvl,rel::5/forest_1.jpg,rel::5/forest_1.jpg::zh::ru,zh,ru,dependent,1,1,1,1,0,0,0,0,0
internvl,rel::5/forest_1.jpg,rel::5/forest_1.jpg::zh::th,zh,th,dependent,1,1,1,1,0,0,0,0,0
internvl,rel::5/forest_10.jpg,rel::5/forest_10.jpg::en::ru,en,ru,independent,1,0,1,1,-1,0,0,1,1
internvl,rel::5/forest_10.jpg,rel::5/forest_10.jpg::en::th,en,th,independent,1,0,0,0,-1,0,-1,0,1
internvl,rel::5/forest_10.jpg,rel::5/forest_10.jpg::ru::en,ru,en,independent,1,1,1,1,0,0,0,0,0
internvl,rel::5/forest_10.jpg,rel::5/forest_10.jpg::ru::th,ru,th,independent,1,1,0,0,0,0,-1,-1,0
internvl,rel::5/forest_10.jpg,rel::5/forest_10.jpg::th::en,th,en,independent,0,0,1,1,0,0,1,1,0
internvl,rel::5/forest_10.jpg,rel::5/forest_10.jpg::th::ru,th,ru,independent,0,0,1,1,0,0,1,1,0
internvl,rel::5/forest_11.jpg,rel::5/forest_11.jpg::en::ru,en,ru,dependent,1,1,1,1,0,0,0,0,0
internvl,rel::5/forest_11.jpg,rel::5/forest_11.jpg::en::th,en,th,dependent,1,1,1,0,0,-1,0,-1,-1
internvl,rel::5/forest_11.jpg,rel::5/forest_11.jpg::en::zh,en,zh,dependent,1,1,1,1,0,0,0,0,0
internvl,rel::5/forest_11.jpg,rel::5/forest_11.jpg::ru::en,ru,en,dependent,1,1,1,1,0,0,0,0,0
internvl,rel::5/forest_11.jpg,rel::5/forest_11.jpg::ru::th,ru,th,dependent,1,1,0,0,0,0,-1,-1,0
internvl,rel::5/forest_11.jpg,rel::5/forest_11.jpg::ru::zh,ru,zh,dependent,1,1,1,1,0,0,0,0,0
internvl,rel::5/forest_11.jpg,rel::5/forest_11.jpg::th::en,th,en,dependent,1,1,1,1,0,0,0,0,0
internvl,rel::5/forest_11.jpg,rel::5/forest_11.jpg::th::ru,th,ru,dependent,0,1,1,1,1,0,1,0,-1
internvl,rel::5/forest_11.jpg,rel::5/forest_11.jpg::th::zh,th,zh,dependent,0,1,1,1,1,0,1,0,-1
internvl,rel::5/forest_11.jpg,rel::5/forest_11.jpg::zh::en,zh,en,dependent,1,1,1,1,0,0,0,0,0
internvl,rel::5/forest_11.jpg,rel::5/forest_11.jpg::zh::ru,zh,ru,dependent,1,1,1,1,0,0,0,0,0
internvl,rel::5/forest_11.jpg,rel::5/forest_11.jpg::zh::th,zh,th,dependent,1,1,1,0,0,-1,0,-1,-1
internvl,rel::5/forest_12.jpg,rel::5/forest_12.jpg::en::ru,en,ru,dependent,0,0,0,0,0,0,0,0,0
internvl,rel::5/forest_12.jpg,rel::5/forest_12.jpg::en::th,en,th,dependent,0,0,0,0,0,0,0,0,0
internvl,rel::5/forest_12.jpg,rel::5/forest_12.jpg::en::zh,en,zh,dependent,0,0,0,0,0,0,0,0,0
internvl,rel::5/forest_12.jpg,rel::5/forest_12.jpg::ru::en,ru,en,dependent,0,0,0,0,0,0,0,0,0
internvl,rel::5/forest_12.jpg,rel::5/forest_12.jpg::ru::th,ru,th,dependent,0,0,0,0,0,0,0,0,0
internvl,rel::5/forest_12.jpg,rel::5/forest_12.jpg::ru::zh,ru,zh,dependent,0,0,0,0,0,0,0,0,0
internvl,rel::5/forest_12.jpg,rel::5/forest_12.jpg::th::en,th,en,dependent,0,0,0,0,0,0,0,0,0
internvl,rel::5/forest_12.jpg,rel::5/forest_12.jpg::th::ru,th,ru,dependent,0,0,0,0,0,0,0,0,0
internvl,rel::5/forest_12.jpg,rel::5/forest_12.jpg::th::zh,th,zh,dependent,0,0,0,0,0,0,0,0,0
internvl,rel::5/forest_12.jpg,rel::5/forest_12.jpg::zh::en,zh,en,dependent,0,0,0,0,0,0,0,0,0
internvl,rel::5/forest_12.jpg,rel::5/forest_12.jpg::zh::ru,zh,ru,dependent,0,0,0,0,0,0,0,0,0
internvl,rel::5/forest_12.jpg,rel::5/forest_12.jpg::zh::th,zh,th,dependent,0,0,0,0,0,0,0,0,0
internvl,rel::5/forest_13.jpg,rel::5/forest_13.jpg::en::ru,en,ru,dependent,0,0,0,0,0,0,0,0,0
internvl,rel::5/forest_13.jpg,rel::5/forest_13.jpg::en::th,en,th,dependent,0,0,0,0,0,0,0,0,0
internvl,rel::5/forest_13.jpg,rel::5/forest_13.jpg::en::zh,en,zh,dependent,0,0,0,0,0,0,0,0,0
internvl,rel::5/forest_13.jpg,rel::5/forest_13.jpg::ru::en,ru,en,dependent,0,0,0,1,0,1,0,1,1
internvl,rel::5/forest_13.jpg,rel::5/forest_13.jpg::ru::th,ru,th,dependent,0,0,0,0,0,0,0,0,0
internvl,rel::5/forest_13.jpg,rel::5/forest_13.jpg::ru::zh,ru,zh,dependent,0,0,0,0,0,0,0,0,0
internvl,rel::5/forest_13.jpg,rel::5/forest_13.jpg::th::en,th,en,dependent,0,0,0,1,0,1,0,1,1
internvl,rel::5/forest_13.jpg,rel::5/forest_13.jpg::th::ru,th,ru,dependent,0,0,0,0,0,0,0,0,0
internvl,rel::5/forest_13.jpg,rel::5/forest_13.jpg::th::zh,th,zh,dependent,0,0,0,0,0,0,0,0,0
internvl,rel::5/forest_13.jpg,rel::5/forest_13.jpg::zh::en,zh,en,dependent,0,1,0,1,1,1,0,0,0
internvl,rel::5/forest_13.jpg,rel::5/forest_13.jpg::zh::ru,zh,ru,dependent,0,0,0,0,0,0,0,0,0
internvl,rel::5/forest_13.jpg,rel::5/forest_13.jpg::zh::th,zh,th,dependent,0,0,0,0,0,0,0,0,0
internvl,rel::5/forest_2.jpg,rel::5/forest_2.jpg::en::ru,en,ru,dependent,1,1,1,0,0,-1,0,-1,-1
internvl,rel::5/forest_2.jpg,rel::5/forest_2.jpg::en::th,en,th,dependent,1,1,1,1,0,0,0,0,0
internvl,rel::5/forest_2.jpg,rel::5/forest_2.jpg::en::zh,en,zh,dependent,1,1,1,1,0,0,0,0,0
internvl,rel::5/forest_2.jpg,rel::5/forest_2.jpg::ru::en,ru,en,dependent,0,1,1,1,1,0,1,0,-1
internvl,rel::5/forest_2.jpg,rel::5/forest_2.jpg::ru::th,ru,th,dependent,1,1,1,1,0,0,0,0,0
internvl,rel::5/forest_2.jpg,rel::5/forest_2.jpg::ru::zh,ru,zh,dependent,0,1,1,1,1,0,1,0,-1
internvl,rel::5/forest_2.jpg,rel::5/forest_2.jpg::th::en,th,en,dependent,1,1,1,1,0,0,0,0,0
internvl,rel::5/forest_2.jpg,rel::5/forest_2.jpg::th::ru,th,ru,dependent,1,1,1,0,0,-1,0,-1,-1
internvl,rel::5/forest_2.jpg,rel::5/forest_2.jpg::th::zh,th,zh,dependent,0,1,1,1,1,0,1,0,-1
internvl,rel::5/forest_2.jpg,rel::5/forest_2.jpg::zh::en,zh,en,dependent,1,1,1,1,0,0,0,0,0
internvl,rel::5/forest_2.jpg,rel::5/forest_2.jpg::zh::ru,zh,ru,dependent,1,1,1,0,0,-1,0,-1,-1
internvl,rel::5/forest_2.jpg,rel::5/forest_2.jpg::zh::th,zh,th,dependent,1,1,1,1,0,0,0,0,0
internvl,rel::5/forest_3.jpg,rel::5/forest_3.jpg::en::ru,en,ru,dependent,1,1,1,1,0,0,0,0,0
internvl,rel::5/forest_3.jpg,rel::5/forest_3.jpg::en::th,en,th,dependent,0,0,0,0,0,0,0,0,0
internvl,rel::5/forest_3.jpg,rel::5/forest_3.jpg::en::zh,en,zh,dependent,1,1,1,1,0,0,0,0,0
internvl,rel::5/forest_3.jpg,rel::5/forest_3.jpg::ru::en,ru,en,dependent,1,1,1,1,0,0,0,0,0
internvl,rel::5/forest_3.jpg,rel::5/forest_3.jpg::ru::th,ru,th,dependent,0,0,0,0,0,0,0,0,0
internvl,rel::5/forest_3.jpg,rel::5/forest_3.jpg::ru::zh,ru,zh,dependent,1,1,1,1,0,0,0,0,0
internvl,rel::5/forest_3.jpg,rel::5/forest_3.jpg::th::en,th,en,dependent,0,0,1,1,0,0,1,1,0
internvl,rel::5/forest_3.jpg,rel::5/forest_3.jpg::th::ru,th,ru,dependent,0,0,1,1,0,0,1,1,0
internvl,rel::5/forest_3.jpg,rel::5/forest_3.jpg::th::zh,th,zh,dependent,0,0,1,1,0,0,1,1,0
internvl,rel::5/forest_3.jpg,rel::5/forest_3.jpg::zh::en,zh,en,dependent,1,1,1,1,0,0,0,0,0
internvl,rel::5/forest_3.jpg,rel::5/forest_3.jpg::zh::ru,zh,ru,dependent,1,1,1,1,0,0,0,0,0
internvl,rel::5/forest_3.jpg,rel::5/forest_3.jpg::zh::th,zh,th,dependent,0,1,0,0,1,0,0,-1,-1
internvl,rel::5/forest_4.jpg,rel::5/forest_4.jpg::en::ru,en,ru,independent,1,1,1,1,0,0,0,0,0
internvl,rel::5/forest_4.jpg,rel::5/forest_4.jpg::en::th,en,th,independent,1,1,0,0,0,0,-1,-1,0
internvl,rel::5/forest_4.jpg,rel::5/forest_4.jpg::en::zh,en,zh,independent,1,1,1,1,0,0,0,0,0
internvl,rel::5/forest_4.jpg,rel::5/forest_4.jpg::ru::en,ru,en,independent,1,1,1,1,0,0,0,0,0
internvl,rel::5/forest_4.jpg,rel::5/forest_4.jpg::ru::th,ru,th,independent,1,1,0,0,0,0,-1,-1,0
internvl,rel::5/forest_4.jpg,rel::5/forest_4.jpg::ru::zh,ru,zh,independent,0,0,1,1,0,0,1,1,0
internvl,rel::5/forest_4.jpg,rel::5/forest_4.jpg::th::en,th,en,independent,1,1,1,1,0,0,0,0,0
internvl,rel::5/forest_4.jpg,rel::5/forest_4.jpg::th::ru,th,ru,independent,0,0,1,1,0,0,1,1,0
internvl,rel::5/forest_4.jpg,rel::5/forest_4.jpg::th::zh,th,zh,independent,0,0,1,1,0,0,1,1,0
internvl,rel::5/forest_4.jpg,rel::5/forest_4.jpg::zh::en,zh,en,independent,1,1,1,1,0,0,0,0,0
internvl,rel::5/forest_4.jpg,rel::5/forest_4.jpg::zh::ru,zh,ru,independent,1,1,1,1,0,0,0,0,0
internvl,rel::5/forest_4.jpg,rel::5/forest_4.jpg::zh::th,zh,th,independent,1,1,0,0,0,0,-1,-1,0
internvl,rel::5/forest_5.jpg,rel::5/forest_5.jpg::en::ru,en,ru,dependent,1,1,1,1,0,0,0,0,0
internvl,rel::5/forest_5.jpg,rel::5/forest_5.jpg::en::th,en,th,dependent,1,1,1,1,0,0,0,0,0
internvl,rel::5/forest_5.jpg,rel::5/forest_5.jpg::en::zh,en,zh,dependent,1,1,1,1,0,0,0,0,0
internvl,rel::5/forest_5.jpg,rel::5/forest_5.jpg::ru::en,ru,en,dependent,1,1,1,1,0,0,0,0,0
internvl,rel::5/forest_5.jpg,rel::5/forest_5.jpg::ru::th,ru,th,dependent,1,1,1,1,0,0,0,0,0
internvl,rel::5/forest_5.jpg,rel::5/forest_5.jpg::ru::zh,ru,zh,dependent,1,1,0,1,0,1,-1,0,1
internvl,rel::5/forest_5.jpg,rel::5/forest_5.jpg::th::en,th,en,dependent,1,1,1,1,0,0,0,0,0
internvl,rel::5/forest_5.jpg,rel::5/forest_5.jpg::th::ru,th,ru,dependent,1,1,1,1,0,0,0,0,0
internvl,rel::5/forest_5.jpg,rel::5/forest_5.jpg::th::zh,th,zh,dependent,1,1,0,1,0,1,-1,0,1
internvl,rel::5/forest_5.jpg,rel::5/forest_5.jpg::zh::en,zh,en,dependent,1,1,1,1,0,0,0,0,0
internvl,rel::5/forest_5.jpg,rel::5/forest_5.jpg::zh::ru,zh,ru,dependent,1,1,1,1,0,0,0,0,0
internvl,rel::5/forest_5.jpg,rel::5/forest_5.jpg::zh::th,zh,th,dependent,1,1,1,1,0,0,0,0,0
internvl,rel::5/forest_6.jpg,rel::5/forest_6.jpg::en::ru,en,ru,dependent,0,0,0,0,0,0,0,0,0
internvl,rel::5/forest_6.jpg,rel::5/forest_6.jpg::en::th,en,th,dependent,0,0,0,0,0,0,0,0,0
internvl,rel::5/forest_6.jpg,rel::5/forest_6.jpg::en::zh,en,zh,dependent,0,0,0,0,0,0,0,0,0
internvl,rel::5/forest_6.jpg,rel::5/forest_6.jpg::ru::en,ru,en,dependent,0,0,0,0,0,0,0,0,0
internvl,rel::5/forest_6.jpg,rel::5/forest_6.jpg::ru::th,ru,th,dependent,0,0,0,0,0,0,0,0,0
internvl,rel::5/forest_6.jpg,rel::5/forest_6.jpg::ru::zh,ru,zh,dependent,0,0,0,0,0,0,0,0,0
internvl,rel::5/forest_6.jpg,rel::5/forest_6.jpg::th::en,th,en,dependent,0,0,0,0,0,0,0,0,0
internvl,rel::5/forest_6.jpg,rel::5/forest_6.jpg::th::ru,th,ru,dependent,0,0,0,0,0,0,0,0,0
internvl,rel::5/forest_6.jpg,rel::5/forest_6.jpg::th::zh,th,zh,dependent,0,0,0,0,0,0,0,0,0
internvl,rel::5/forest_6.jpg,rel::5/forest_6.jpg::zh::en,zh,en,dependent,0,0,0,0,0,0,0,0,0
internvl,rel::5/forest_6.jpg,rel::5/forest_6.jpg::zh::ru,zh,ru,dependent,0,0,0,0,0,0,0,0,0
internvl,rel::5/forest_6.jpg,rel::5/forest_6.jpg::zh::th,zh,th,dependent,0,0,0,0,0,0,0,0,0
internvl,rel::5/forest_7.jpg,rel::5/forest_7.jpg::en::ru,en,ru,dependent,1,1,1,1,0,0,0,0,0
internvl,rel::5/forest_7.jpg,rel::5/forest_7.jpg::en::th,en,th,dependent,1,1,0,0,0,0,-1,-1,0
internvl,rel::5/forest_7.jpg,rel::5/forest_7.jpg::en::zh,en,zh,dependent,1,1,1,1,0,0,0,0,0
internvl,rel::5/forest_7.jpg,rel::5/forest_7.jpg::ru::en,ru,en,dependent,1,1,1,1,0,0,0,0,0
internvl,rel::5/forest_7.jpg,rel::5/forest_7.jpg::ru::th,ru,th,dependent,1,1,0,0,0,0,-1,-1,0
internvl,rel::5/forest_7.jpg,rel::5/forest_7.jpg::ru::zh,ru,zh,dependent,1,1,1,1,0,0,0,0,0
internvl,rel::5/forest_7.jpg,rel::5/forest_7.jpg::th::en,th,en,dependent,1,1,1,1,0,0,0,0,0
internvl,rel::5/forest_7.jpg,rel::5/forest_7.jpg::th::ru,th,ru,dependent,0,1,1,1,1,0,1,0,-1
internvl,rel::5/forest_7.jpg,rel::5/forest_7.jpg::th::zh,th,zh,dependent,0,1,1,1,1,0,1,0,-1
internvl,rel::5/forest_7.jpg,rel::5/forest_7.jpg::zh::en,zh,en,dependent,1,1,1,1,0,0,0,0,0
internvl,rel::5/forest_7.jpg,rel::5/forest_7.jpg::zh::ru,zh,ru,dependent,1,1,1,1,0,0,0,0,0
internvl,rel::5/forest_7.jpg,rel::5/forest_7.jpg::zh::th,zh,th,dependent,1,1,0,0,0,0,-1,-1,0
internvl,rel::5/forest_8.jpg,rel::5/forest_8.jpg::en::ru,en,ru,dependent,1,1,0,1,0,1,-1,0,1
internvl,rel::5/forest_8.jpg,rel::5/forest_8.jpg::en::th,en,th,dependent,0,0,0,0,0,0,0,0,0
internvl,rel::5/forest_8.jpg,rel::5/forest_8.jpg::en::zh,en,zh,dependent,1,1,1,1,0,0,0,0,0
internvl,rel::5/forest_8.jpg,rel::5/forest_8.jpg::ru::en,ru,en,dependent,1,1,0,1,0,1,-1,0,1
internvl,rel::5/forest_8.jpg,rel::5/forest_8.jpg::ru::th,ru,th,dependent,0,0,0,0,0,0,0,0,0
internvl,rel::5/forest_8.jpg,rel::5/forest_8.jpg::ru::zh,ru,zh,dependent,1,1,1,1,0,0,0,0,0
internvl,rel::5/forest_8.jpg,rel::5/forest_8.jpg::th::en,th,en,dependent,0,1,0,1,1,1,0,0,0
internvl,rel::5/forest_8.jpg,rel::5/forest_8.jpg::th::ru,th,ru,dependent,0,0,0,1,0,1,0,1,1
internvl,rel::5/forest_8.jpg,rel::5/forest_8.jpg::th::zh,th,zh,dependent,0,0,0,1,0,1,0,1,1
internvl,rel::5/forest_8.jpg,rel::5/forest_8.jpg::zh::en,zh,en,dependent,1,1,1,1,0,0,0,0,0
internvl,rel::5/forest_8.jpg,rel::5/forest_8.jpg::zh::ru,zh,ru,dependent,0,1,0,1,1,1,0,0,0
internvl,rel::5/forest_8.jpg,rel::5/forest_8.jpg::zh::th,zh,th,dependent,0,0,0,0,0,0,0,0,0
internvl,rel::5/forest_9.jpg,rel::5/forest_9.jpg::en::ru,en,ru,dependent,1,1,1,1,0,0,0,0,0
internvl,rel::5/forest_9.jpg,rel::5/forest_9.jpg::en::th,en,th,dependent,1,1,1,1,0,0,0,0,0
internvl,rel::5/forest_9.jpg,rel::5/forest_9.jpg::en::zh,en,zh,dependent,1,1,1,1,0,0,0,0,0
internvl,rel::5/forest_9.jpg,rel::5/forest_9.jpg::ru::en,ru,en,dependent,1,1,1,1,0,0,0,0,0
internvl,rel::5/forest_9.jpg,rel::5/forest_9.jpg::ru::th,ru,th,dependent,1,1,1,1,0,0,0,0,0
internvl,rel::5/forest_9.jpg,rel::5/forest_9.jpg::ru::zh,ru,zh,dependent,1,1,1,1,0,0,0,0,0
internvl,rel::5/forest_9.jpg,rel::5/forest_9.jpg::th::en,th,en,dependent,1,1,1,1,0,0,0,0,0
internvl,rel::5/forest_9.jpg,rel::5/forest_9.jpg::th::ru,th,ru,dependent,1,1,1,1,0,0,0,0,0
internvl,rel::5/forest_9.jpg,rel::5/forest_9.jpg::th::zh,th,zh,dependent,0,1,0,1,1,1,0,0,0
internvl,rel::5/forest_9.jpg,rel::5/forest_9.jpg::zh::en,zh,en,dependent,1,1,1,1,0,0,0,0,0
internvl,rel::5/forest_9.jpg,rel::5/forest_9.jpg::zh::ru,zh,ru,dependent,1,1,1,1,0,0,0,0,0
internvl,rel::5/forest_9.jpg,rel::5/forest_9.jpg::zh::th,zh,th,dependent,1,0,1,1,-1,0,0,1,1
internvl,rel::5/manager_1.jpg,rel::5/manager_1.jpg::en::ru,en,ru,dependent,1,1,0,1,0,1,-1,0,1
internvl,rel::5/manager_1.jpg,rel::5/manager_1.jpg::en::th,en,th,dependent,1,1,0,1,0,1,-1,0,1
internvl,rel::5/manager_1.jpg,rel::5/manager_1.jpg::en::zh,en,zh,dependent,1,1,1,1,0,0,0,0,0
internvl,rel::5/manager_1.jpg,rel::5/manager_1.jpg::ru::en,ru,en,dependent,1,1,1,1,0,0,0,0,0
internvl,rel::5/manager_1.jpg,rel::5/manager_1.jpg::ru::th,ru,th,dependent,0,1,1,1,1,0,1,0,-1
internvl,rel::5/manager_1.jpg,rel::5/manager_1.jpg::ru::zh,ru,zh,dependent,0,1,0,1,1,1,0,0,0
internvl,rel::5/manager_1.jpg,rel::5/manager_1.jpg::th::en,th,en,dependent,1,1,0,1,0,1,-1,0,1
internvl,rel::5/manager_1.jpg,rel::5/manager_1.jpg::th::ru,th,ru,dependent,1,1,0,1,0,1,-1,0,1
internvl,rel::5/manager_1.jpg,rel::5/manager_1.jpg::th::zh,th,zh,dependent,1,1,0,1,0,1,-1,0,1
internvl,rel::5/manager_1.jpg,rel::5/manager_1.jpg::zh::en,zh,en,dependent,1,1,1,1,0,0,0,0,0
internvl,rel::5/manager_1.jpg,rel::5/manager_1.jpg::zh::ru,zh,ru,dependent,0,1,0,1,1,1,0,0,0
internvl,rel::5/manager_1.jpg,rel::5/manager_1.jpg::zh::th,zh,th,dependent,0,1,0,1,1,1,0,0,0
internvl,rel::5/manager_10.jpg,rel::5/manager_10.jpg::en::ru,en,ru,dependent,0,1,0,0,1,0,0,-1,-1
internvl,rel::5/manager_10.jpg,rel::5/manager_10.jpg::en::th,en,th,dependent,0,0,0,0,0,0,0,0,0
internvl,rel::5/manager_10.jpg,rel::5/manager_10.jpg::en::zh,en,zh,dependent,1,1,1,1,0,0,0,0,0
internvl,rel::5/manager_10.jpg,rel::5/manager_10.jpg::ru::en,ru,en,dependent,1,1,1,1,0,0,0,0,0
internvl,rel::5/manager_10.jpg,rel::5/manager_10.jpg::ru::th,ru,th,dependent,0,0,0,0,0,0,0,0,0
internvl,rel::5/manager_10.jpg,rel::5/manager_10.jpg::ru::zh,ru,zh,dependent,0,1,1,1,1,0,1,0,-1
internvl,rel::5/manager_10.jpg,rel::5/manager_10.jpg::th::en,th,en,dependent,0,1,1,1,1,0,1,0,-1
internvl,rel::5/manager_10.jpg,rel::5/manager_10.jpg::th::ru,th,ru,dependent,0,1,0,0,1,0,0,-1,-1
internvl,rel::5/manager_10.jpg,rel::5/manager_10.jpg::th::zh,th,zh,dependent,0,1,1,1,1,0,1,0,-1
internvl,rel::5/manager_10.jpg,rel::5/manager_10.jpg::zh::en,zh,en,dependent,1,1,1,1,0,0,0,0,0
internvl,rel::5/manager_10.jpg,rel::5/manager_10.jpg::zh::ru,zh,ru,dependent,0,1,0,0,1,0,0,-1,-1
internvl,rel::5/manager_10.jpg,rel::5/manager_10.jpg::zh::th,zh,th,dependent,0,0,0,0,0,0,0,0,0
internvl,rel::5/manager_11.jpg,rel::5/manager_11.jpg::en::ru,en,ru,dependent,1,1,1,1,0,0,0,0,0
internvl,rel::5/manager_11.jpg,rel::5/manager_11.jpg::en::th,en,th,dependent,1,1,0,1,0,1,-1,0,1
internvl,rel::5/manager_11.jpg,rel::5/manager_11.jpg::en::zh,en,zh,dependent,1,1,0,0,0,0,-1,-1,0
internvl,rel::5/manager_11.jpg,rel::5/manager_11.jpg::ru::en,ru,en,dependent,1,1,1,1,0,0,0,0,0
internvl,rel::5/manager_11.jpg,rel::5/manager_11.jpg::ru::th,ru,th,dependent,1,1,0,1,0,1,-1,0,1
internvl,rel::5/manager_11.jpg,rel::5/manager_11.jpg::ru::zh,ru,zh,dependent,1,1,0,0,0,0,-1,-1,0
internvl,rel::5/manager_11.jpg,rel::5/manager_11.jpg::th::en,th,en,dependent,1,1,1,1,0,0,0,0,0
internvl,rel::5/manager_11.jpg,rel::5/manager_11.jpg::th::ru,th,ru,dependent,1,1,1,1,0,0,0,0,0
internvl,rel::5/manager_11.jpg,rel::5/manager_11.jpg::th::zh,th,zh,dependent,1,1,0,0,0,0,-1,-1,0
internvl,rel::5/manager_11.jpg,rel::5/manager_11.jpg::zh::en,zh,en,dependent,1,1,1,1,0,0,0,0,0
internvl,rel::5/manager_11.jpg,rel::5/manager_11.jpg::zh::ru,zh,ru,dependent,0,1,1,1,1,0,1,0,-1
internvl,rel::5/manager_11.jpg,rel::5/manager_11.jpg::zh::th,zh,th,dependent,0,0,0,1,0,1,0,1,1
internvl,rel::5/manager_2.jpg,rel::5/manager_2.jpg::en::ru,en,ru,dependent,1,1,0,1,0,1,-1,0,1
internvl,rel::5/manager_2.jpg,rel::5/manager_2.jpg::en::th,en,th,dependent,1,1,0,0,0,0,-1,-1,0
internvl,rel::5/manager_2.jpg,rel::5/manager_2.jpg::en::zh,en,zh,dependent,1,1,1,1,0,0,0,0,0
internvl,rel::5/manager_2.jpg,rel::5/manager_2.jpg::ru::en,ru,en,dependent,1,1,1,1,0,0,0,0,0
internvl,rel::5/manager_2.jpg,rel::5/manager_2.jpg::ru::th,ru,th,dependent,1,0,1,0,-1,-1,0,0,0
internvl,rel::5/manager_2.jpg,rel::5/manager_2.jpg::ru::zh,ru,zh,dependent,0,1,1,1,1,0,1,0,-1
internvl,rel::5/manager_2.jpg,rel::5/manager_2.jpg::th::en,th,en,dependent,1,1,1,1,0,0,0,0,0
internvl,rel::5/manager_2.jpg,rel::5/manager_2.jpg::th::ru,th,ru,dependent,1,1,1,1,0,0,0,0,0
internvl,rel::5/manager_2.jpg,rel::5/manager_2.jpg::th::zh,th,zh,dependent,1,1,1,1,0,0,0,0,0
internvl,rel::5/manager_2.jpg,rel::5/manager_2.jpg::zh::en,zh,en,dependent,1,1,1,1,0,0,0,0,0
internvl,rel::5/manager_2.jpg,rel::5/manager_2.jpg::zh::ru,zh,ru,dependent,1,1,1,1,0,0,0,0,0
internvl,rel::5/manager_2.jpg,rel::5/manager_2.jpg::zh::th,zh,th,dependent,1,1,1,0,0,-1,0,-1,-1
internvl,rel::5/manager_3.jpg,rel::5/manager_3.jpg::en::ru,en,ru,independent,1,1,1,1,0,0,0,0,0
internvl,rel::5/manager_3.jpg,rel::5/manager_3.jpg::en::th,en,th,independent,1,1,1,1,0,0,0,0,0
internvl,rel::5/manager_3.jpg,rel::5/manager_3.jpg::en::zh,en,zh,independent,1,1,1,1,0,0,0,0,0
internvl,rel::5/manager_3.jpg,rel::5/manager_3.jpg::ru::en,ru,en,independent,1,1,1,1,0,0,0,0,0
internvl,rel::5/manager_3.jpg,rel::5/manager_3.jpg::ru::th,ru,th,independent,1,1,1,1,0,0,0,0,0
internvl,rel::5/manager_3.jpg,rel::5/manager_3.jpg::ru::zh,ru,zh,independent,1,1,1,1,0,0,0,0,0
internvl,rel::5/manager_3.jpg,rel::5/manager_3.jpg::th::en,th,en,independent,1,1,1,1,0,0,0,0,0
internvl,rel::5/manager_3.jpg,rel::5/manager_3.jpg::th::ru,th,ru,independent,1,1,1,1,0,0,0,0,0
internvl,rel::5/manager_3.jpg,rel::5/manager_3.jpg::th::zh,th,zh,independent,1,1,1,1,0,0,0,0,0
internvl,rel::5/manager_3.jpg,rel::5/manager_3.jpg::zh::en,zh,en,independent,1,1,1,1,0,0,0,0,0
internvl,rel::5/manager_3.jpg,rel::5/manager_3.jpg::zh::ru,zh,ru,independent,1,1,1,1,0,0,0,0,0
internvl,rel::5/manager_3.jpg,rel::5/manager_3.jpg::zh::th,zh,th,independent,1,1,1,1,0,0,0,0,0
internvl,rel::5/manager_4.jpg,rel::5/manager_4.jpg::en::ru,en,ru,dependent,1,1,1,1,0,0,0,0,0
internvl,rel::5/manager_4.jpg,rel::5/manager_4.jpg::en::th,en,th,dependent,1,1,0,0,0,0,-1,-1,0
internvl,rel::5/manager_4.jpg,rel::5/manager_4.jpg::en::zh,en,zh,dependent,1,0,1,0,-1,-1,0,0,0
internvl,rel::5/manager_4.jpg,rel::5/manager_4.jpg::ru::en,ru,en,dependent,1,1,1,1,0,0,0,0,0
internvl,rel::5/manager_4.jpg,rel::5/manager_4.jpg::ru::th,ru,th,dependent,1,1,0,0,0,0,-1,-1,0
internvl,rel::5/manager_4.jpg,rel::5/manager_4.jpg::ru::zh,ru,zh,dependent,1,0,0,0,-1,0,-1,0,1
internvl,rel::5/manager_4.jpg,rel::5/manager_4.jpg::th::en,th,en,dependent,0,1,1,1,1,0,1,0,-1
internvl,rel::5/manager_4.jpg,rel::5/manager_4.jpg::th::ru,th,ru,dependent,0,1,1,1,1,0,1,0,-1
internvl,rel::5/manager_4.jpg,rel::5/manager_4.jpg::th::zh,th,zh,dependent,0,0,1,0,0,-1,1,0,-1
internvl,rel::5/manager_4.jpg,rel::5/manager_4.jpg::zh::en,zh,en,dependent,1,1,1,1,0,0,0,0,0
internvl,rel::5/manager_4.jpg,rel::5/manager_4.jpg::zh::ru,zh,ru,dependent,1,1,1,1,0,0,0,0,0
internvl,rel::5/manager_4.jpg,rel::5/manager_4.jpg::zh::th,zh,th,dependent,1,0,1,0,-1,-1,0,0,0
internvl,rel::5/manager_5.jpg,rel::5/manager_5.jpg::en::ru,en,ru,independent,0,1,1,1,1,0,1,0,-1
internvl,rel::5/manager_5.jpg,rel::5/manager_5.jpg::en::th,en,th,independent,0,0,0,0,0,0,0,0,0
internvl,rel::5/manager_5.jpg,rel::5/manager_5.jpg::en::zh,en,zh,independent,1,1,0,0,0,0,-1,-1,0
internvl,rel::5/manager_5.jpg,rel::5/manager_5.jpg::ru::en,ru,en,independent,1,0,1,1,-1,0,0,1,1
internvl,rel::5/manager_5.jpg,rel::5/manager_5.jpg::ru::th,ru,th,independent,1,1,0,0,0,0,-1,-1,0
internvl,rel::5/manager_5.jpg,rel::5/manager_5.jpg::ru::zh,ru,zh,independent,1,0,0,0,-1,0,-1,0,1
internvl,rel::5/manager_5.jpg,rel::5/manager_5.jpg::th::en,th,en,independent,0,0,1,1,0,0,1,1,0
internvl,rel::5/manager_5.jpg,rel::5/manager_5.jpg::th::ru,th,ru,independent,0,0,1,1,0,0,1,1,0
internvl,rel::5/manager_5.jpg,rel::5/manager_5.jpg::th::zh,th,zh,independent,0,0,0,0,0,0,0,0,0
internvl,rel::5/manager_5.jpg,rel::5/manager_5.jpg::zh::en,zh,en,independent,0,0,1,1,0,0,1,1,0
internvl,rel::5/manager_5.jpg,rel::5/manager_5.jpg::zh::ru,zh,ru,independent,0,0,1,1,0,0,1,1,0
internvl,rel::5/manager_5.jpg,rel::5/manager_5.jpg::zh::th,zh,th,independent,0,0,0,0,0,0,0,0,0
internvl,rel::5/manager_6.jpg,rel::5/manager_6.jpg::en::ru,en,ru,dependent,0,0,0,0,0,0,0,0,0
internvl,rel::5/manager_6.jpg,rel::5/manager_6.jpg::en::th,en,th,dependent,0,0,0,0,0,0,0,0,0
internvl,rel::5/manager_6.jpg,rel::5/manager_6.jpg::en::zh,en,zh,dependent,0,0,0,0,0,0,0,0,0
internvl,rel::5/manager_6.jpg,rel::5/manager_6.jpg::ru::en,ru,en,dependent,0,0,0,0,0,0,0,0,0
internvl,rel::5/manager_6.jpg,rel::5/manager_6.jpg::ru::th,ru,th,dependent,0,0,0,0,0,0,0,0,0
internvl,rel::5/manager_6.jpg,rel::5/manager_6.jpg::ru::zh,ru,zh,dependent,0,0,0,0,0,0,0,0,0
internvl,rel::5/manager_6.jpg,rel::5/manager_6.jpg::th::en,th,en,dependent,0,0,0,0,0,0,0,0,0
internvl,rel::5/manager_6.jpg,rel::5/manager_6.jpg::th::ru,th,ru,dependent,0,0,0,0,0,0,0,0,0
internvl,rel::5/manager_6.jpg,rel::5/manager_6.jpg::th::zh,th,zh,dependent,0,0,0,0,0,0,0,0,0
internvl,rel::5/manager_6.jpg,rel::5/manager_6.jpg::zh::en,zh,en,dependent,0,0,0,0,0,0,0,0,0
internvl,rel::5/manager_6.jpg,rel::5/manager_6.jpg::zh::ru,zh,ru,dependent,0,0,0,0,0,0,0,0,0
internvl,rel::5/manager_6.jpg,rel::5/manager_6.jpg::zh::th,zh,th,dependent,0,0,0,0,0,0,0,0,0
internvl,rel::5/manager_7.jpg,rel::5/manager_7.jpg::en::ru,en,ru,dependent,1,1,1,0,0,-1,0,-1,-1
internvl,rel::5/manager_7.jpg,rel::5/manager_7.jpg::en::th,en,th,dependent,1,1,0,0,0,0,-1,-1,0
internvl,rel::5/manager_7.jpg,rel::5/manager_7.jpg::en::zh,en,zh,dependent,1,1,1,1,0,0,0,0,0
internvl,rel::5/manager_7.jpg,rel::5/manager_7.jpg::ru::en,ru,en,dependent,1,1,1,1,0,0,0,0,0
internvl,rel::5/manager_7.jpg,rel::5/manager_7.jpg::ru::th,ru,th,dependent,0,0,0,0,0,0,0,0,0
internvl,rel::5/manager_7.jpg,rel::5/manager_7.jpg::ru::zh,ru,zh,dependent,1,1,1,1,0,0,0,0,0
internvl,rel::5/manager_7.jpg,rel::5/manager_7.jpg::th::en,th,en,dependent,0,0,1,1,0,0,1,1,0
internvl,rel::5/manager_7.jpg,rel::5/manager_7.jpg::th::ru,th,ru,dependent,1,0,1,0,-1,-1,0,0,0
internvl,rel::5/manager_7.jpg,rel::5/manager_7.jpg::th::zh,th,zh,dependent,1,1,1,1,0,0,0,0,0
internvl,rel::5/manager_7.jpg,rel::5/manager_7.jpg::zh::en,zh,en,dependent,1,1,1,1,0,0,0,0,0
internvl,rel::5/manager_7.jpg,rel::5/manager_7.jpg::zh::ru,zh,ru,dependent,1,1,1,0,0,-1,0,-1,-1
internvl,rel::5/manager_7.jpg,rel::5/manager_7.jpg::zh::th,zh,th,dependent,1,1,1,0,0,-1,0,-1,-1
internvl,rel::5/manager_8.jpg,rel::5/manager_8.jpg::en::ru,en,ru,dependent,1,1,1,1,0,0,0,0,0
internvl,rel::5/manager_8.jpg,rel::5/manager_8.jpg::en::th,en,th,dependent,1,1,0,0,0,0,-1,-1,0
internvl,rel::5/manager_8.jpg,rel::5/manager_8.jpg::en::zh,en,zh,dependent,1,1,1,1,0,0,0,0,0
internvl,rel::5/manager_8.jpg,rel::5/manager_8.jpg::ru::en,ru,en,dependent,1,1,1,1,0,0,0,0,0
internvl,rel::5/manager_8.jpg,rel::5/manager_8.jpg::ru::th,ru,th,dependent,1,0,0,0,-1,0,-1,0,1
internvl,rel::5/manager_8.jpg,rel::5/manager_8.jpg::ru::zh,ru,zh,dependent,1,1,1,1,0,0,0,0,0
internvl,rel::5/manager_8.jpg,rel::5/manager_8.jpg::th::en,th,en,dependent,1,1,1,1,0,0,0,0,0
internvl,rel::5/manager_8.jpg,rel::5/manager_8.jpg::th::ru,th,ru,dependent,1,1,1,1,0,0,0,0,0
internvl,rel::5/manager_8.jpg,rel::5/manager_8.jpg::th::zh,th,zh,dependent,1,1,1,1,0,0,0,0,0
internvl,rel::5/manager_8.jpg,rel::5/manager_8.jpg::zh::en,zh,en,dependent,1,1,1,1,0,0,0,0,0
internvl,rel::5/manager_8.jpg,rel::5/manager_8.jpg::zh::ru,zh,ru,dependent,1,1,1,1,0,0,0,0,0
internvl,rel::5/manager_8.jpg,rel::5/manager_8.jpg::zh::th,zh,th,dependent,1,0,0,0,-1,0,-1,0,1
internvl,rel::5/manager_9.jpg,rel::5/manager_9.jpg::en::ru,en,ru,dependent,0,1,0,1,1,1,0,0,0
internvl,rel::5/manager_9.jpg,rel::5/manager_9.jpg::en::th,en,th,dependent,0,1,0,0,1,0,0,-1,-1
internvl,rel::5/manager_9.jpg,rel::5/manager_9.jpg::en::zh,en,zh,dependent,1,1,1,1,0,0,0,0,0
internvl,rel::5/manager_9.jpg,rel::5/manager_9.jpg::ru::en,ru,en,dependent,1,1,1,1,0,0,0,0,0
internvl,rel::5/manager_9.jpg,rel::5/manager_9.jpg::ru::th,ru,th,dependent,0,0,0,0,0,0,0,0,0
internvl,rel::5/manager_9.jpg,rel::5/manager_9.jpg::ru::zh,ru,zh,dependent,1,1,1,1,0,0,0,0,0
internvl,rel::5/manager_9.jpg,rel::5/manager_9.jpg::th::en,th,en,dependent,0,1,1,1,1,0,1,0,-1
internvl,rel::5/manager_9.jpg,rel::5/manager_9.jpg::th::ru,th,ru,dependent,0,0,0,1,0,1,0,1,1
internvl,rel::5/manager_9.jpg,rel::5/manager_9.jpg::th::zh,th,zh,dependent,0,1,1,1,1,0,1,0,-1
internvl,rel::5/manager_9.jpg,rel::5/manager_9.jpg::zh::en,zh,en,dependent,1,1,1,1,0,0,0,0,0
internvl,rel::5/manager_9.jpg,rel::5/manager_9.jpg::zh::ru,zh,ru,dependent,0,0,0,1,0,1,0,1,1
internvl,rel::5/manager_9.jpg,rel::5/manager_9.jpg::zh::th,zh,th,dependent,0,0,0,0,0,0,0,0,0
internvl,rel::5/message_1.jpg,rel::5/message_1.jpg::en::ru,en,ru,dependent,0,0,0,0,0,0,0,0,0
internvl,rel::5/message_1.jpg,rel::5/message_1.jpg::en::th,en,th,dependent,0,0,0,0,0,0,0,0,0
internvl,rel::5/message_1.jpg,rel::5/message_1.jpg::en::zh,en,zh,dependent,0,0,0,0,0,0,0,0,0
internvl,rel::5/message_1.jpg,rel::5/message_1.jpg::ru::en,ru,en,dependent,0,0,0,0,0,0,0,0,0
internvl,rel::5/message_1.jpg,rel::5/message_1.jpg::ru::th,ru,th,dependent,0,0,1,0,0,-1,1,0,-1
internvl,rel::5/message_1.jpg,rel::5/message_1.jpg::ru::zh,ru,zh,dependent,0,0,0,0,0,0,0,0,0
internvl,rel::5/message_1.jpg,rel::5/message_1.jpg::th::en,th,en,dependent,0,0,0,0,0,0,0,0,0
internvl,rel::5/message_1.jpg,rel::5/message_1.jpg::th::ru,th,ru,dependent,0,0,0,0,0,0,0,0,0
internvl,rel::5/message_1.jpg,rel::5/message_1.jpg::th::zh,th,zh,dependent,0,0,0,0,0,0,0,0,0
internvl,rel::5/message_1.jpg,rel::5/message_1.jpg::zh::en,zh,en,dependent,0,0,0,0,0,0,0,0,0
internvl,rel::5/message_1.jpg,rel::5/message_1.jpg::zh::ru,zh,ru,dependent,0,0,0,0,0,0,0,0,0
internvl,rel::5/message_1.jpg,rel::5/message_1.jpg::zh::th,zh,th,dependent,0,1,0,0,1,0,0,-1,-1
internvl,rel::5/message_10.jpg,rel::5/message_10.jpg::en::ru,en,ru,dependent,1,1,0,1,0,1,-1,0,1
internvl,rel::5/message_10.jpg,rel::5/message_10.jpg::en::th,en,th,dependent,1,1,0,0,0,0,-1,-1,0
internvl,rel::5/message_10.jpg,rel::5/message_10.jpg::en::zh,en,zh,dependent,1,1,1,1,0,0,0,0,0
internvl,rel::5/message_10.jpg,rel::5/message_10.jpg::ru::en,ru,en,dependent,1,1,1,1,0,0,0,0,0
internvl,rel::5/message_10.jpg,rel::5/message_10.jpg::ru::th,ru,th,dependent,0,1,0,0,1,0,0,-1,-1
internvl,rel::5/message_10.jpg,rel::5/message_10.jpg::ru::zh,ru,zh,dependent,1,1,1,1,0,0,0,0,0
internvl,rel::5/message_10.jpg,rel::5/message_10.jpg::th::en,th,en,dependent,1,0,1,1,-1,0,0,1,1
internvl,rel::5/message_10.jpg,rel::5/message_10.jpg::th::ru,th,ru,dependent,0,0,0,1,0,1,0,1,1
internvl,rel::5/message_10.jpg,rel::5/message_10.jpg::th::zh,th,zh,dependent,0,0,1,1,0,0,1,1,0
internvl,rel::5/message_10.jpg,rel::5/message_10.jpg::zh::en,zh,en,dependent,1,1,1,1,0,0,0,0,0
internvl,rel::5/message_10.jpg,rel::5/message_10.jpg::zh::ru,zh,ru,dependent,0,1,0,1,1,1,0,0,0
internvl,rel::5/message_10.jpg,rel::5/message_10.jpg::zh::th,zh,th,dependent,0,0,0,0,0,0,0,0,0
internvl,rel::5/message_11.jpg,rel::5/message_11.jpg::en::ru,en,ru,dependent,1,1,1,0,0,-1,0,-1,-1
internvl,rel::5/message_11.jpg,rel::5/message_11.jpg::en::th,en,th,dependent,1,1,1,1,0,0,0,0,0
internvl,rel::5/message_11.jpg,rel::5/message_11.jpg::en::zh,en,zh,dependent,1,1,1,1,0,0,0,0,0
internvl,rel::5/message_11.jpg,rel::5/message_11.jpg::ru::en,ru,en,dependent,1,1,1,1,0,0,0,0,0
internvl,rel::5/message_11.jpg,rel::5/message_11.jpg::ru::th,ru,th,dependent,1,1,1,1,0,0,0,0,0
internvl,rel::5/message_11.jpg,rel::5/message_11.jpg::ru::zh,ru,zh,dependent,0,1,1,1,1,0,1,0,-1
internvl,rel::5/message_11.jpg,rel::5/message_11.jpg::th::en,th,en,dependent,1,1,1,1,0,0,0,0,0
internvl,rel::5/message_11.jpg,rel::5/message_11.jpg::th::ru,th,ru,dependent,1,1,1,0,0,-1,0,-1,-1
internvl,rel::5/message_11.jpg,rel::5/message_11.jpg::th::zh,th,zh,dependent,1,1,0,1,0,1,-1,0,1
internvl,rel::5/message_11.jpg,rel::5/message_11.jpg::zh::en,zh,en,dependent,1,1,1,1,0,0,0,0,0
internvl,rel::5/message_11.jpg,rel::5/message_11.jpg::zh::ru,zh,ru,dependent,1,0,1,0,-1,-1,0,0,0
internvl,rel::5/message_11.jpg,rel::5/message_11.jpg::zh::th,zh,th,dependent,0,1,0,1,1,1,0,0,0
internvl,rel::5/message_12.jpg,rel::5/message_12.jpg::en::ru,en,ru,dependent,1,1,1,1,0,0,0,0,0
internvl,rel::5/message_12.jpg,rel::5/message_12.jpg::en::th,en,th,dependent,0,0,1,1,0,0,1,1,0
internvl,rel::5/message_12.jpg,rel::5/message_12.jpg::en::zh,en,zh,dependent,1,0,1,1,-1,0,0,1,1
internvl,rel::5/message_12.jpg,rel::5/message_12.jpg::ru::en,ru,en,dependent,1,1,0,1,0,1,-1,0,1
internvl,rel::5/message_12.jpg,rel::5/message_12.jpg::ru::th,ru,th,dependent,1,1,1,1,0,0,0,0,0
internvl,rel::5/message_12.jpg,rel::5/message_12.jpg::ru::zh,ru,zh,dependent,1,1,1,1,0,0,0,0,0
internvl,rel::5/message_12.jpg,rel::5/message_12.jpg::th::en,th,en,dependent,1,1,1,1,0,0,0,0,0
internvl,rel::5/message_12.jpg,rel::5/message_12.jpg::th::ru,th,ru,dependent,1,1,1,1,0,0,0,0,0
internvl,rel::5/message_12.jpg,rel::5/message_12.jpg::th::zh,th,zh,dependent,1,1,1,1,0,0,0,0,0
internvl,rel::5/message_12.jpg,rel::5/message_12.jpg::zh::en,zh,en,dependent,1,1,1,1,0,0,0,0,0
internvl,rel::5/message_12.jpg,rel::5/message_12.jpg::zh::ru,zh,ru,dependent,1,1,1,1,0,0,0,0,0
internvl,rel::5/message_12.jpg,rel::5/message_12.jpg::zh::th,zh,th,dependent,1,1,1,1,0,0,0,0,0
internvl,rel::5/message_2.jpg,rel::5/message_2.jpg::en::ru,en,ru,dependent,0,1,0,1,1,1,0,0,0
internvl,rel::5/message_2.jpg,rel::5/message_2.jpg::en::th,en,th,dependent,0,0,0,0,0,0,0,0,0
internvl,rel::5/message_2.jpg,rel::5/message_2.jpg::en::zh,en,zh,dependent,1,1,1,1,0,0,0,0,0
internvl,rel::5/message_2.jpg,rel::5/message_2.jpg::ru::en,ru,en,dependent,1,1,1,1,0,0,0,0,0
internvl,rel::5/message_2.jpg,rel::5/message_2.jpg::ru::th,ru,th,dependent,0,0,0,0,0,0,0,0,0
internvl,rel::5/message_2.jpg,rel::5/message_2.jpg::ru::zh,ru,zh,dependent,1,1,1,1,0,0,0,0,0
internvl,rel::5/message_2.jpg,rel::5/message_2.jpg::th::en,th,en,dependent,0,1,0,1,1,1,0,0,0
internvl,rel::5/message_2.jpg,rel::5/message_2.jpg::th::ru,th,ru,dependent,0,0,0,1,0,1,0,1,1
internvl,rel::5/message_2.jpg,rel::5/message_2.jpg::th::zh,th,zh,dependent,0,1,0,1,1,1,0,0,0
internvl,rel::5/message_2.jpg,rel::5/message_2.jpg::zh::en,zh,en,dependent,1,1,1,1,0,0,0,0,0
internvl,rel::5/message_2.jpg,rel::5/message_2.jpg::zh::ru,zh,ru,dependent,0,1,0,1,1,1,0,0,0
internvl,rel::5/message_2.jpg,rel::5/message_2.jpg::zh::th,zh,th,dependent,0,0,0,0,0,0,0,0,0
internvl,rel::5/message_3.jpg,rel::5/message_3.jpg::en::ru,en,ru,dependent,1,1,1,1,0,0,0,0,0
internvl,rel::5/message_3.jpg,rel::5/message_3.jpg::en::th,en,th,dependent,1,1,1,1,0,0,0,0,0
internvl,rel::5/message_3.jpg,rel::5/message_3.jpg::en::zh,en,zh,dependent,0,1,0,1,1,1,0,0,0
internvl,rel::5/message_3.jpg,rel::5/message_3.jpg::ru::en,ru,en,dependent,1,1,1,1,0,0,0,0,0
internvl,rel::5/message_3.jpg,rel::5/message_3.jpg::ru::th,ru,th,dependent,1,1,1,1,0,0,0,0,0
internvl,rel::5/message_3.jpg,rel::5/message_3.jpg::ru::zh,ru,zh,dependent,0,1,0,1,1,1,0,0,0
internvl,rel::5/message_3.jpg,rel::5/message_3.jpg::th::en,th,en,dependent,1,1,1,1,0,0,0,0,0
internvl,rel::5/message_3.jpg,rel::5/message_3.jpg::th::ru,th,ru,dependent,1,1,1,1,0,0,0,0,0
internvl,rel::5/message_3.jpg,rel::5/message_3.jpg::th::zh,th,zh,dependent,1,1,1,1,0,0,0,0,0
internvl,rel::5/message_3.jpg,rel::5/message_3.jpg::zh::en,zh,en,dependent,1,1,0,1,0,1,-1,0,1
internvl,rel::5/message_3.jpg,rel::5/message_3.jpg::zh::ru,zh,ru,dependent,1,1,1,1,0,0,0,0,0
internvl,rel::5/message_3.jpg,rel::5/message_3.jpg::zh::th,zh,th,dependent,1,1,1,1,0,0,0,0,0
internvl,rel::5/message_4.jpg,rel::5/message_4.jpg::en::ru,en,ru,dependent,0,1,0,1,1,1,0,0,0
internvl,rel::5/message_4.jpg,rel::5/message_4.jpg::en::th,en,th,dependent,0,0,0,1,0,1,0,1,1
internvl,rel::5/message_4.jpg,rel::5/message_4.jpg::en::zh,en,zh,dependent,0,1,0,1,1,1,0,0,0
internvl,rel::5/message_4.jpg,rel::5/message_4.jpg::ru::en,ru,en,dependent,1,1,0,1,0,1,-1,0,1
internvl,rel::5/message_4.jpg,rel::5/message_4.jpg::ru::th,ru,th,dependent,0,0,0,1,0,1,0,1,1
internvl,rel::5/message_4.jpg,rel::5/message_4.jpg::ru::zh,ru,zh,dependent,0,0,0,1,0,1,0,1,1
internvl,rel::5/message_4.jpg,rel::5/message_4.jpg::th::en,th,en,dependent,0,0,0,1,0,1,0,1,1
internvl,rel::5/message_4.jpg,rel::5/message_4.jpg::th::ru,th,ru,dependent,0,0,0,1,0,1,0,1,1
internvl,rel::5/message_4.jpg,rel::5/message_4.jpg::th::zh,th,zh,dependent,0,0,0,1,0,1,0,1,1
internvl,rel::5/message_4.jpg,rel::5/message_4.jpg::zh::en,zh,en,dependent,0,1,0,1,1,1,0,0,0
internvl,rel::5/message_4.jpg,rel::5/message_4.jpg::zh::ru,zh,ru,dependent,0,1,0,1,1,1,0,0,0
internvl,rel::5/message_4.jpg,rel::5/message_4.jpg::zh::th,zh,th,dependent,0,0,0,1,0,1,0,1,1
internvl,rel::5/message_5.jpg,rel::5/message_5.jpg::en::ru,en,ru,independent,0,0,1,0,0,-1,1,0,-1
internvl,rel::5/message_5.jpg,rel::5/message_5.jpg::en::th,en,th,independent,0,1,0,0,1,0,0,-1,-1
internvl,rel::5/message_5.jpg,rel::5/message_5.jpg::en::zh,en,zh,independent,1,1,1,1,0,0,0,0,0
internvl,rel::5/message_5.jpg,rel::5/message_5.jpg::ru::en,ru,en,independent,1,1,1,1,0,0,0,0,0
internvl,rel::5/message_5.jpg,rel::5/message_5.jpg::ru::th,ru,th,independent,0,1,0,0,1,0,0,-1,-1
internvl,rel::5/message_5.jpg,rel::5/message_5.jpg::ru::zh,ru,zh,independent,1,1,1,1,0,0,0,0,0
internvl,rel::5/message_5.jpg,rel::5/message_5.jpg::th::en,th,en,independent,0,0,1,1,0,0,1,1,0
internvl,rel::5/message_5.jpg,rel::5/message_5.jpg::th::ru,th,ru,independent,0,0,1,0,0,-1,1,0,-1
internvl,rel::5/message_5.jpg,rel::5/message_5.jpg::th::zh,th,zh,independent,0,0,1,1,0,0,1,1,0
internvl,rel::5/message_5.jpg,rel::5/message_5.jpg::zh::en,zh,en,independent,1,1,1,1,0,0,0,0,0
internvl,rel::5/message_5.jpg,rel::5/message_5.jpg::zh::ru,zh,ru,independent,1,1,1,0,0,-1,0,-1,-1
internvl,rel::5/message_5.jpg,rel::5/message_5.jpg::zh::th,zh,th,independent,1,1,0,0,0,0,-1,-1,0
internvl,rel::5/message_6.jpg,rel::5/message_6.jpg::en::ru,en,ru,dependent,1,1,1,1,0,0,0,0,0
internvl,rel::5/message_6.jpg,rel::5/message_6.jpg::en::th,en,th,dependent,1,1,1,1,0,0,0,0,0
internvl,rel::5/message_6.jpg,rel::5/message_6.jpg::en::zh,en,zh,dependent,1,1,1,1,0,0,0,0,0
internvl,rel::5/message_6.jpg,rel::5/message_6.jpg::ru::en,ru,en,dependent,1,1,1,1,0,0,0,0,0
internvl,rel::5/message_6.jpg,rel::5/message_6.jpg::ru::th,ru,th,dependent,1,1,1,1,0,0,0,0,0
internvl,rel::5/message_6.jpg,rel::5/message_6.jpg::ru::zh,ru,zh,dependent,1,1,1,1,0,0,0,0,0
internvl,rel::5/message_6.jpg,rel::5/message_6.jpg::th::en,th,en,dependent,1,1,1,1,0,0,0,0,0
internvl,rel::5/message_6.jpg,rel::5/message_6.jpg::th::ru,th,ru,dependent,1,1,1,1,0,0,0,0,0
internvl,rel::5/message_6.jpg,rel::5/message_6.jpg::th::zh,th,zh,dependent,1,1,1,1,0,0,0,0,0
internvl,rel::5/message_6.jpg,rel::5/message_6.jpg::zh::en,zh,en,dependent,1,1,1,1,0,0,0,0,0
internvl,rel::5/message_6.jpg,rel::5/message_6.jpg::zh::ru,zh,ru,dependent,1,1,1,1,0,0,0,0,0
internvl,rel::5/message_6.jpg,rel::5/message_6.jpg::zh::th,zh,th,dependent,1,1,1,1,0,0,0,0,0
internvl,rel::5/message_7.jpg,rel::5/message_7.jpg::en::ru,en,ru,dependent,0,0,1,0,0,-1,1,0,-1
internvl,rel::5/message_7.jpg,rel::5/message_7.jpg::en::th,en,th,dependent,0,0,0,0,0,0,0,0,0
internvl,rel::5/message_7.jpg,rel::5/message_7.jpg::en::zh,en,zh,dependent,0,0,1,1,0,0,1,1,0
internvl,rel::5/message_7.jpg,rel::5/message_7.jpg::ru::en,ru,en,dependent,1,1,0,1,0,1,-1,0,1
internvl,rel::5/message_7.jpg,rel::5/message_7.jpg::ru::th,ru,th,dependent,1,1,0,0,0,0,-1,-1,0
internvl,rel::5/message_7.jpg,rel::5/message_7.jpg::ru::zh,ru,zh,dependent,0,1,0,1,1,1,0,0,0
internvl,rel::5/message_7.jpg,rel::5/message_7.jpg::th::en,th,en,dependent,0,0,0,1,0,1,0,1,1
internvl,rel::5/message_7.jpg,rel::5/message_7.jpg::th::ru,th,ru,dependent,0,0,0,0,0,0,0,0,0
internvl,rel::5/message_7.jpg,rel::5/message_7.jpg::th::zh,th,zh,dependent,0,0,0,1,0,1,0,1,1
internvl,rel::5/message_7.jpg,rel::5/message_7.jpg::zh::en,zh,en,dependent,1,1,1,1,0,0,0,0,0
internvl,rel::5/message_7.jpg,rel::5/message_7.jpg::zh::ru,zh,ru,dependent,0,1,0,0,1,0,0,-1,-1
internvl,rel::5/message_7.jpg,rel::5/message_7.jpg::zh::th,zh,th,dependent,1,1,0,0,0,0,-1,-1,0
internvl,rel::5/message_8.jpg,rel::5/message_8.jpg::en::ru,en,ru,independent,1,1,1,1,0,0,0,0,0
internvl,rel::5/message_8.jpg,rel::5/message_8.jpg::en::th,en,th,independent,1,1,1,1,0,0,0,0,0
internvl,rel::5/message_8.jpg,rel::5/message_8.jpg::en::zh,en,zh,independent,1,1,1,1,0,0,0,0,0
internvl,rel::5/message_8.jpg,rel::5/message_8.jpg::ru::en,ru,en,independent,1,1,1,1,0,0,0,0,0
internvl,rel::5/message_8.jpg,rel::5/message_8.jpg::ru::th,ru,th,independent,1,1,1,1,0,0,0,0,0
internvl,rel::5/message_8.jpg,rel::5/message_8.jpg::ru::zh,ru,zh,independent,0,0,1,1,0,0,1,1,0
internvl,rel::5/message_8.jpg,rel::5/message_8.jpg::th::en,th,en,independent,0,0,1,1,0,0,1,1,0
internvl,rel::5/message_8.jpg,rel::5/message_8.jpg::th::ru,th,ru,independent,0,0,1,1,0,0,1,1,0
internvl,rel::5/message_8.jpg,rel::5/message_8.jpg::th::zh,th,zh,independent,0,0,1,1,0,0,1,1,0
internvl,rel::5/message_8.jpg,rel::5/message_8.jpg::zh::en,zh,en,independent,1,1,1,1,0,0,0,0,0
internvl,rel::5/message_8.jpg,rel::5/message_8.jpg::zh::ru,zh,ru,independent,1,1,1,1,0,0,0,0,0
internvl,rel::5/message_8.jpg,rel::5/message_8.jpg::zh::th,zh,th,independent,1,1,0,1,0,1,-1,0,1
internvl,rel::5/message_9.jpg,rel::5/message_9.jpg::en::ru,en,ru,dependent,1,1,0,1,0,1,-1,0,1
internvl,rel::5/message_9.jpg,rel::5/message_9.jpg::en::th,en,th,dependent,1,1,0,0,0,0,-1,-1,0
internvl,rel::5/message_9.jpg,rel::5/message_9.jpg::en::zh,en,zh,dependent,1,1,1,1,0,0,0,0,0
internvl,rel::5/message_9.jpg,rel::5/message_9.jpg::ru::en,ru,en,dependent,1,1,1,1,0,0,0,0,0
internvl,rel::5/message_9.jpg,rel::5/message_9.jpg::ru::th,ru,th,dependent,0,1,0,0,1,0,0,-1,-1
internvl,rel::5/message_9.jpg,rel::5/message_9.jpg::ru::zh,ru,zh,dependent,0,1,0,1,1,1,0,0,0
internvl,rel::5/message_9.jpg,rel::5/message_9.jpg::th::en,th,en,dependent,0,1,1,1,1,0,1,0,-1
internvl,rel::5/message_9.jpg,rel::5/message_9.jpg::th::ru,th,ru,dependent,0,0,0,1,0,1,0,1,1
internvl,rel::5/message_9.jpg,rel::5/message_9.jpg::th::zh,th,zh,dependent,0,0,0,1,0,1,0,1,1
internvl,rel::5/message_9.jpg,rel::5/message_9.jpg::zh::en,zh,en,dependent,1,1,1,1,0,0,0,0,0
internvl,rel::5/message_9.jpg,rel::5/message_9.jpg::zh::ru,zh,ru,dependent,0,1,0,1,1,1,0,0,0
internvl,rel::5/message_9.jpg,rel::5/message_9.jpg::zh::th,zh,th,dependent,0,1,0,0,1,0,0,-1,-1
internvl,rel::5/phone_1.jpg,rel::5/phone_1.jpg::en::ru,en,ru,dependent,1,1,1,1,0,0,0,0,0
internvl,rel::5/phone_1.jpg,rel::5/phone_1.jpg::en::th,en,th,dependent,1,1,1,0,0,-1,0,-1,-1
internvl,rel::5/phone_1.jpg,rel::5/phone_1.jpg::en::zh,en,zh,dependent,1,1,1,1,0,0,0,0,0
internvl,rel::5/phone_1.jpg,rel::5/phone_1.jpg::ru::en,ru,en,dependent,1,1,1,1,0,0,0,0,0
internvl,rel::5/phone_1.jpg,rel::5/phone_1.jpg::ru::th,ru,th,dependent,0,0,0,0,0,0,0,0,0
internvl,rel::5/phone_1.jpg,rel::5/phone_1.jpg::ru::zh,ru,zh,dependent,1,1,1,1,0,0,0,0,0
internvl,rel::5/phone_1.jpg,rel::5/phone_1.jpg::th::en,th,en,dependent,0,1,1,1,1,0,1,0,-1
internvl,rel::5/phone_1.jpg,rel::5/phone_1.jpg::th::ru,th,ru,dependent,1,0,1,1,-1,0,0,1,1
internvl,rel::5/phone_1.jpg,rel::5/phone_1.jpg::th::zh,th,zh,dependent,0,1,1,1,1,0,1,0,-1
internvl,rel::5/phone_1.jpg,rel::5/phone_1.jpg::zh::en,zh,en,dependent,1,1,1,1,0,0,0,0,0
internvl,rel::5/phone_1.jpg,rel::5/phone_1.jpg::zh::ru,zh,ru,dependent,1,1,1,1,0,0,0,0,0
internvl,rel::5/phone_1.jpg,rel::5/phone_1.jpg::zh::th,zh,th,dependent,1,1,1,0,0,-1,0,-1,-1
internvl,rel::5/phone_10.jpg,rel::5/phone_10.jpg::en::ru,en,ru,dependent,0,0,0,0,0,0,0,0,0
internvl,rel::5/phone_10.jpg,rel::5/phone_10.jpg::en::th,en,th,dependent,0,0,0,0,0,0,0,0,0
internvl,rel::5/phone_10.jpg,rel::5/phone_10.jpg::en::zh,en,zh,dependent,0,0,0,0,0,0,0,0,0
internvl,rel::5/phone_10.jpg,rel::5/phone_10.jpg::ru::en,ru,en,dependent,0,0,0,0,0,0,0,0,0
internvl,rel::5/phone_10.jpg,rel::5/phone_10.jpg::ru::th,ru,th,dependent,0,0,0,0,0,0,0,0,0
internvl,rel::5/phone_10.jpg,rel::5/phone_10.jpg::ru::zh,ru,zh,dependent,0,0,0,0,0,0,0,0,0
internvl,rel::5/phone_10.jpg,rel::5/phone_10.jpg::th::en,th,en,dependent,0,0,0,0,0,0,0,0,0
internvl,rel::5/phone_10.jpg,rel::5/phone_10.jpg::th::ru,th,ru,dependent,0,0,0,0,0,0,0,0,0
internvl,rel::5/phone_10.jpg,rel::5/phone_10.jpg::th::zh,th,zh,dependent,0,0,0,0,0,0,0,0,0
internvl,rel::5/phone_10.jpg,rel::5/phone_10.jpg::zh::en,zh,en,dependent,0,0,0,0,0,0,0,0,0
internvl,rel::5/phone_10.jpg,rel::5/phone_10.jpg::zh::ru,zh,ru,dependent,0,0,0,0,0,0,0,0,0
internvl,rel::5/phone_10.jpg,rel::5/phone_10.jpg::zh::th,zh,th,dependent,0,0,0,0,0,0,0,0,0
internvl,rel::5/phone_11.jpg,rel::5/phone_11.jpg::en::ru,en,ru,dependent,0,0,0,0,0,0,0,0,0
internvl,rel::5/phone_11.jpg,rel::5/phone_11.jpg::en::th,en,th,dependent,0,0,0,0,0,0,0,0,0
internvl,rel::5/phone_11.jpg,rel::5/phone_11.jpg::en::zh,en,zh,dependent,0,0,0,0,0,0,0,0,0
internvl,rel::5/phone_11.jpg,rel::5/phone_11.jpg::ru::en,ru,en,dependent,0,0,0,0,0,0,0,0,0
internvl,rel::5/phone_11.jpg,rel::5/phone_11.jpg::ru::th,ru,th,dependent,0,0,0,0,0,0,0,0,0
internvl,rel::5/phone_11.jpg,rel::5/phone_11.jpg::ru::zh,ru,zh,dependent,0,0,0,0,0,0,0,0,0
internvl,rel::5/phone_11.jpg,rel::5/phone_11.jpg::th::en,th,en,dependent,0,0,0,0,0,0,0,0,0
internvl,rel::5/phone_11.jpg,rel::5/phone_11.jpg::th::ru,th,ru,dependent,0,0,0,0,0,0,0,0,0
internvl,rel::5/phone_11.jpg,rel::5/phone_11.jpg::th::zh,th,zh,dependent,0,0,0,0,0,0,0,0,0
internvl,rel::5/phone_11.jpg,rel::5/phone_11.jpg::zh::en,zh,en,dependent,0,0,0,0,0,0,0,0,0
internvl,rel::5/phone_11.jpg,rel::5/phone_11.jpg::zh::ru,zh,ru,dependent,0,0,0,0,0,0,0,0,0
internvl,rel::5/phone_11.jpg,rel::5/phone_11.jpg::zh::th,zh,th,dependent,0,0,0,0,0,0,0,0,0
internvl,rel::5/phone_12.jpg,rel::5/phone_12.jpg::en::ru,en,ru,dependent,0,0,0,0,0,0,0,0,0
internvl,rel::5/phone_12.jpg,rel::5/phone_12.jpg::en::th,en,th,dependent,0,0,0,0,0,0,0,0,0
internvl,rel::5/phone_12.jpg,rel::5/phone_12.jpg::en::zh,en,zh,dependent,0,1,0,1,1,1,0,0,0
internvl,rel::5/phone_12.jpg,rel::5/phone_12.jpg::ru::en,ru,en,dependent,0,1,0,1,1,1,0,0,0
internvl,rel::5/phone_12.jpg,rel::5/phone_12.jpg::ru::th,ru,th,dependent,0,0,0,0,0,0,0,0,0
internvl,rel::5/phone_12.jpg,rel::5/phone_12.jpg::ru::zh,ru,zh,dependent,0,1,0,1,1,1,0,0,0
internvl,rel::5/phone_12.jpg,rel::5/phone_12.jpg::th::en,th,en,dependent,0,1,0,1,1,1,0,0,0
internvl,rel::5/phone_12.jpg,rel::5/phone_12.jpg::th::ru,th,ru,dependent,0,0,0,0,0,0,0,0,0
internvl,rel::5/phone_12.jpg,rel::5/phone_12.jpg::th::zh,th,zh,dependent,0,1,0,1,1,1,0,0,0
internvl,rel::5/phone_12.jpg,rel::5/phone_12.jpg::zh::en,zh,en,dependent,0,1,0,1,1,1,0,0,0
internvl,rel::5/phone_12.jpg,rel::5/phone_12.jpg::zh::ru,zh,ru,dependent,1,0,0,0,-1,0,-1,0,1
internvl,rel::5/phone_12.jpg,rel::5/phone_12.jpg::zh::th,zh,th,dependent,1,0,1,0,-1,-1,0,0,0
internvl,rel::5/phone_13.jpg,rel::5/phone_13.jpg::en::ru,en,ru,dependent,0,1,0,1,1,1,0,0,0
internvl,rel::5/phone_13.jpg,rel::5/phone_13.jpg::en::th,en,th,dependent,0,0,0,0,0,0,0,0,0
internvl,rel::5/phone_13.jpg,rel::5/phone_13.jpg::en::zh,en,zh,dependent,1,1,0,1,0,1,-1,0,1
internvl,rel::5/phone_13.jpg,rel::5/phone_13.jpg::ru::en,ru,en,dependent,1,1,1,1,0,0,0,0,0
internvl,rel::5/phone_13.jpg,rel::5/phone_13.jpg::ru::th,ru,th,dependent,0,0,0,0,0,0,0,0,0
internvl,rel::5/phone_13.jpg,rel::5/phone_13.jpg::ru::zh,ru,zh,dependent,1,1,0,1,0,1,-1,0,1
internvl,rel::5/phone_13.jpg,rel::5/phone_13.jpg::th::en,th,en,dependent,0,1,0,1,1,1,0,0,0
internvl,rel::5/phone_13.jpg,rel::5/phone_13.jpg::th::ru,th,ru,dependent,0,0,0,1,0,1,0,1,1
internvl,rel::5/phone_13.jpg,rel::5/phone_13.jpg::th::zh,th,zh,dependent,0,0,0,1,0,1,0,1,1
internvl,rel::5/phone_13.jpg,rel::5/phone_13.jpg::zh::en,zh,en,dependent,1,1,1,1,0,0,0,0,0
internvl,rel::5/phone_13.jpg,rel::5/phone_13.jpg::zh::ru,zh,ru,dependent,0,1,0,1,1,1,0,0,0
internvl,rel::5/phone_13.jpg,rel::5/phone_13.jpg::zh::th,zh,th,dependent,0,0,0,0,0,0,0,0,0
internvl,rel::5/phone_14.jpg,rel::5/phone_14.jpg::en::ru,en,ru,independent,0,0,1,0,0,-1,1,0,-1
internvl,rel::5/phone_14.jpg,rel::5/phone_14.jpg::en::th,en,th,independent,1,1,1,1,0,0,0,0,0
internvl,rel::5/phone_14.jpg,rel::5/phone_14.jpg::ru::en,ru,en,independent,0,1,0,0,1,0,0,-1,-1
internvl,rel::5/phone_14.jpg,rel::5/phone_14.jpg::ru::th,ru,th,independent,1,1,0,1,0,1,-1,0,1
internvl,rel::5/phone_14.jpg,rel::5/phone_14.jpg::th::en,th,en,independent,1,1,0,0,0,0,-1,-1,0
internvl,rel::5/phone_14.jpg,rel::5/phone_14.jpg::th::ru,th,ru,independent,1,1,1,0,0,-1,0,-1,-1
internvl,rel::5/phone_15.jpg,rel::5/phone_15.jpg::en::ru,en,ru,dependent,1,1,0,1,0,1,-1,0,1
internvl,rel::5/phone_15.jpg,rel::5/phone_15.jpg::en::th,en,th,dependent,0,0,0,0,0,0,0,0,0
internvl,rel::5/phone_15.jpg,rel::5/phone_15.jpg::en::zh,en,zh,dependent,1,1,1,1,0,0,0,0,0
internvl,rel::5/phone_15.jpg,rel::5/phone_15.jpg::ru::en,ru,en,dependent,1,1,1,1,0,0,0,0,0
internvl,rel::5/phone_15.jpg,rel::5/phone_15.jpg::ru::th,ru,th,dependent,0,0,0,0,0,0,0,0,0
internvl,rel::5/phone_15.jpg,rel::5/phone_15.jpg::ru::zh,ru,zh,dependent,1,1,1,1,0,0,0,0,0
internvl,rel::5/phone_15.jpg,rel::5/phone_15.jpg::th::en,th,en,dependent,1,1,1,1,0,0,0,0,0
internvl,rel::5/phone_15.jpg,rel::5/phone_15.jpg::th::ru,th,ru,dependent,0,1,0,1,1,1,0,0,0
internvl,rel::5/phone_15.jpg,rel::5/phone_15.jpg::th::zh,th,zh,dependent,1,1,1,1,0,0,0,0,0
internvl,rel::5/phone_15.jpg,rel::5/phone_15.jpg::zh::en,zh,en,dependent,1,1,1,1,0,0,0,0,0
internvl,rel::5/phone_15.jpg,rel::5/phone_15.jpg::zh::ru,zh,ru,dependent,1,1,1,1,0,0,0,0,0
internvl,rel::5/phone_15.jpg,rel::5/phone_15.jpg::zh::th,zh,th,dependent,0,0,0,0,0,0,0,0,0
internvl,rel::5/phone_16.jpg,rel::5/phone_16.jpg::en::ru,en,ru,independent,0,0,0,0,0,0,0,0,0
internvl,rel::5/phone_16.jpg,rel::5/phone_16.jpg::en::th,en,th,independent,0,0,0,0,0,0,0,0,0
internvl,rel::5/phone_16.jpg,rel::5/phone_16.jpg::en::zh,en,zh,independent,1,1,1,1,0,0,0,0,0
internvl,rel::5/phone_16.jpg,rel::5/phone_16.jpg::ru::en,ru,en,independent,0,0,0,0,0,0,0,0,0
internvl,rel::5/phone_16.jpg,rel::5/phone_16.jpg::ru::th,ru,th,independent,0,0,0,0,0,0,0,0,0
internvl,rel::5/phone_16.jpg,rel::5/phone_16.jpg::ru::zh,ru,zh,independent,0,0,1,1,0,0,1,1,0
internvl,rel::5/phone_16.jpg,rel::5/phone_16.jpg::th::en,th,en,independent,1,1,0,0,0,0,-1,-1,0
internvl,rel::5/phone_16.jpg,rel::5/phone_16.jpg::th::ru,th,ru,independent,0,0,0,0,0,0,0,0,0
internvl,rel::5/phone_16.jpg,rel::5/phone_16.jpg::th::zh,th,zh,independent,1,1,1,1,0,0,0,0,0
internvl,rel::5/phone_16.jpg,rel::5/phone_16.jpg::zh::en,zh,en,independent,0,0,0,0,0,0,0,0,0
internvl,rel::5/phone_16.jpg,rel::5/phone_16.jpg::zh::ru,zh,ru,independent,0,0,0,0,0,0,0,0,0
internvl,rel::5/phone_16.jpg,rel::5/phone_16.jpg::zh::th,zh,th,independent,0,0,0,0,0,0,0,0,0
internvl,rel::5/phone_17.jpg,rel::5/phone_17.jpg::en::ru,en,ru,dependent,1,1,1,1,0,0,0,0,0
internvl,rel::5/phone_17.jpg,rel::5/phone_17.jpg::en::th,en,th,dependent,1,0,1,0,-1,-1,0,0,0
internvl,rel::5/phone_17.jpg,rel::5/phone_17.jpg::en::zh,en,zh,dependent,1,1,1,1,0,0,0,0,0
internvl,rel::5/phone_17.jpg,rel::5/phone_17.jpg::ru::en,ru,en,dependent,1,1,1,1,0,0,0,0,0
internvl,rel::5/phone_17.jpg,rel::5/phone_17.jpg::ru::th,ru,th,dependent,1,0,1,0,-1,-1,0,0,0
internvl,rel::5/phone_17.jpg,rel::5/phone_17.jpg::ru::zh,ru,zh,dependent,1,1,1,1,0,0,0,0,0
internvl,rel::5/phone_17.jpg,rel::5/phone_17.jpg::th::en,th,en,dependent,1,1,1,1,0,0,0,0,0
internvl,rel::5/phone_17.jpg,rel::5/phone_17.jpg::th::ru,th,ru,dependent,1,1,1,1,0,0,0,0,0
internvl,rel::5/phone_17.jpg,rel::5/phone_17.jpg::th::zh,th,zh,dependent,1,1,1,1,0,0,0,0,0
internvl,rel::5/phone_17.jpg,rel::5/phone_17.jpg::zh::en,zh,en,dependent,1,1,1,1,0,0,0,0,0
internvl,rel::5/phone_17.jpg,rel::5/phone_17.jpg::zh::ru,zh,ru,dependent,1,1,1,1,0,0,0,0,0
internvl,rel::5/phone_17.jpg,rel::5/phone_17.jpg::zh::th,zh,th,dependent,1,1,1,0,0,-1,0,-1,-1
internvl,rel::5/phone_18.jpg,rel::5/phone_18.jpg::en::ru,en,ru,dependent,1,1,1,1,0,0,0,0,0
internvl,rel::5/phone_18.jpg,rel::5/phone_18.jpg::en::th,en,th,dependent,1,1,0,0,0,0,-1,-1,0
internvl,rel::5/phone_18.jpg,rel::5/phone_18.jpg::en::zh,en,zh,dependent,1,1,0,1,0,1,-1,0,1
internvl,rel::5/phone_18.jpg,rel::5/phone_18.jpg::ru::en,ru,en,dependent,1,1,1,1,0,0,0,0,0
internvl,rel::5/phone_18.jpg,rel::5/phone_18.jpg::ru::th,ru,th,dependent,1,0,1,0,-1,-1,0,0,0
internvl,rel::5/phone_18.jpg,rel::5/phone_18.jpg::ru::zh,ru,zh,dependent,1,1,1,1,0,0,0,0,0
internvl,rel::5/phone_18.jpg,rel::5/phone_18.jpg::th::en,th,en,dependent,0,0,1,1,0,0,1,1,0
internvl,rel::5/phone_18.jpg,rel::5/phone_18.jpg::th::ru,th,ru,dependent,1,0,1,1,-1,0,0,1,1
internvl,rel::5/phone_18.jpg,rel::5/phone_18.jpg::th::zh,th,zh,dependent,0,0,0,1,0,1,0,1,1
internvl,rel::5/phone_18.jpg,rel::5/phone_18.jpg::zh::en,zh,en,dependent,1,1,1,1,0,0,0,0,0
internvl,rel::5/phone_18.jpg,rel::5/phone_18.jpg::zh::ru,zh,ru,dependent,1,1,1,1,0,0,0,0,0
internvl,rel::5/phone_18.jpg,rel::5/phone_18.jpg::zh::th,zh,th,dependent,1,0,1,0,-1,-1,0,0,0
internvl,rel::5/phone_2.jpg,rel::5/phone_2.jpg::en::ru,en,ru,dependent,0,0,0,0,0,0,0,0,0
internvl,rel::5/phone_2.jpg,rel::5/phone_2.jpg::en::th,en,th,dependent,0,0,0,0,0,0,0,0,0
internvl,rel::5/phone_2.jpg,rel::5/phone_2.jpg::en::zh,en,zh,dependent,1,1,0,0,0,0,-1,-1,0
internvl,rel::5/phone_2.jpg,rel::5/phone_2.jpg::ru::en,ru,en,dependent,0,0,0,1,0,1,0,1,1
internvl,rel::5/phone_2.jpg,rel::5/phone_2.jpg::ru::th,ru,th,dependent,0,0,0,0,0,0,0,0,0
internvl,rel::5/phone_2.jpg,rel::5/phone_2.jpg::ru::zh,ru,zh,dependent,0,0,0,0,0,0,0,0,0
internvl,rel::5/phone_2.jpg,rel::5/phone_2.jpg::th::en,th,en,dependent,0,0,0,1,0,1,0,1,1
internvl,rel::5/phone_2.jpg,rel::5/phone_2.jpg::th::ru,th,ru,dependent,0,0,0,0,0,0,0,0,0
internvl,rel::5/phone_2.jpg,rel::5/phone_2.jpg::th::zh,th,zh,dependent,0,1,0,0,1,0,0,-1,-1
internvl,rel::5/phone_2.jpg,rel::5/phone_2.jpg::zh::en,zh,en,dependent,0,0,1,1,0,0,1,1,0
internvl,rel::5/phone_2.jpg,rel::5/phone_2.jpg::zh::ru,zh,ru,dependent,0,0,0,0,0,0,0,0,0
internvl,rel::5/phone_2.jpg,rel::5/phone_2.jpg::zh::th,zh,th,dependent,0,0,0,0,0,0,0,0,0
internvl,rel::5/phone_3.jpg,rel::5/phone_3.jpg::en::ru,en,ru,dependent,0,1,0,1,1,1,0,0,0
internvl,rel::5/phone_3.jpg,rel::5/phone_3.jpg::en::th,en,th,dependent,0,1,0,0,1,0,0,-1,-1
internvl,rel::5/phone_3.jpg,rel::5/phone_3.jpg::en::zh,en,zh,dependent,0,0,0,0,0,0,0,0,0
internvl,rel::5/phone_3.jpg,rel::5/phone_3.jpg::ru::en,ru,en,dependent,1,1,0,1,0,1,-1,0,1
internvl,rel::5/phone_3.jpg,rel::5/phone_3.jpg::ru::th,ru,th,dependent,0,0,0,0,0,0,0,0,0
internvl,rel::5/phone_3.jpg,rel::5/phone_3.jpg::ru::zh,ru,zh,dependent,0,0,0,0,0,0,0,0,0
internvl,rel::5/phone_3.jpg,rel::5/phone_3.jpg::th::en,th,en,dependent,1,1,1,1,0,0,0,0,0
internvl,rel::5/phone_3.jpg,rel::5/phone_3.jpg::th::ru,th,ru,dependent,0,0,0,1,0,1,0,1,1
internvl,rel::5/phone_3.jpg,rel::5/phone_3.jpg::th::zh,th,zh,dependent,1,0,1,0,-1,-1,0,0,0
internvl,rel::5/phone_3.jpg,rel::5/phone_3.jpg::zh::en,zh,en,dependent,1,1,1,1,0,0,0,0,0
internvl,rel::5/phone_3.jpg,rel::5/phone_3.jpg::zh::ru,zh,ru,dependent,0,1,1,1,1,0,1,0,-1
internvl,rel::5/phone_3.jpg,rel::5/phone_3.jpg::zh::th,zh,th,dependent,0,1,0,0,1,0,0,-1,-1
internvl,rel::5/phone_4.jpg,rel::5/phone_4.jpg::en::ru,en,ru,dependent,0,1,0,0,1,0,0,-1,-1
internvl,rel::5/phone_4.jpg,rel::5/phone_4.jpg::en::th,en,th,dependent,0,0,0,0,0,0,0,0,0
internvl,rel::5/phone_4.jpg,rel::5/phone_4.jpg::en::zh,en,zh,dependent,1,1,0,1,0,1,-1,0,1
internvl,rel::5/phone_4.jpg,rel::5/phone_4.jpg::ru::en,ru,en,dependent,0,0,0,1,0,1,0,1,1
internvl,rel::5/phone_4.jpg,rel::5/phone_4.jpg::ru::th,ru,th,dependent,0,0,0,0,0,0,0,0,0
internvl,rel::5/phone_4.jpg,rel::5/phone_4.jpg::ru::zh,ru,zh,dependent,0,0,0,1,0,1,0,1,1
internvl,rel::5/phone_4.jpg,rel::5/phone_4.jpg::th::en,th,en,dependent,0,1,0,1,1,1,0,0,0
internvl,rel::5/phone_4.jpg,rel::5/phone_4.jpg::th::ru,th,ru,dependent,0,1,0,0,1,0,0,-1,-1
internvl,rel::5/phone_4.jpg,rel::5/phone_4.jpg::th::zh,th,zh,dependent,0,1,0,1,1,1,0,0,0
internvl,rel::5/phone_4.jpg,rel::5/phone_4.jpg::zh::en,zh,en,dependent,1,1,1,1,0,0,0,0,0
internvl,rel::5/phone_4.jpg,rel::5/phone_4.jpg::zh::ru,zh,ru,dependent,0,1,0,0,1,0,0,-1,-1
internvl,rel::5/phone_4.jpg,rel::5/phone_4.jpg::zh::th,zh,th,dependent,0,0,0,0,0,0,0,0,0
internvl,rel::5/phone_5.jpg,rel::5/phone_5.jpg::en::ru,en,ru,dependent,1,1,0,0,0,0,-1,-1,0
internvl,rel::5/phone_5.jpg,rel::5/phone_5.jpg::en::th,en,th,dependent,1,0,0,0,-1,0,-1,0,1
internvl,rel::5/phone_5.jpg,rel::5/phone_5.jpg::en::zh,en,zh,dependent,1,1,0,0,0,0,-1,-1,0
internvl,rel::5/phone_5.jpg,rel::5/phone_5.jpg::ru::en,ru,en,dependent,0,0,1,1,0,0,1,1,0
internvl,rel::5/phone_5.jpg,rel::5/phone_5.jpg::ru::th,ru,th,dependent,0,0,0,0,0,0,0,0,0
internvl,rel::5/phone_5.jpg,rel::5/phone_5.jpg::ru::zh,ru,zh,dependent,0,0,0,0,0,0,0,0,0
internvl,rel::5/phone_5.jpg,rel::5/phone_5.jpg::th::en,th,en,dependent,0,0,1,1,0,0,1,1,0
internvl,rel::5/phone_5.jpg,rel::5/phone_5.jpg::th::ru,th,ru,dependent,0,0,0,0,0,0,0,0,0
internvl,rel::5/phone_5.jpg,rel::5/phone_5.jpg::th::zh,th,zh,dependent,0,0,0,0,0,0,0,0,0
internvl,rel::5/phone_5.jpg,rel::5/phone_5.jpg::zh::en,zh,en,dependent,1,1,1,1,0,0,0,0,0
internvl,rel::5/phone_5.jpg,rel::5/phone_5.jpg::zh::ru,zh,ru,dependent,1,1,0,0,0,0,-1,-1,0
internvl,rel::5/phone_5.jpg,rel::5/phone_5.jpg::zh::th,zh,th,dependent,0,0,0,0,0,0,0,0,0
internvl,rel::5/phone_6.jpg,rel::5/phone_6.jpg::en::ru,en,ru,dependent,1,1,1,1,0,0,0,0,0
internvl,rel::5/phone_6.jpg,rel::5/phone_6.jpg::en::th,en,th,dependent,1,1,1,1,0,0,0,0,0
internvl,rel::5/phone_6.jpg,rel::5/phone_6.jpg::en::zh,en,zh,dependent,1,1,1,1,0,0,0,0,0
internvl,rel::5/phone_6.jpg,rel::5/phone_6.jpg::ru::en,ru,en,dependent,0,1,0,1,1,1,0,0,0
internvl,rel::5/phone_6.jpg,rel::5/phone_6.jpg::ru::th,ru,th,dependent,1,1,1,1,0,0,0,0,0
internvl,rel::5/phone_6.jpg,rel::5/phone_6.jpg::ru::zh,ru,zh,dependent,0,1,0,1,1,1,0,0,0
internvl,rel::5/phone_6.jpg,rel::5/phone_6.jpg::th::en,th,en,dependent,1,0,1,1,-1,0,0,1,1
internvl,rel::5/phone_6.jpg,rel::5/phone_6.jpg::th::ru,th,ru,dependent,1,1,1,1,0,0,0,0,0
internvl,rel::5/phone_6.jpg,rel::5/phone_6.jpg::th::zh,th,zh,dependent,0,1,0,1,1,1,0,0,0
internvl,rel::5/phone_6.jpg,rel::5/phone_6.jpg::zh::en,zh,en,dependent,1,1,1,1,0,0,0,0,0
internvl,rel::5/phone_6.jpg,rel::5/phone_6.jpg::zh::ru,zh,ru,dependent,1,0,1,1,-1,0,0,1,1
internvl,rel::5/phone_6.jpg,rel::5/phone_6.jpg::zh::th,zh,th,dependent,1,1,1,1,0,0,0,0,0
internvl,rel::5/phone_7.jpg,rel::5/phone_7.jpg::en::ru,en,ru,dependent,0,1,0,0,1,0,0,-1,-1
internvl,rel::5/phone_7.jpg,rel::5/phone_7.jpg::en::th,en,th,dependent,0,0,0,0,0,0,0,0,0
internvl,rel::5/phone_7.jpg,rel::5/phone_7.jpg::en::zh,en,zh,dependent,1,1,1,1,0,0,0,0,0
internvl,rel::5/phone_7.jpg,rel::5/phone_7.jpg::ru::en,ru,en,dependent,0,1,0,1,1,1,0,0,0
internvl,rel::5/phone_7.jpg,rel::5/phone_7.jpg::ru::th,ru,th,dependent,0,0,0,0,0,0,0,0,0
internvl,rel::5/phone_7.jpg,rel::5/phone_7.jpg::ru::zh,ru,zh,dependent,0,1,0,1,1,1,0,0,0
internvl,rel::5/phone_7.jpg,rel::5/phone_7.jpg::th::en,th,en,dependent,0,1,0,1,1,1,0,0,0
internvl,rel::5/phone_7.jpg,rel::5/phone_7.jpg::th::ru,th,ru,dependent,0,0,0,0,0,0,0,0,0
internvl,rel::5/phone_7.jpg,rel::5/phone_7.jpg::th::zh,th,zh,dependent,0,0,0,1,0,1,0,1,1
internvl,rel::5/phone_7.jpg,rel::5/phone_7.jpg::zh::en,zh,en,dependent,1,1,1,1,0,0,0,0,0
internvl,rel::5/phone_7.jpg,rel::5/phone_7.jpg::zh::ru,zh,ru,dependent,0,0,0,0,0,0,0,0,0
internvl,rel::5/phone_7.jpg,rel::5/phone_7.jpg::zh::th,zh,th,dependent,0,0,0,0,0,0,0,0,0
internvl,rel::5/phone_8.jpg,rel::5/phone_8.jpg::en::ru,en,ru,dependent,0,1,0,1,1,1,0,0,0
internvl,rel::5/phone_8.jpg,rel::5/phone_8.jpg::en::th,en,th,dependent,0,0,1,0,0,-1,1,0,-1
internvl,rel::5/phone_8.jpg,rel::5/phone_8.jpg::en::zh,en,zh,dependent,0,0,0,0,0,0,0,0,0
internvl,rel::5/phone_8.jpg,rel::5/phone_8.jpg::ru::en,ru,en,dependent,1,1,0,1,0,1,-1,0,1
internvl,rel::5/phone_8.jpg,rel::5/phone_8.jpg::ru::th,ru,th,dependent,0,0,0,0,0,0,0,0,0
internvl,rel::5/phone_8.jpg,rel::5/phone_8.jpg::ru::zh,ru,zh,dependent,0,0,0,0,0,0,0,0,0
internvl,rel::5/phone_8.jpg,rel::5/phone_8.jpg::th::en,th,en,dependent,0,0,0,1,0,1,0,1,1
internvl,rel::5/phone_8.jpg,rel::5/phone_8.jpg::th::ru,th,ru,dependent,0,0,0,1,0,1,0,1,1
internvl,rel::5/phone_8.jpg,rel::5/phone_8.jpg::th::zh,th,zh,dependent,0,0,0,0,0,0,0,0,0
internvl,rel::5/phone_8.jpg,rel::5/phone_8.jpg::zh::en,zh,en,dependent,0,1,0,1,1,1,0,0,0
internvl,rel::5/phone_8.jpg,rel::5/phone_8.jpg::zh::ru,zh,ru,dependent,0,1,0,1,1,1,0,0,0
internvl,rel::5/phone_8.jpg,rel::5/phone_8.jpg::zh::th,zh,th,dependent,0,0,0,0,0,0,0,0,0
internvl,rel::5/phone_9.jpg,rel::5/phone_9.jpg::en::ru,en,ru,dependent,0,1,0,1,1,1,0,0,0
internvl,rel::5/phone_9.jpg,rel::5/phone_9.jpg::en::th,en,th,dependent,1,1,0,0,0,0,-1,-1,0
internvl,rel::5/phone_9.jpg,rel::5/phone_9.jpg::en::zh,en,zh,dependent,1,1,1,1,0,0,0,0,0
internvl,rel::5/phone_9.jpg,rel::5/phone_9.jpg::ru::en,ru,en,dependent,1,1,1,1,0,0,0,0,0
internvl,rel::5/phone_9.jpg,rel::5/phone_9.jpg::ru::th,ru,th,dependent,0,1,0,0,1,0,0,-1,-1
internvl,rel::5/phone_9.jpg,rel::5/phone_9.jpg::ru::zh,ru,zh,dependent,1,1,1,1,0,0,0,0,0
internvl,rel::5/phone_9.jpg,rel::5/phone_9.jpg::th::en,th,en,dependent,0,0,1,1,0,0,1,1,0
internvl,rel::5/phone_9.jpg,rel::5/phone_9.jpg::th::ru,th,ru,dependent,1,1,1,1,0,0,0,0,0
internvl,rel::5/phone_9.jpg,rel::5/phone_9.jpg::th::zh,th,zh,dependent,1,0,1,1,-1,0,0,1,1
internvl,rel::5/phone_9.jpg,rel::5/phone_9.jpg::zh::en,zh,en,dependent,1,1,1,1,0,0,0,0,0
internvl,rel::5/phone_9.jpg,rel::5/phone_9.jpg::zh::ru,zh,ru,dependent,0,1,1,1,1,0,1,0,-1
internvl,rel::5/phone_9.jpg,rel::5/phone_9.jpg::zh::th,zh,th,dependent,0,1,1,0,1,-1,1,-1,-2
internvl,rel::5/record_1.jpg,rel::5/record_1.jpg::en::ru,en,ru,dependent,1,1,1,1,0,0,0,0,0
internvl,rel::5/record_1.jpg,rel::5/record_1.jpg::en::th,en,th,dependent,1,0,1,0,-1,-1,0,0,0
internvl,rel::5/record_1.jpg,rel::5/record_1.jpg::en::zh,en,zh,dependent,1,1,1,1,0,0,0,0,0
internvl,rel::5/record_1.jpg,rel::5/record_1.jpg::ru::en,ru,en,dependent,1,1,1,1,0,0,0,0,0
internvl,rel::5/record_1.jpg,rel::5/record_1.jpg::ru::th,ru,th,dependent,1,0,1,0,-1,-1,0,0,0
internvl,rel::5/record_1.jpg,rel::5/record_1.jpg::ru::zh,ru,zh,dependent,0,1,1,1,1,0,1,0,-1
internvl,rel::5/record_1.jpg,rel::5/record_1.jpg::th::en,th,en,dependent,0,1,1,1,1,0,1,0,-1
internvl,rel::5/record_1.jpg,rel::5/record_1.jpg::th::ru,th,ru,dependent,0,1,1,1,1,0,1,0,-1
internvl,rel::5/record_1.jpg,rel::5/record_1.jpg::th::zh,th,zh,dependent,0,1,0,1,1,1,0,0,0
internvl,rel::5/record_1.jpg,rel::5/record_1.jpg::zh::en,zh,en,dependent,1,1,1,1,0,0,0,0,0
internvl,rel::5/record_1.jpg,rel::5/record_1.jpg::zh::ru,zh,ru,dependent,1,1,1,1,0,0,0,0,0
internvl,rel::5/record_1.jpg,rel::5/record_1.jpg::zh::th,zh,th,dependent,1,1,1,0,0,-1,0,-1,-1
internvl,rel::5/record_10.jpg,rel::5/record_10.jpg::en::ru,en,ru,dependent,0,1,1,1,1,0,1,0,-1
internvl,rel::5/record_10.jpg,rel::5/record_10.jpg::en::th,en,th,dependent,0,0,0,0,0,0,0,0,0
internvl,rel::5/record_10.jpg,rel::5/record_10.jpg::en::zh,en,zh,dependent,1,1,1,1,0,0,0,0,0
internvl,rel::5/record_10.jpg,rel::5/record_10.jpg::ru::en,ru,en,dependent,1,1,1,1,0,0,0,0,0
internvl,rel::5/record_10.jpg,rel::5/record_10.jpg::ru::th,ru,th,dependent,0,0,0,0,0,0,0,0,0
internvl,rel::5/record_10.jpg,rel::5/record_10.jpg::ru::zh,ru,zh,dependent,1,1,1,1,0,0,0,0,0
internvl,rel::5/record_10.jpg,rel::5/record_10.jpg::th::en,th,en,dependent,1,1,1,1,0,0,0,0,0
internvl,rel::5/record_10.jpg,rel::5/record_10.jpg::th::ru,th,ru,dependent,0,1,0,1,1,1,0,0,0
internvl,rel::5/record_10.jpg,rel::5/record_10.jpg::th::zh,th,zh,dependent,0,1,1,1,1,0,1,0,-1
internvl,rel::5/record_10.jpg,rel::5/record_10.jpg::zh::en,zh,en,dependent,1,1,1,1,0,0,0,0,0
internvl,rel::5/record_10.jpg,rel::5/record_10.jpg::zh::ru,zh,ru,dependent,0,1,0,1,1,1,0,0,0
internvl,rel::5/record_10.jpg,rel::5/record_10.jpg::zh::th,zh,th,dependent,0,0,0,0,0,0,0,0,0
internvl,rel::5/record_11.jpg,rel::5/record_11.jpg::en::ru,en,ru,dependent,1,1,1,1,0,0,0,0,0
internvl,rel::5/record_11.jpg,rel::5/record_11.jpg::en::th,en,th,dependent,1,1,1,1,0,0,0,0,0
internvl,rel::5/record_11.jpg,rel::5/record_11.jpg::en::zh,en,zh,dependent,1,1,1,1,0,0,0,0,0
internvl,rel::5/record_11.jpg,rel::5/record_11.jpg::ru::en,ru,en,dependent,1,1,1,1,0,0,0,0,0
internvl,rel::5/record_11.jpg,rel::5/record_11.jpg::ru::th,ru,th,dependent,1,1,0,1,0,1,-1,0,1
internvl,rel::5/record_11.jpg,rel::5/record_11.jpg::ru::zh,ru,zh,dependent,1,1,1,1,0,0,0,0,0
internvl,rel::5/record_11.jpg,rel::5/record_11.jpg::th::en,th,en,dependent,1,1,1,1,0,0,0,0,0
internvl,rel::5/record_11.jpg,rel::5/record_11.jpg::th::ru,th,ru,dependent,1,1,1,1,0,0,0,0,0
internvl,rel::5/record_11.jpg,rel::5/record_11.jpg::th::zh,th,zh,dependent,1,1,1,1,0,0,0,0,0
internvl,rel::5/record_11.jpg,rel::5/record_11.jpg::zh::en,zh,en,dependent,1,1,1,1,0,0,0,0,0
internvl,rel::5/record_11.jpg,rel::5/record_11.jpg::zh::ru,zh,ru,dependent,1,1,1,1,0,0,0,0,0
internvl,rel::5/record_11.jpg,rel::5/record_11.jpg::zh::th,zh,th,dependent,1,1,1,1,0,0,0,0,0
internvl,rel::5/record_12.jpg,rel::5/record_12.jpg::en::ru,en,ru,dependent,1,1,1,0,0,-1,0,-1,-1
internvl,rel::5/record_12.jpg,rel::5/record_12.jpg::en::th,en,th,dependent,1,0,0,0,-1,0,-1,0,1
internvl,rel::5/record_12.jpg,rel::5/record_12.jpg::en::zh,en,zh,dependent,1,1,0,0,0,0,-1,-1,0
internvl,rel::5/record_12.jpg,rel::5/record_12.jpg::ru::en,ru,en,dependent,1,0,1,1,-1,0,0,1,1
internvl,rel::5/record_12.jpg,rel::5/record_12.jpg::ru::th,ru,th,dependent,1,1,0,0,0,0,-1,-1,0
internvl,rel::5/record_12.jpg,rel::5/record_12.jpg::ru::zh,ru,zh,dependent,1,0,0,0,-1,0,-1,0,1
internvl,rel::5/record_12.jpg,rel::5/record_12.jpg::th::en,th,en,dependent,0,0,0,1,0,1,0,1,1
internvl,rel::5/record_12.jpg,rel::5/record_12.jpg::th::ru,th,ru,dependent,1,0,1,0,-1,-1,0,0,0
internvl,rel::5/record_12.jpg,rel::5/record_12.jpg::th::zh,th,zh,dependent,0,0,0,0,0,0,0,0,0
internvl,rel::5/record_12.jpg,rel::5/record_12.jpg::zh::en,zh,en,dependent,1,1,1,1,0,0,0,0,0
internvl,rel::5/record_12.jpg,rel::5/record_12.jpg::zh::ru,zh,ru,dependent,0,1,0,0,1,0,0,-1,-1
internvl,rel::5/record_12.jpg,rel::5/record_12.jpg::zh::th,zh,th,dependent,0,0,0,0,0,0,0,0,0
internvl,rel::5/record_13.jpg,rel::5/record_13.jpg::en::ru,en,ru,independent,1,1,1,1,0,0,0,0,0
internvl,rel::5/record_13.jpg,rel::5/record_13.jpg::en::th,en,th,independent,1,1,1,1,0,0,0,0,0
internvl,rel::5/record_13.jpg,rel::5/record_13.jpg::en::zh,en,zh,independent,1,1,1,1,0,0,0,0,0
internvl,rel::5/record_13.jpg,rel::5/record_13.jpg::ru::en,ru,en,independent,1,1,1,1,0,0,0,0,0
internvl,rel::5/record_13.jpg,rel::5/record_13.jpg::ru::th,ru,th,independent,1,1,1,1,0,0,0,0,0
internvl,rel::5/record_13.jpg,rel::5/record_13.jpg::ru::zh,ru,zh,independent,1,1,1,1,0,0,0,0,0
internvl,rel::5/record_13.jpg,rel::5/record_13.jpg::th::en,th,en,independent,1,1,1,1,0,0,0,0,0
internvl,rel::5/record_13.jpg,rel::5/record_13.jpg::th::ru,th,ru,independent,1,1,1,1,0,0,0,0,0
internvl,rel::5/record_13.jpg,rel::5/record_13.jpg::th::zh,th,zh,independent,1,1,1,1,0,0,0,0,0
internvl,rel::5/record_13.jpg,rel::5/record_13.jpg::zh::en,zh,en,independent,1,1,1,1,0,0,0,0,0
internvl,rel::5/record_13.jpg,rel::5/record_13.jpg::zh::ru,zh,ru,independent,1,1,1,1,0,0,0,0,0
internvl,rel::5/record_13.jpg,rel::5/record_13.jpg::zh::th,zh,th,independent,1,1,1,1,0,0,0,0,0
internvl,rel::5/record_14.jpg,rel::5/record_14.jpg::en::ru,en,ru,dependent,1,1,1,0,0,-1,0,-1,-1
internvl,rel::5/record_14.jpg,rel::5/record_14.jpg::en::th,en,th,dependent,1,1,1,1,0,0,0,0,0
internvl,rel::5/record_14.jpg,rel::5/record_14.jpg::en::zh,en,zh,dependent,1,1,1,1,0,0,0,0,0
internvl,rel::5/record_14.jpg,rel::5/record_14.jpg::ru::en,ru,en,dependent,1,1,1,1,0,0,0,0,0
internvl,rel::5/record_14.jpg,rel::5/record_14.jpg::ru::th,ru,th,dependent,1,1,1,1,0,0,0,0,0
internvl,rel::5/record_14.jpg,rel::5/record_14.jpg::ru::zh,ru,zh,dependent,1,1,1,1,0,0,0,0,0
internvl,rel::5/record_14.jpg,rel::5/record_14.jpg::th::en,th,en,dependent,1,1,1,1,0,0,0,0,0
internvl,rel::5/record_14.jpg,rel::5/record_14.jpg::th::ru,th,ru,dependent,1,1,1,0,0,-1,0,-1,-1
internvl,rel::5/record_14.jpg,rel::5/record_14.jpg::th::zh,th,zh,dependent,1,1,1,1,0,0,0,0,0
internvl,rel::5/record_14.jpg,rel::5/record_14.jpg::zh::en,zh,en,dependent,1,1,1,1,0,0,0,0,0
internvl,rel::5/record_14.jpg,rel::5/record_14.jpg::zh::ru,zh,ru,dependent,1,1,1,0,0,-1,0,-1,-1
internvl,rel::5/record_14.jpg,rel::5/record_14.jpg::zh::th,zh,th,dependent,1,1,1,1,0,0,0,0,0
internvl,rel::5/record_15.jpg,rel::5/record_15.jpg::en::ru,en,ru,dependent,1,1,1,0,0,-1,0,-1,-1
internvl,rel::5/record_15.jpg,rel::5/record_15.jpg::en::th,en,th,dependent,1,1,0,0,0,0,-1,-1,0
internvl,rel::5/record_15.jpg,rel::5/record_15.jpg::en::zh,en,zh,dependent,1,1,1,1,0,0,0,0,0
internvl,rel::5/record_15.jpg,rel::5/record_15.jpg::ru::en,ru,en,dependent,1,0,1,1,-1,0,0,1,1
internvl,rel::5/record_15.jpg,rel::5/record_15.jpg::ru::th,ru,th,dependent,1,1,1,0,0,-1,0,-1,-1
internvl,rel::5/record_15.jpg,rel::5/record_15.jpg::ru::zh,ru,zh,dependent,1,1,1,1,0,0,0,0,0
internvl,rel::5/record_15.jpg,rel::5/record_15.jpg::th::en,th,en,dependent,1,1,1,1,0,0,0,0,0
internvl,rel::5/record_15.jpg,rel::5/record_15.jpg::th::ru,th,ru,dependent,0,1,1,0,1,-1,1,-1,-2
internvl,rel::5/record_15.jpg,rel::5/record_15.jpg::th::zh,th,zh,dependent,0,1,1,1,1,0,1,0,-1
internvl,rel::5/record_15.jpg,rel::5/record_15.jpg::zh::en,zh,en,dependent,1,1,1,1,0,0,0,0,0
internvl,rel::5/record_15.jpg,rel::5/record_15.jpg::zh::ru,zh,ru,dependent,1,1,1,0,0,-1,0,-1,-1
internvl,rel::5/record_15.jpg,rel::5/record_15.jpg::zh::th,zh,th,dependent,1,1,0,0,0,0,-1,-1,0
internvl,rel::5/record_16.jpg,rel::5/record_16.jpg::en::ru,en,ru,dependent,0,1,0,1,1,1,0,0,0
internvl,rel::5/record_16.jpg,rel::5/record_16.jpg::en::th,en,th,dependent,0,1,0,0,1,0,0,-1,-1
internvl,rel::5/record_16.jpg,rel::5/record_16.jpg::en::zh,en,zh,dependent,1,1,1,1,0,0,0,0,0
internvl,rel::5/record_16.jpg,rel::5/record_16.jpg::ru::en,ru,en,dependent,1,1,1,1,0,0,0,0,0
internvl,rel::5/record_16.jpg,rel::5/record_16.jpg::ru::th,ru,th,dependent,0,0,0,0,0,0,0,0,0
internvl,rel::5/record_16.jpg,rel::5/record_16.jpg::ru::zh,ru,zh,dependent,1,1,1,1,0,0,0,0,0
internvl,rel::5/record_16.jpg,rel::5/record_16.jpg::th::en,th,en,dependent,0,0,1,1,0,0,1,1,0
internvl,rel::5/record_16.jpg,rel::5/record_16.jpg::th::ru,th,ru,dependent,0,0,0,1,0,1,0,1,1
internvl,rel::5/record_16.jpg,rel::5/record_16.jpg::th::zh,th,zh,dependent,0,0,1,1,0,0,1,1,0
internvl,rel::5/record_16.jpg,rel::5/record_16.jpg::zh::en,zh,en,dependent,1,1,1,1,0,0,0,0,0
internvl,rel::5/record_16.jpg,rel::5/record_16.jpg::zh::ru,zh,ru,dependent,1,1,1,1,0,0,0,0,0
internvl,rel::5/record_16.jpg,rel::5/record_16.jpg::zh::th,zh,th,dependent,1,1,0,0,0,0,-1,-1,0
internvl,rel::5/record_17.jpg,rel::5/record_17.jpg::en::ru,en,ru,dependent,0,1,0,0,1,0,0,-1,-1
internvl,rel::5/record_17.jpg,rel::5/record_17.jpg::en::th,en,th,dependent,0,0,0,0,0,0,0,0,0
internvl,rel::5/record_17.jpg,rel::5/record_17.jpg::en::zh,en,zh,dependent,0,0,0,0,0,0,0,0,0
internvl,rel::5/record_17.jpg,rel::5/record_17.jpg::ru::en,ru,en,dependent,1,0,1,1,-1,0,0,1,1
internvl,rel::5/record_17.jpg,rel::5/record_17.jpg::ru::th,ru,th,dependent,0,0,0,0,0,0,0,0,0
internvl,rel::5/record_17.jpg,rel::5/record_17.jpg::ru::zh,ru,zh,dependent,0,0,0,0,0,0,0,0,0
internvl,rel::5/record_17.jpg,rel::5/record_17.jpg::th::en,th,en,dependent,0,0,1,1,0,0,1,1,0
internvl,rel::5/record_17.jpg,rel::5/record_17.jpg::th::ru,th,ru,dependent,0,0,0,0,0,0,0,0,0
internvl,rel::5/record_17.jpg,rel::5/record_17.jpg::th::zh,th,zh,dependent,0,0,0,0,0,0,0,0,0
internvl,rel::5/record_17.jpg,rel::5/record_17.jpg::zh::en,zh,en,dependent,1,1,1,1,0,0,0,0,0
internvl,rel::5/record_17.jpg,rel::5/record_17.jpg::zh::ru,zh,ru,dependent,0,1,0,0,1,0,0,-1,-1
internvl,rel::5/record_17.jpg,rel::5/record_17.jpg::zh::th,zh,th,dependent,0,0,0,0,0,0,0,0,0
internvl,rel::5/record_18.jpg,rel::5/record_18.jpg::en::ru,en,ru,dependent,0,1,1,1,1,0,1,0,-1
internvl,rel::5/record_18.jpg,rel::5/record_18.jpg::en::th,en,th,dependent,0,0,1,0,0,-1,1,0,-1
internvl,rel::5/record_18.jpg,rel::5/record_18.jpg::en::zh,en,zh,dependent,1,1,1,1,0,0,0,0,0
internvl,rel::5/record_18.jpg,rel::5/record_18.jpg::ru::en,ru,en,dependent,1,1,1,1,0,0,0,0,0
internvl,rel::5/record_18.jpg,rel::5/record_18.jpg::ru::th,ru,th,dependent,1,0,0,0,-1,0,-1,0,1
internvl,rel::5/record_18.jpg,rel::5/record_18.jpg::ru::zh,ru,zh,dependent,1,1,1,1,0,0,0,0,0
internvl,rel::5/record_18.jpg,rel::5/record_18.jpg::th::en,th,en,dependent,0,1,1,1,1,0,1,0,-1
internvl,rel::5/record_18.jpg,rel::5/record_18.jpg::th::ru,th,ru,dependent,0,0,1,1,0,0,1,1,0
internvl,rel::5/record_18.jpg,rel::5/record_18.jpg::th::zh,th,zh,dependent,0,1,1,1,1,0,1,0,-1
internvl,rel::5/record_18.jpg,rel::5/record_18.jpg::zh::en,zh,en,dependent,1,1,1,1,0,0,0,0,0
internvl,rel::5/record_18.jpg,rel::5/record_18.jpg::zh::ru,zh,ru,dependent,0,1,1,1,1,0,1,0,-1
internvl,rel::5/record_18.jpg,rel::5/record_18.jpg::zh::th,zh,th,dependent,0,0,1,0,0,-1,1,0,-1
internvl,rel::5/record_19.jpg,rel::5/record_19.jpg::en::ru,en,ru,dependent,1,1,1,1,0,0,0,0,0
internvl,rel::5/record_19.jpg,rel::5/record_19.jpg::en::th,en,th,dependent,0,0,0,0,0,0,0,0,0
internvl,rel::5/record_19.jpg,rel::5/record_19.jpg::en::zh,en,zh,dependent,0,0,0,0,0,0,0,0,0
internvl,rel::5/record_19.jpg,rel::5/record_19.jpg::ru::en,ru,en,dependent,1,1,0,1,0,1,-1,0,1
internvl,rel::5/record_19.jpg,rel::5/record_19.jpg::ru::th,ru,th,dependent,0,0,0,0,0,0,0,0,0
internvl,rel::5/record_19.jpg,rel::5/record_19.jpg::ru::zh,ru,zh,dependent,0,0,0,0,0,0,0,0,0
internvl,rel::5/record_19.jpg,rel::5/record_19.jpg::th::en,th,en,dependent,0,1,0,1,1,1,0,0,0
internvl,rel::5/record_19.jpg,rel::5/record_19.jpg::th::ru,th,ru,dependent,0,0,0,1,0,1,0,1,1
internvl,rel::5/record_19.jpg,rel::5/record_19.jpg::th::zh,th,zh,dependent,0,0,0,0,0,0,0,0,0
internvl,rel::5/record_19.jpg,rel::5/record_19.jpg::zh::en,zh,en,dependent,0,1,1,1,1,0,1,0,-1
internvl,rel::5/record_19.jpg,rel::5/record_19.jpg::zh::ru,zh,ru,dependent,0,0,0,1,0,1,0,1,1
internvl,rel::5/record_19.jpg,rel::5/record_19.jpg::zh::th,zh,th,dependent,0,0,0,0,0,0,0,0,0
internvl,rel::5/record_2.jpg,rel::5/record_2.jpg::en::ru,en,ru,dependent,1,1,1,0,0,-1,0,-1,-1
internvl,rel::5/record_2.jpg,rel::5/record_2.jpg::en::th,en,th,dependent,0,1,0,1,1,1,0,0,0
internvl,rel::5/record_2.jpg,rel::5/record_2.jpg::en::zh,en,zh,dependent,1,1,0,1,0,1,-1,0,1
internvl,rel::5/record_2.jpg,rel::5/record_2.jpg::ru::en,ru,en,dependent,0,1,0,1,1,1,0,0,0
internvl,rel::5/record_2.jpg,rel::5/record_2.jpg::ru::th,ru,th,dependent,0,1,0,1,1,1,0,0,0
internvl,rel::5/record_2.jpg,rel::5/record_2.jpg::ru::zh,ru,zh,dependent,0,1,0,1,1,1,0,0,0
internvl,rel::5/record_2.jpg,rel::5/record_2.jpg::th::en,th,en,dependent,0,0,0,1,0,1,0,1,1
internvl,rel::5/record_2.jpg,rel::5/record_2.jpg::th::ru,th,ru,dependent,1,0,1,0,-1,-1,0,0,0
internvl,rel::5/record_2.jpg,rel::5/record_2.jpg::th::zh,th,zh,dependent,0,0,0,1,0,1,0,1,1
internvl,rel::5/record_2.jpg,rel::5/record_2.jpg::zh::en,zh,en,dependent,1,1,1,1,0,0,0,0,0
internvl,rel::5/record_2.jpg,rel::5/record_2.jpg::zh::ru,zh,ru,dependent,0,1,0,0,1,0,0,-1,-1
internvl,rel::5/record_2.jpg,rel::5/record_2.jpg::zh::th,zh,th,dependent,0,1,0,1,1,1,0,0,0
internvl,rel::5/record_20.jpg,rel::5/record_20.jpg::en::ru,en,ru,dependent,1,0,1,0,-1,-1,0,0,0
internvl,rel::5/record_20.jpg,rel::5/record_20.jpg::en::th,en,th,dependent,1,1,1,1,0,0,0,0,0
internvl,rel::5/record_20.jpg,rel::5/record_20.jpg::en::zh,en,zh,dependent,1,1,1,1,0,0,0,0,0
internvl,rel::5/record_20.jpg,rel::5/record_20.jpg::ru::en,ru,en,dependent,1,0,0,1,-1,1,-1,1,2
internvl,rel::5/record_20.jpg,rel::5/record_20.jpg::ru::th,ru,th,dependent,1,1,0,1,0,1,-1,0,1
internvl,rel::5/record_20.jpg,rel::5/record_20.jpg::ru::zh,ru,zh,dependent,0,0,1,1,0,0,1,1,0
internvl,rel::5/record_20.jpg,rel::5/record_20.jpg::th::en,th,en,dependent,1,1,1,1,0,0,0,0,0
internvl,rel::5/record_20.jpg,rel::5/record_20.jpg::th::ru,th,ru,dependent,1,0,1,0,-1,-1,0,0,0
internvl,rel::5/record_20.jpg,rel::5/record_20.jpg::th::zh,th,zh,dependent,1,1,1,1,0,0,0,0,0
internvl,rel::5/record_20.jpg,rel::5/record_20.jpg::zh::en,zh,en,dependent,1,1,1,1,0,0,0,0,0
internvl,rel::5/record_20.jpg,rel::5/record_20.jpg::zh::ru,zh,ru,dependent,1,1,1,0,0,-1,0,-1,-1
internvl,rel::5/record_20.jpg,rel::5/record_20.jpg::zh::th,zh,th,dependent,1,1,1,1,0,0,0,0,0
internvl,rel::5/record_3.jpg,rel::5/record_3.jpg::en::th,en,th,dependent,0,0,0,0,0,0,0,0,0
internvl,rel::5/record_3.jpg,rel::5/record_3.jpg::en::zh,en,zh,dependent,0,0,1,0,0,-1,1,0,-1
internvl,rel::5/record_3.jpg,rel::5/record_3.jpg::th::en,th,en,dependent,0,0,1,1,0,0,1,1,0
internvl,rel::5/record_3.jpg,rel::5/record_3.jpg::th::zh,th,zh,dependent,0,0,1,0,0,-1,1,0,-1
internvl,rel::5/record_3.jpg,rel::5/record_3.jpg::zh::en,zh,en,dependent,1,1,1,1,0,0,0,0,0
internvl,rel::5/record_3.jpg,rel::5/record_3.jpg::zh::th,zh,th,dependent,1,1,0,0,0,0,-1,-1,0
internvl,rel::5/record_4.jpg,rel::5/record_4.jpg::en::ru,en,ru,independent,1,1,1,1,0,0,0,0,0
internvl,rel::5/record_4.jpg,rel::5/record_4.jpg::en::th,en,th,independent,1,1,1,1,0,0,0,0,0
internvl,rel::5/record_4.jpg,rel::5/record_4.jpg::en::zh,en,zh,independent,1,1,1,1,0,0,0,0,0
internvl,rel::5/record_4.jpg,rel::5/record_4.jpg::ru::en,ru,en,independent,1,1,1,1,0,0,0,0,0
internvl,rel::5/record_4.jpg,rel::5/record_4.jpg::ru::th,ru,th,independent,1,1,1,1,0,0,0,0,0
internvl,rel::5/record_4.jpg,rel::5/record_4.jpg::ru::zh,ru,zh,independent,1,1,1,1,0,0,0,0,0
internvl,rel::5/record_4.jpg,rel::5/record_4.jpg::th::en,th,en,independent,1,1,1,1,0,0,0,0,0
internvl,rel::5/record_4.jpg,rel::5/record_4.jpg::th::ru,th,ru,independent,1,1,1,1,0,0,0,0,0
internvl,rel::5/record_4.jpg,rel::5/record_4.jpg::th::zh,th,zh,independent,1,1,1,1,0,0,0,0,0
internvl,rel::5/record_4.jpg,rel::5/record_4.jpg::zh::en,zh,en,independent,1,1,1,1,0,0,0,0,0
internvl,rel::5/record_4.jpg,rel::5/record_4.jpg::zh::ru,zh,ru,independent,1,1,1,1,0,0,0,0,0
internvl,rel::5/record_4.jpg,rel::5/record_4.jpg::zh::th,zh,th,independent,1,1,1,1,0,0,0,0,0
internvl,rel::5/record_5.jpg,rel::5/record_5.jpg::en::ru,en,ru,dependent,1,1,1,1,0,0,0,0,0
internvl,rel::5/record_5.jpg,rel::5/record_5.jpg::en::th,en,th,dependent,1,1,1,1,0,0,0,0,0
internvl,rel::5/record_5.jpg,rel::5/record_5.jpg::en::zh,en,zh,dependent,1,1,1,1,0,0,0,0,0
internvl,rel::5/record_5.jpg,rel::5/record_5.jpg::ru::en,ru,en,dependent,1,1,1,1,0,0,0,0,0
internvl,rel::5/record_5.jpg,rel::5/record_5.jpg::ru::th,ru,th,dependent,1,1,1,1,0,0,0,0,0
internvl,rel::5/record_5.jpg,rel::5/record_5.jpg::ru::zh,ru,zh,dependent,1,1,1,1,0,0,0,0,0
internvl,rel::5/record_5.jpg,rel::5/record_5.jpg::th::en,th,en,dependent,1,1,1,1,0,0,0,0,0
internvl,rel::5/record_5.jpg,rel::5/record_5.jpg::th::ru,th,ru,dependent,1,1,1,1,0,0,0,0,0
internvl,rel::5/record_5.jpg,rel::5/record_5.jpg::th::zh,th,zh,dependent,1,1,1,1,0,0,0,0,0
internvl,rel::5/record_5.jpg,rel::5/record_5.jpg::zh::en,zh,en,dependent,1,1,1,1,0,0,0,0,0
internvl,rel::5/record_5.jpg,rel::5/record_5.jpg::zh::ru,zh,ru,dependent,1,1,1,1,0,0,0,0,0
internvl,rel::5/record_5.jpg,rel::5/record_5.jpg::zh::th,zh,th,dependent,1,1,1,1,0,0,0,0,0
internvl,rel::5/record_6.jpg,rel::5/record_6.jpg::en::ru,en,ru,independent,1,1,1,1,0,0,0,0,0
internvl,rel::5/record_6.jpg,rel::5/record_6.jpg::en::th,en,th,independent,1,1,1,1,0,0,0,0,0
internvl,rel::5/record_6.jpg,rel::5/record_6.jpg::en::zh,en,zh,independent,1,1,1,1,0,0,0,0,0
internvl,rel::5/record_6.jpg,rel::5/record_6.jpg::ru::en,ru,en,independent,1,1,1,1,0,0,0,0,0
internvl,rel::5/record_6.jpg,rel::5/record_6.jpg::ru::th,ru,th,independent,1,1,1,1,0,0,0,0,0
internvl,rel::5/record_6.jpg,rel::5/record_6.jpg::ru::zh,ru,zh,independent,1,1,1,1,0,0,0,0,0
internvl,rel::5/record_6.jpg,rel::5/record_6.jpg::th::en,th,en,independent,1,1,1,1,0,0,0,0,0
internvl,rel::5/record_6.jpg,rel::5/record_6.jpg::th::ru,th,ru,independent,1,1,1,1,0,0,0,0,0
internvl,rel::5/record_6.jpg,rel::5/record_6.jpg::th::zh,th,zh,independent,1,1,1,1,0,0,0,0,0
internvl,rel::5/record_6.jpg,rel::5/record_6.jpg::zh::en,zh,en,independent,1,1,1,1,0,0,0,0,0
internvl,rel::5/record_6.jpg,rel::5/record_6.jpg::zh::ru,zh,ru,independent,1,1,1,1,0,0,0,0,0
internvl,rel::5/record_6.jpg,rel::5/record_6.jpg::zh::th,zh,th,independent,1,1,1,1,0,0,0,0,0
internvl,rel::5/record_7.jpg,rel::5/record_7.jpg::en::ru,en,ru,dependent,1,1,1,1,0,0,0,0,0
internvl,rel::5/record_7.jpg,rel::5/record_7.jpg::en::th,en,th,dependent,1,1,1,1,0,0,0,0,0
internvl,rel::5/record_7.jpg,rel::5/record_7.jpg::en::zh,en,zh,dependent,1,1,1,1,0,0,0,0,0
internvl,rel::5/record_7.jpg,rel::5/record_7.jpg::ru::en,ru,en,dependent,1,1,1,1,0,0,0,0,0
internvl,rel::5/record_7.jpg,rel::5/record_7.jpg::ru::th,ru,th,dependent,1,1,1,1,0,0,0,0,0
internvl,rel::5/record_7.jpg,rel::5/record_7.jpg::ru::zh,ru,zh,dependent,1,1,1,1,0,0,0,0,0
internvl,rel::5/record_7.jpg,rel::5/record_7.jpg::th::en,th,en,dependent,1,1,1,1,0,0,0,0,0
internvl,rel::5/record_7.jpg,rel::5/record_7.jpg::th::ru,th,ru,dependent,1,1,1,1,0,0,0,0,0
internvl,rel::5/record_7.jpg,rel::5/record_7.jpg::th::zh,th,zh,dependent,1,1,1,1,0,0,0,0,0
internvl,rel::5/record_7.jpg,rel::5/record_7.jpg::zh::en,zh,en,dependent,1,1,1,1,0,0,0,0,0
internvl,rel::5/record_7.jpg,rel::5/record_7.jpg::zh::ru,zh,ru,dependent,1,1,1,1,0,0,0,0,0
internvl,rel::5/record_7.jpg,rel::5/record_7.jpg::zh::th,zh,th,dependent,1,1,1,1,0,0,0,0,0
internvl,rel::5/record_8.jpg,rel::5/record_8.jpg::en::ru,en,ru,dependent,1,0,0,1,-1,1,-1,1,2
internvl,rel::5/record_8.jpg,rel::5/record_8.jpg::en::th,en,th,dependent,1,1,0,0,0,0,-1,-1,0
internvl,rel::5/record_8.jpg,rel::5/record_8.jpg::en::zh,en,zh,dependent,1,1,0,0,0,0,-1,-1,0
internvl,rel::5/record_8.jpg,rel::5/record_8.jpg::ru::en,ru,en,dependent,1,1,1,1,0,0,0,0,0
internvl,rel::5/record_8.jpg,rel::5/record_8.jpg::ru::th,ru,th,dependent,1,1,0,0,0,0,-1,-1,0
internvl,rel::5/record_8.jpg,rel::5/record_8.jpg::ru::zh,ru,zh,dependent,1,0,1,0,-1,-1,0,0,0
internvl,rel::5/record_8.jpg,rel::5/record_8.jpg::th::en,th,en,dependent,0,0,1,1,0,0,1,1,0
internvl,rel::5/record_8.jpg,rel::5/record_8.jpg::th::ru,th,ru,dependent,0,0,1,1,0,0,1,1,0
internvl,rel::5/record_8.jpg,rel::5/record_8.jpg::th::zh,th,zh,dependent,0,0,1,0,0,-1,1,0,-1
internvl,rel::5/record_8.jpg,rel::5/record_8.jpg::zh::en,zh,en,dependent,0,0,1,1,0,0,1,1,0
internvl,rel::5/record_8.jpg,rel::5/record_8.jpg::zh::ru,zh,ru,dependent,0,0,0,1,0,1,0,1,1
internvl,rel::5/record_8.jpg,rel::5/record_8.jpg::zh::th,zh,th,dependent,0,0,0,0,0,0,0,0,0
internvl,rel::5/record_9.jpg,rel::5/record_9.jpg::en::ru,en,ru,independent,1,1,0,0,0,0,-1,-1,0
internvl,rel::5/record_9.jpg,rel::5/record_9.jpg::en::th,en,th,independent,1,1,1,1,0,0,0,0,0
internvl,rel::5/record_9.jpg,rel::5/record_9.jpg::en::zh,en,zh,independent,1,1,1,1,0,0,0,0,0
internvl,rel::5/record_9.jpg,rel::5/record_9.jpg::ru::en,ru,en,independent,0,1,1,1,1,0,1,0,-1
internvl,rel::5/record_9.jpg,rel::5/record_9.jpg::ru::th,ru,th,independent,1,1,1,1,0,0,0,0,0
internvl,rel::5/record_9.jpg,rel::5/record_9.jpg::ru::zh,ru,zh,independent,0,0,1,1,0,0,1,1,0
internvl,rel::5/record_9.jpg,rel::5/record_9.jpg::th::en,th,en,independent,0,0,1,1,0,0,1,1,0
internvl,rel::5/record_9.jpg,rel::5/record_9.jpg::th::ru,th,ru,independent,0,0,0,0,0,0,0,0,0
internvl,rel::5/record_9.jpg,rel::5/record_9.jpg::th::zh,th,zh,independent,0,0,1,1,0,0,1,1,0
internvl,rel::5/record_9.jpg,rel::5/record_9.jpg::zh::en,zh,en,independent,1,1,1,1,0,0,0,0,0
internvl,rel::5/record_9.jpg,rel::5/record_9.jpg::zh::ru,zh,ru,independent,1,1,1,0,0,-1,0,-1,-1
internvl,rel::5/record_9.jpg,rel::5/record_9.jpg::zh::th,zh,th,independent,1,1,0,1,0,1,-1,0,1
internvl,rel::6/camera_1.jpg,rel::6/camera_1.jpg::en::ru,en,ru,dependent,1,1,1,1,0,0,0,0,0
internvl,rel::6/camera_1.jpg,rel::6/camera_1.jpg::en::th,en,th,dependent,0,1,1,1,1,0,1,0,-1
internvl,rel::6/camera_1.jpg,rel::6/camera_1.jpg::en::zh,en,zh,dependent,1,1,1,1,0,0,0,0,0
internvl,rel::6/camera_1.jpg,rel::6/camera_1.jpg::ru::en,ru,en,dependent,1,1,1,1,0,0,0,0,0
internvl,rel::6/camera_1.jpg,rel::6/camera_1.jpg::ru::th,ru,th,dependent,1,1,1,1,0,0,0,0,0
internvl,rel::6/camera_1.jpg,rel::6/camera_1.jpg::ru::zh,ru,zh,dependent,1,1,1,1,0,0,0,0,0
internvl,rel::6/camera_1.jpg,rel::6/camera_1.jpg::th::en,th,en,dependent,1,1,1,1,0,0,0,0,0
internvl,rel::6/camera_1.jpg,rel::6/camera_1.jpg::th::ru,th,ru,dependent,1,1,1,1,0,0,0,0,0
internvl,rel::6/camera_1.jpg,rel::6/camera_1.jpg::th::zh,th,zh,dependent,1,1,1,1,0,0,0,0,0
internvl,rel::6/camera_1.jpg,rel::6/camera_1.jpg::zh::en,zh,en,dependent,1,1,1,1,0,0,0,0,0
internvl,rel::6/camera_1.jpg,rel::6/camera_1.jpg::zh::ru,zh,ru,dependent,1,1,1,1,0,0,0,0,0
internvl,rel::6/camera_1.jpg,rel::6/camera_1.jpg::zh::th,zh,th,dependent,0,1,1,1,1,0,1,0,-1
internvl,rel::6/camera_10.jpg,rel::6/camera_10.jpg::en::ru,en,ru,independent,0,0,0,0,0,0,0,0,0
internvl,rel::6/camera_10.jpg,rel::6/camera_10.jpg::en::th,en,th,independent,0,0,1,1,0,0,1,1,0
internvl,rel::6/camera_10.jpg,rel::6/camera_10.jpg::en::zh,en,zh,independent,0,0,0,0,0,0,0,0,0
internvl,rel::6/camera_10.jpg,rel::6/camera_10.jpg::ru::en,ru,en,independent,0,0,0,0,0,0,0,0,0
internvl,rel::6/camera_10.jpg,rel::6/camera_10.jpg::ru::th,ru,th,independent,0,0,1,1,0,0,1,1,0
internvl,rel::6/camera_10.jpg,rel::6/camera_10.jpg::ru::zh,ru,zh,independent,0,0,0,0,0,0,0,0,0
internvl,rel::6/camera_10.jpg,rel::6/camera_10.jpg::th::en,th,en,independent,1,1,0,0,0,0,-1,-1,0
internvl,rel::6/camera_10.jpg,rel::6/camera_10.jpg::th::ru,th,ru,independent,1,1,0,0,0,0,-1,-1,0
internvl,rel::6/camera_10.jpg,rel::6/camera_10.jpg::th::zh,th,zh,independent,1,1,0,0,0,0,-1,-1,0
internvl,rel::6/camera_10.jpg,rel::6/camera_10.jpg::zh::en,zh,en,independent,0,0,0,0,0,0,0,0,0
internvl,rel::6/camera_10.jpg,rel::6/camera_10.jpg::zh::ru,zh,ru,independent,0,0,0,0,0,0,0,0,0
internvl,rel::6/camera_10.jpg,rel::6/camera_10.jpg::zh::th,zh,th,independent,0,0,1,1,0,0,1,1,0
internvl,rel::6/camera_2.jpg,rel::6/camera_2.jpg::en::ru,en,ru,independent,1,1,1,1,0,0,0,0,0
internvl,rel::6/camera_2.jpg,rel::6/camera_2.jpg::en::th,en,th,independent,1,1,0,0,0,0,-1,-1,0
internvl,rel::6/camera_2.jpg,rel::6/camera_2.jpg::en::zh,en,zh,independent,1,1,0,0,0,0,-1,-1,0
internvl,rel::6/camera_2.jpg,rel::6/camera_2.jpg::ru::en,ru,en,independent,1,1,1,1,0,0,0,0,0
internvl,rel::6/camera_2.jpg,rel::6/camera_2.jpg::ru::th,ru,th,independent,1,1,0,0,0,0,-1,-1,0
internvl,rel::6/camera_2.jpg,rel::6/camera_2.jpg::ru::zh,ru,zh,independent,0,0,0,0,0,0,0,0,0
internvl,rel::6/camera_2.jpg,rel::6/camera_2.jpg::th::en,th,en,independent,0,0,1,1,0,0,1,1,0
internvl,rel::6/camera_2.jpg,rel::6/camera_2.jpg::th::ru,th,ru,independent,0,0,1,1,0,0,1,1,0
internvl,rel::6/camera_2.jpg,rel::6/camera_2.jpg::th::zh,th,zh,independent,0,0,0,0,0,0,0,0,0
internvl,rel::6/camera_2.jpg,rel::6/camera_2.jpg::zh::en,zh,en,independent,0,0,1,1,0,0,1,1,0
internvl,rel::6/camera_2.jpg,rel::6/camera_2.jpg::zh::ru,zh,ru,independent,0,0,1,1,0,0,1,1,0
internvl,rel::6/camera_2.jpg,rel::6/camera_2.jpg::zh::th,zh,th,independent,0,0,0,0,0,0,0,0,0
internvl,rel::6/camera_3.jpg,rel::6/camera_3.jpg::en::ru,en,ru,independent,0,0,0,0,0,0,0,0,0
internvl,rel::6/camera_3.jpg,rel::6/camera_3.jpg::en::th,en,th,independent,0,0,0,0,0,0,0,0,0
internvl,rel::6/camera_3.jpg,rel::6/camera_3.jpg::en::zh,en,zh,independent,0,0,0,0,0,0,0,0,0
internvl,rel::6/camera_3.jpg,rel::6/camera_3.jpg::ru::en,ru,en,independent,0,0,0,0,0,0,0,0,0
internvl,rel::6/camera_3.jpg,rel::6/camera_3.jpg::ru::th,ru,th,independent,0,0,0,0,0,0,0,0,0
internvl,rel::6/camera_3.jpg,rel::6/camera_3.jpg::ru::zh,ru,zh,independent,0,0,0,0,0,0,0,0,0
internvl,rel::6/camera_3.jpg,rel::6/camera_3.jpg::th::en,th,en,independent,0,0,0,0,0,0,0,0,0
internvl,rel::6/camera_3.jpg,rel::6/camera_3.jpg::th::ru,th,ru,independent,0,0,0,0,0,0,0,0,0
internvl,rel::6/camera_3.jpg,rel::6/camera_3.jpg::th::zh,th,zh,independent,0,0,0,0,0,0,0,0,0
internvl,rel::6/camera_3.jpg,rel::6/camera_3.jpg::zh::en,zh,en,independent,0,0,0,0,0,0,0,0,0
internvl,rel::6/camera_3.jpg,rel::6/camera_3.jpg::zh::ru,zh,ru,independent,0,0,0,0,0,0,0,0,0
internvl,rel::6/camera_3.jpg,rel::6/camera_3.jpg::zh::th,zh,th,independent,0,0,0,0,0,0,0,0,0
internvl,rel::6/camera_4.jpg,rel::6/camera_4.jpg::en::ru,en,ru,dependent,0,1,0,1,1,1,0,0,0
internvl,rel::6/camera_4.jpg,rel::6/camera_4.jpg::en::th,en,th,dependent,0,0,1,1,0,0,1,1,0
internvl,rel::6/camera_4.jpg,rel::6/camera_4.jpg::en::zh,en,zh,dependent,0,1,0,1,1,1,0,0,0
internvl,rel::6/camera_4.jpg,rel::6/camera_4.jpg::ru::en,ru,en,dependent,1,1,1,1,0,0,0,0,0
internvl,rel::6/camera_4.jpg,rel::6/camera_4.jpg::ru::th,ru,th,dependent,0,0,1,1,0,0,1,1,0
internvl,rel::6/camera_4.jpg,rel::6/camera_4.jpg::ru::zh,ru,zh,dependent,0,1,0,1,1,1,0,0,0
internvl,rel::6/camera_4.jpg,rel::6/camera_4.jpg::th::en,th,en,dependent,1,1,0,1,0,1,-1,0,1
internvl,rel::6/camera_4.jpg,rel::6/camera_4.jpg::th::ru,th,ru,dependent,0,1,0,1,1,1,0,0,0
internvl,rel::6/camera_4.jpg,rel::6/camera_4.jpg::th::zh,th,zh,dependent,1,1,0,1,0,1,-1,0,1
internvl,rel::6/camera_4.jpg,rel::6/camera_4.jpg::zh::en,zh,en,dependent,1,1,1,1,0,0,0,0,0
internvl,rel::6/camera_4.jpg,rel::6/camera_4.jpg::zh::ru,zh,ru,dependent,0,1,0,1,1,1,0,0,0
internvl,rel::6/camera_4.jpg,rel::6/camera_4.jpg::zh::th,zh,th,dependent,0,0,1,1,0,0,1,1,0
internvl,rel::6/camera_5.jpg,rel::6/camera_5.jpg::en::ru,en,ru,dependent,0,0,1,1,0,0,1,1,0
internvl,rel::6/camera_5.jpg,rel::6/camera_5.jpg::en::th,en,th,dependent,0,0,1,1,0,0,1,1,0
internvl,rel::6/camera_5.jpg,rel::6/camera_5.jpg::en::zh,en,zh,dependent,0,0,1,1,0,0,1,1,0
internvl,rel::6/camera_5.jpg,rel::6/camera_5.jpg::ru::en,ru,en,dependent,1,1,0,0,0,0,-1,-1,0
internvl,rel::6/camera_5.jpg,rel::6/camera_5.jpg::ru::th,ru,th,dependent,1,1,1,1,0,0,0,0,0
internvl,rel::6/camera_5.jpg,rel::6/camera_5.jpg::ru::zh,ru,zh,dependent,1,1,1,1,0,0,0,0,0
internvl,rel::6/camera_5.jpg,rel::6/camera_5.jpg::th::en,th,en,dependent,1,1,0,0,0,0,-1,-1,0
internvl,rel::6/camera_5.jpg,rel::6/camera_5.jpg::th::ru,th,ru,dependent,1,1,1,1,0,0,0,0,0
internvl,rel::6/camera_5.jpg,rel::6/camera_5.jpg::th::zh,th,zh,dependent,1,1,1,1,0,0,0,0,0
internvl,rel::6/camera_5.jpg,rel::6/camera_5.jpg::zh::en,zh,en,dependent,1,1,0,0,0,0,-1,-1,0
internvl,rel::6/camera_5.jpg,rel::6/camera_5.jpg::zh::ru,zh,ru,dependent,0,1,1,1,1,0,1,0,-1
internvl,rel::6/camera_5.jpg,rel::6/camera_5.jpg::zh::th,zh,th,dependent,1,0,1,1,-1,0,0,1,1
internvl,rel::6/camera_6.jpg,rel::6/camera_6.jpg::en::ru,en,ru,dependent,0,1,0,0,1,0,0,-1,-1
internvl,rel::6/camera_6.jpg,rel::6/camera_6.jpg::en::th,en,th,dependent,0,0,0,0,0,0,0,0,0
internvl,rel::6/camera_6.jpg,rel::6/camera_6.jpg::en::zh,en,zh,dependent,0,1,0,0,1,0,0,-1,-1
internvl,rel::6/camera_6.jpg,rel::6/camera_6.jpg::ru::en,ru,en,dependent,0,1,1,1,1,0,1,0,-1
internvl,rel::6/camera_6.jpg,rel::6/camera_6.jpg::ru::th,ru,th,dependent,0,0,0,0,0,0,0,0,0
internvl,rel::6/camera_6.jpg,rel::6/camera_6.jpg::ru::zh,ru,zh,dependent,0,0,0,0,0,0,0,0,0
internvl,rel::6/camera_6.jpg,rel::6/camera_6.jpg::th::en,th,en,dependent,0,0,0,1,0,1,0,1,1
internvl,rel::6/camera_6.jpg,rel::6/camera_6.jpg::th::ru,th,ru,dependent,0,0,0,0,0,0,0,0,0
internvl,rel::6/camera_6.jpg,rel::6/camera_6.jpg::th::zh,th,zh,dependent,0,0,0,0,0,0,0,0,0
internvl,rel::6/camera_6.jpg,rel::6/camera_6.jpg::zh::en,zh,en,dependent,1,1,0,1,0,1,-1,0,1
internvl,rel::6/camera_6.jpg,rel::6/camera_6.jpg::zh::ru,zh,ru,dependent,0,1,0,0,1,0,0,-1,-1
internvl,rel::6/camera_6.jpg,rel::6/camera_6.jpg::zh::th,zh,th,dependent,0,0,0,0,0,0,0,0,0
internvl,rel::6/camera_7.jpg,rel::6/camera_7.jpg::en::ru,en,ru,independent,0,0,0,0,0,0,0,0,0
internvl,rel::6/camera_7.jpg,rel::6/camera_7.jpg::en::th,en,th,independent,0,0,0,0,0,0,0,0,0
internvl,rel::6/camera_7.jpg,rel::6/camera_7.jpg::en::zh,en,zh,independent,0,0,0,1,0,1,0,1,1
internvl,rel::6/camera_7.jpg,rel::6/camera_7.jpg::ru::en,ru,en,independent,0,0,0,0,0,0,0,0,0
internvl,rel::6/camera_7.jpg,rel::6/camera_7.jpg::ru::th,ru,th,independent,0,0,0,0,0,0,0,0,0
internvl,rel::6/camera_7.jpg,rel::6/camera_7.jpg::ru::zh,ru,zh,independent,0,0,0,1,0,1,0,1,1
internvl,rel::6/camera_7.jpg,rel::6/camera_7.jpg::th::en,th,en,independent,0,0,0,0,0,0,0,0,0
internvl,rel::6/camera_7.jpg,rel::6/camera_7.jpg::th::ru,th,ru,independent,0,0,0,0,0,0,0,0,0
internvl,rel::6/camera_7.jpg,rel::6/camera_7.jpg::th::zh,th,zh,independent,0,0,0,1,0,1,0,1,1
internvl,rel::6/camera_7.jpg,rel::6/camera_7.jpg::zh::en,zh,en,independent,1,0,1,0,-1,-1,0,0,0
internvl,rel::6/camera_7.jpg,rel::6/camera_7.jpg::zh::ru,zh,ru,independent,0,0,0,0,0,0,0,0,0
internvl,rel::6/camera_7.jpg,rel::6/camera_7.jpg::zh::th,zh,th,independent,1,0,0,0,-1,0,-1,0,1
internvl,rel::6/camera_8.jpg,rel::6/camera_8.jpg::en::ru,en,ru,dependent,1,1,1,0,0,-1,0,-1,-1
internvl,rel::6/camera_8.jpg,rel::6/camera_8.jpg::en::th,en,th,dependent,0,0,0,0,0,0,0,0,0
internvl,rel::6/camera_8.jpg,rel::6/camera_8.jpg::en::zh,en,zh,dependent,1,0,1,0,-1,-1,0,0,0
internvl,rel::6/camera_8.jpg,rel::6/camera_8.jpg::ru::en,ru,en,dependent,0,0,1,1,0,0,1,1,0
internvl,rel::6/camera_8.jpg,rel::6/camera_8.jpg::ru::th,ru,th,dependent,0,0,1,0,0,-1,1,0,-1
internvl,rel::6/camera_8.jpg,rel::6/camera_8.jpg::ru::zh,ru,zh,dependent,0,0,1,0,0,-1,1,0,-1
internvl,rel::6/camera_8.jpg,rel::6/camera_8.jpg::th::en,th,en,dependent,0,0,1,1,0,0,1,1,0
internvl,rel::6/camera_8.jpg,rel::6/camera_8.jpg::th::ru,th,ru,dependent,0,0,1,0,0,-1,1,0,-1
internvl,rel::6/camera_8.jpg,rel::6/camera_8.jpg::th::zh,th,zh,dependent,0,0,0,0,0,0,0,0,0
internvl,rel::6/camera_8.jpg,rel::6/camera_8.jpg::zh::en,zh,en,dependent,1,0,1,1,-1,0,0,1,1
internvl,rel::6/camera_8.jpg,rel::6/camera_8.jpg::zh::ru,zh,ru,dependent,1,1,0,0,0,0,-1,-1,0
internvl,rel::6/camera_8.jpg,rel::6/camera_8.jpg::zh::th,zh,th,dependent,1,0,1,0,-1,-1,0,0,0
internvl,rel::6/camera_9.jpg,rel::6/camera_9.jpg::en::ru,en,ru,dependent,0,0,0,0,0,0,0,0,0
internvl,rel::6/camera_9.jpg,rel::6/camera_9.jpg::en::th,en,th,dependent,0,0,0,0,0,0,0,0,0
internvl,rel::6/camera_9.jpg,rel::6/camera_9.jpg::en::zh,en,zh,dependent,0,0,0,0,0,0,0,0,0
internvl,rel::6/camera_9.jpg,rel::6/camera_9.jpg::ru::en,ru,en,dependent,0,0,0,0,0,0,0,0,0
internvl,rel::6/camera_9.jpg,rel::6/camera_9.jpg::ru::th,ru,th,dependent,0,0,0,0,0,0,0,0,0
internvl,rel::6/camera_9.jpg,rel::6/camera_9.jpg::ru::zh,ru,zh,dependent,0,0,0,0,0,0,0,0,0
internvl,rel::6/camera_9.jpg,rel::6/camera_9.jpg::th::en,th,en,dependent,0,0,0,0,0,0,0,0,0
internvl,rel::6/camera_9.jpg,rel::6/camera_9.jpg::th::ru,th,ru,dependent,0,0,0,0,0,0,0,0,0
internvl,rel::6/camera_9.jpg,rel::6/camera_9.jpg::th::zh,th,zh,dependent,0,0,0,0,0,0,0,0,0
internvl,rel::6/camera_9.jpg,rel::6/camera_9.jpg::zh::en,zh,en,dependent,0,0,0,0,0,0,0,0,0
internvl,rel::6/camera_9.jpg,rel::6/camera_9.jpg::zh::ru,zh,ru,dependent,1,0,0,0,-1,0,-1,0,1
internvl,rel::6/camera_9.jpg,rel::6/camera_9.jpg::zh::th,zh,th,dependent,0,0,0,0,0,0,0,0,0
internvl,rel::6/health_1.jpg,rel::6/health_1.jpg::en::ru,en,ru,dependent,0,1,0,1,1,1,0,0,0
internvl,rel::6/health_1.jpg,rel::6/health_1.jpg::en::th,en,th,dependent,0,0,0,0,0,0,0,0,0
internvl,rel::6/health_1.jpg,rel::6/health_1.jpg::en::zh,en,zh,dependent,1,1,0,1,0,1,-1,0,1
internvl,rel::6/health_1.jpg,rel::6/health_1.jpg::ru::en,ru,en,dependent,1,1,1,1,0,0,0,0,0
internvl,rel::6/health_1.jpg,rel::6/health_1.jpg::ru::th,ru,th,dependent,0,0,0,0,0,0,0,0,0
internvl,rel::6/health_1.jpg,rel::6/health_1.jpg::ru::zh,ru,zh,dependent,1,1,0,1,0,1,-1,0,1
internvl,rel::6/health_1.jpg,rel::6/health_1.jpg::th::en,th,en,dependent,0,0,0,1,0,1,0,1,1
internvl,rel::6/health_1.jpg,rel::6/health_1.jpg::th::ru,th,ru,dependent,0,0,0,1,0,1,0,1,1
internvl,rel::6/health_1.jpg,rel::6/health_1.jpg::th::zh,th,zh,dependent,0,1,1,1,1,0,1,0,-1
internvl,rel::6/health_1.jpg,rel::6/health_1.jpg::zh::en,zh,en,dependent,1,1,1,1,0,0,0,0,0
internvl,rel::6/health_1.jpg,rel::6/health_1.jpg::zh::ru,zh,ru,dependent,0,1,0,1,1,1,0,0,0
internvl,rel::6/health_1.jpg,rel::6/health_1.jpg::zh::th,zh,th,dependent,0,0,0,0,0,0,0,0,0
internvl,rel::6/health_10.jpg,rel::6/health_10.jpg::en::ru,en,ru,dependent,1,1,1,1,0,0,0,0,0
internvl,rel::6/health_10.jpg,rel::6/health_10.jpg::en::th,en,th,dependent,0,1,0,0,1,0,0,-1,-1
internvl,rel::6/health_10.jpg,rel::6/health_10.jpg::en::zh,en,zh,dependent,1,1,1,1,0,0,0,0,0
internvl,rel::6/health_10.jpg,rel::6/health_10.jpg::ru::en,ru,en,dependent,1,1,1,1,0,0,0,0,0
internvl,rel::6/health_10.jpg,rel::6/health_10.jpg::ru::th,ru,th,dependent,1,1,0,0,0,0,-1,-1,0
internvl,rel::6/health_10.jpg,rel::6/health_10.jpg::ru::zh,ru,zh,dependent,1,1,1,1,0,0,0,0,0
internvl,rel::6/health_10.jpg,rel::6/health_10.jpg::th::en,th,en,dependent,0,1,1,1,1,0,1,0,-1
internvl,rel::6/health_10.jpg,rel::6/health_10.jpg::th::ru,th,ru,dependent,0,1,1,1,1,0,1,0,-1
internvl,rel::6/health_10.jpg,rel::6/health_10.jpg::th::zh,th,zh,dependent,1,1,1,1,0,0,0,0,0
internvl,rel::6/health_10.jpg,rel::6/health_10.jpg::zh::en,zh,en,dependent,1,1,1,1,0,0,0,0,0
internvl,rel::6/health_10.jpg,rel::6/health_10.jpg::zh::ru,zh,ru,dependent,1,1,1,1,0,0,0,0,0
internvl,rel::6/health_10.jpg,rel::6/health_10.jpg::zh::th,zh,th,dependent,1,1,0,0,0,0,-1,-1,0
internvl,rel::6/health_2.jpg,rel::6/health_2.jpg::en::ru,en,ru,dependent,0,1,1,1,1,0,1,0,-1
internvl,rel::6/health_2.jpg,rel::6/health_2.jpg::en::th,en,th,dependent,1,0,1,1,-1,0,0,1,1
internvl,rel::6/health_2.jpg,rel::6/health_2.jpg::en::zh,en,zh,dependent,1,1,1,1,0,0,0,0,0
internvl,rel::6/health_2.jpg,rel::6/health_2.jpg::ru::en,ru,en,dependent,1,1,1,1,0,0,0,0,0
internvl,rel::6/health_2.jpg,rel::6/health_2.jpg::ru::th,ru,th,dependent,0,1,1,1,1,0,1,0,-1
internvl,rel::6/health_2.jpg,rel::6/health_2.jpg::ru::zh,ru,zh,dependent,1,1,1,1,0,0,0,0,0
internvl,rel::6/health_2.jpg,rel::6/health_2.jpg::th::en,th,en,dependent,1,1,0,1,0,1,-1,0,1
internvl,rel::6/health_2.jpg,rel::6/health_2.jpg::th::ru,th,ru,dependent,1,1,1,1,0,0,0,0,0
internvl,rel::6/health_2.jpg,rel::6/health_2.jpg::th::zh,th,zh,dependent,1,1,1,1,0,0,0,0,0
internvl,rel::6/health_2.jpg,rel::6/health_2.jpg::zh::en,zh,en,dependent,1,1,1,1,0,0,0,0,0
internvl,rel::6/health_2.jpg,rel::6/health_2.jpg::zh::ru,zh,ru,dependent,0,1,1,1,1,0,1,0,-1
internvl,rel::6/health_2.jpg,rel::6/health_2.jpg::zh::th,zh,th,dependent,1,1,1,1,0,0,0,0,0
internvl,rel::6/health_3.jpg,rel::6/health_3.jpg::en::ru,en,ru,dependent,0,0,0,0,0,0,0,0,0
internvl,rel::6/health_3.jpg,rel::6/health_3.jpg::en::zh,en,zh,dependent,1,1,1,1,0,0,0,0,0
internvl,rel::6/health_3.jpg,rel::6/health_3.jpg::ru::en,ru,en,dependent,0,1,0,1,1,1,0,0,0
internvl,rel::6/health_3.jpg,rel::6/health_3.jpg::ru::zh,ru,zh,dependent,1,1,1,1,0,0,0,0,0
internvl,rel::6/health_3.jpg,rel::6/health_3.jpg::zh::en,zh,en,dependent,1,1,1,1,0,0,0,0,0
internvl,rel::6/health_3.jpg,rel::6/health_3.jpg::zh::ru,zh,ru,dependent,0,0,0,0,0,0,0,0,0
internvl,rel::6/health_4.jpg,rel::6/health_4.jpg::en::ru,en,ru,independent,1,1,1,1,0,0,0,0,0
internvl,rel::6/health_4.jpg,rel::6/health_4.jpg::en::th,en,th,independent,1,1,0,1,0,1,-1,0,1
internvl,rel::6/health_4.jpg,rel::6/health_4.jpg::en::zh,en,zh,independent,0,0,0,0,0,0,0,0,0
internvl,rel::6/health_4.jpg,rel::6/health_4.jpg::ru::en,ru,en,independent,0,0,0,0,0,0,0,0,0
internvl,rel::6/health_4.jpg,rel::6/health_4.jpg::ru::th,ru,th,independent,1,1,0,1,0,1,-1,0,1
internvl,rel::6/health_4.jpg,rel::6/health_4.jpg::ru::zh,ru,zh,independent,0,0,0,0,0,0,0,0,0
internvl,rel::6/health_4.jpg,rel::6/health_4.jpg::th::en,th,en,independent,1,0,1,0,-1,-1,0,0,0
internvl,rel::6/health_4.jpg,rel::6/health_4.jpg::th::ru,th,ru,independent,1,1,1,1,0,0,0,0,0
internvl,rel::6/health_4.jpg,rel::6/health_4.jpg::th::zh,th,zh,independent,1,0,1,0,-1,-1,0,0,0
internvl,rel::6/health_4.jpg,rel::6/health_4.jpg::zh::en,zh,en,independent,0,0,0,0,0,0,0,0,0
internvl,rel::6/health_4.jpg,rel::6/health_4.jpg::zh::ru,zh,ru,independent,1,1,1,1,0,0,0,0,0
internvl,rel::6/health_4.jpg,rel::6/health_4.jpg::zh::th,zh,th,independent,1,1,1,1,0,0,0,0,0
internvl,rel::6/health_5.jpg,rel::6/health_5.jpg::en::ru,en,ru,dependent,1,1,1,1,0,0,0,0,0
internvl,rel::6/health_5.jpg,rel::6/health_5.jpg::en::th,en,th,dependent,1,1,0,0,0,0,-1,-1,0
internvl,rel::6/health_5.jpg,rel::6/health_5.jpg::en::zh,en,zh,dependent,1,1,0,1,0,1,-1,0,1
internvl,rel::6/health_5.jpg,rel::6/health_5.jpg::ru::en,ru,en,dependent,1,1,1,1,0,0,0,0,0
internvl,rel::6/health_5.jpg,rel::6/health_5.jpg::ru::th,ru,th,dependent,1,1,0,0,0,0,-1,-1,0
internvl,rel::6/health_5.jpg,rel::6/health_5.jpg::ru::zh,ru,zh,dependent,1,1,0,1,0,1,-1,0,1
internvl,rel::6/health_5.jpg,rel::6/health_5.jpg::th::en,th,en,dependent,0,0,1,1,0,0,1,1,0
internvl,rel::6/health_5.jpg,rel::6/health_5.jpg::th::ru,th,ru,dependent,0,0,1,1,0,0,1,1,0
internvl,rel::6/health_5.jpg,rel::6/health_5.jpg::th::zh,th,zh,dependent,0,0,1,1,0,0,1,1,0
internvl,rel::6/health_5.jpg,rel::6/health_5.jpg::zh::en,zh,en,dependent,1,1,1,1,0,0,0,0,0
internvl,rel::6/health_5.jpg,rel::6/health_5.jpg::zh::ru,zh,ru,dependent,0,0,1,1,0,0,1,1,0
internvl,rel::6/health_5.jpg,rel::6/health_5.jpg::zh::th,zh,th,dependent,0,0,0,0,0,0,0,0,0
internvl,rel::6/health_6.jpg,rel::6/health_6.jpg::en::ru,en,ru,dependent,1,1,0,1,0,1,-1,0,1
internvl,rel::6/health_6.jpg,rel::6/health_6.jpg::en::th,en,th,dependent,1,1,1,0,0,-1,0,-1,-1
internvl,rel::6/health_6.jpg,rel::6/health_6.jpg::en::zh,en,zh,dependent,1,1,1,1,0,0,0,0,0
internvl,rel::6/health_6.jpg,rel::6/health_6.jpg::ru::en,ru,en,dependent,1,1,1,1,0,0,0,0,0
internvl,rel::6/health_6.jpg,rel::6/health_6.jpg::ru::th,ru,th,dependent,1,1,1,0,0,-1,0,-1,-1
internvl,rel::6/health_6.jpg,rel::6/health_6.jpg::ru::zh,ru,zh,dependent,1,1,1,1,0,0,0,0,0
internvl,rel::6/health_6.jpg,rel::6/health_6.jpg::th::en,th,en,dependent,1,1,1,1,0,0,0,0,0
internvl,rel::6/health_6.jpg,rel::6/health_6.jpg::th::ru,th,ru,dependent,0,1,0,1,1,1,0,0,0
internvl,rel::6/health_6.jpg,rel::6/health_6.jpg::th::zh,th,zh,dependent,1,1,1,1,0,0,0,0,0
internvl,rel::6/health_6.jpg,rel::6/health_6.jpg::zh::en,zh,en,dependent,1,1,1,1,0,0,0,0,0
internvl,rel::6/health_6.jpg,rel::6/health_6.jpg::zh::ru,zh,ru,dependent,0,1,0,1,1,1,0,0,0
internvl,rel::6/health_6.jpg,rel::6/health_6.jpg::zh::th,zh,th,dependent,1,0,1,0,-1,-1,0,0,0
internvl,rel::6/health_7.jpg,rel::6/health_7.jpg::en::ru,en,ru,dependent,0,0,0,0,0,0,0,0,0
internvl,rel::6/health_7.jpg,rel::6/health_7.jpg::en::th,en,th,dependent,0,0,0,0,0,0,0,0,0
internvl,rel::6/health_7.jpg,rel::6/health_7.jpg::en::zh,en,zh,dependent,0,0,0,0,0,0,0,0,0
internvl,rel::6/health_7.jpg,rel::6/health_7.jpg::ru::en,ru,en,dependent,0,0,0,0,0,0,0,0,0
internvl,rel::6/health_7.jpg,rel::6/health_7.jpg::ru::th,ru,th,dependent,0,0,0,0,0,0,0,0,0
internvl,rel::6/health_7.jpg,rel::6/health_7.jpg::ru::zh,ru,zh,dependent,0,0,0,0,0,0,0,0,0
internvl,rel::6/health_7.jpg,rel::6/health_7.jpg::th::en,th,en,dependent,1,1,1,0,0,-1,0,-1,-1
internvl,rel::6/health_7.jpg,rel::6/health_7.jpg::th::ru,th,ru,dependent,0,0,0,0,0,0,0,0,0
internvl,rel::6/health_7.jpg,rel::6/health_7.jpg::th::zh,th,zh,dependent,0,0,0,0,0,0,0,0,0
internvl,rel::6/health_7.jpg,rel::6/health_7.jpg::zh::en,zh,en,dependent,0,0,0,0,0,0,0,0,0
internvl,rel::6/health_7.jpg,rel::6/health_7.jpg::zh::ru,zh,ru,dependent,0,0,0,0,0,0,0,0,0
internvl,rel::6/health_7.jpg,rel::6/health_7.jpg::zh::th,zh,th,dependent,0,0,0,0,0,0,0,0,0
internvl,rel::6/health_8.jpg,rel::6/health_8.jpg::en::ru,en,ru,independent,1,1,1,1,0,0,0,0,0
internvl,rel::6/health_8.jpg,rel::6/health_8.jpg::en::th,en,th,independent,1,1,1,1,0,0,0,0,0
internvl,rel::6/health_8.jpg,rel::6/health_8.jpg::en::zh,en,zh,independent,1,1,1,1,0,0,0,0,0
internvl,rel::6/health_8.jpg,rel::6/health_8.jpg::ru::en,ru,en,independent,1,1,1,1,0,0,0,0,0
internvl,rel::6/health_8.jpg,rel::6/health_8.jpg::ru::th,ru,th,independent,1,1,1,1,0,0,0,0,0
internvl,rel::6/health_8.jpg,rel::6/health_8.jpg::ru::zh,ru,zh,independent,1,1,1,1,0,0,0,0,0
internvl,rel::6/health_8.jpg,rel::6/health_8.jpg::th::en,th,en,independent,1,1,1,1,0,0,0,0,0
internvl,rel::6/health_8.jpg,rel::6/health_8.jpg::th::ru,th,ru,independent,1,1,1,1,0,0,0,0,0
internvl,rel::6/health_8.jpg,rel::6/health_8.jpg::th::zh,th,zh,independent,1,1,1,1,0,0,0,0,0
internvl,rel::6/health_8.jpg,rel::6/health_8.jpg::zh::en,zh,en,independent,1,1,1,1,0,0,0,0,0
internvl,rel::6/health_8.jpg,rel::6/health_8.jpg::zh::ru,zh,ru,independent,1,1,1,1,0,0,0,0,0
internvl,rel::6/health_8.jpg,rel::6/health_8.jpg::zh::th,zh,th,independent,1,1,1,1,0,0,0,0,0
internvl,rel::6/health_9.jpg,rel::6/health_9.jpg::en::ru,en,ru,dependent,1,0,0,0,-1,0,-1,0,1
internvl,rel::6/health_9.jpg,rel::6/health_9.jpg::en::th,en,th,dependent,0,0,1,1,0,0,1,1,0
internvl,rel::6/health_9.jpg,rel::6/health_9.jpg::en::zh,en,zh,dependent,1,1,0,0,0,0,-1,-1,0
internvl,rel::6/health_9.jpg,rel::6/health_9.jpg::ru::en,ru,en,dependent,0,0,1,1,0,0,1,1,0
internvl,rel::6/health_9.jpg,rel::6/health_9.jpg::ru::th,ru,th,dependent,0,0,1,1,0,0,1,1,0
internvl,rel::6/health_9.jpg,rel::6/health_9.jpg::ru::zh,ru,zh,dependent,0,0,0,0,0,0,0,0,0
internvl,rel::6/health_9.jpg,rel::6/health_9.jpg::th::en,th,en,dependent,1,1,1,1,0,0,0,0,0
internvl,rel::6/health_9.jpg,rel::6/health_9.jpg::th::ru,th,ru,dependent,1,1,0,0,0,0,-1,-1,0
internvl,rel::6/health_9.jpg,rel::6/health_9.jpg::th::zh,th,zh,dependent,1,1,0,0,0,0,-1,-1,0
internvl,rel::6/health_9.jpg,rel::6/health_9.jpg::zh::en,zh,en,dependent,0,0,1,1,0,0,1,1,0
internvl,rel::6/health_9.jpg,rel::6/health_9.jpg::zh::ru,zh,ru,dependent,1,1,1,0,0,-1,0,-1,-1
internvl,rel::6/health_9.jpg,rel::6/health_9.jpg::zh::th,zh,th,dependent,0,0,1,1,0,0,1,1,0
internvl,rel::6/message_1.jpg,rel::6/message_1.jpg::en::ru,en,ru,independent,1,1,0,0,0,0,-1,-1,0
internvl,rel::6/message_1.jpg,rel::6/message_1.jpg::en::th,en,th,independent,1,1,0,0,0,0,-1,-1,0
internvl,rel::6/message_1.jpg,rel::6/message_1.jpg::en::zh,en,zh,independent,1,1,1,1,0,0,0,0,0
internvl,rel::6/message_1.jpg,rel::6/message_1.jpg::ru::en,ru,en,independent,0,1,1,1,1,0,1,0,-1
internvl,rel::6/message_1.jpg,rel::6/message_1.jpg::ru::th,ru,th,independent,0,0,0,0,0,0,0,0,0
internvl,rel::6/message_1.jpg,rel::6/message_1.jpg::ru::zh,ru,zh,independent,0,0,1,1,0,0,1,1,0
internvl,rel::6/message_1.jpg,rel::6/message_1.jpg::th::en,th,en,independent,1,1,1,1,0,0,0,0,0
internvl,rel::6/message_1.jpg,rel::6/message_1.jpg::th::ru,th,ru,independent,0,0,0,0,0,0,0,0,0
internvl,rel::6/message_1.jpg,rel::6/message_1.jpg::th::zh,th,zh,independent,1,1,1,1,0,0,0,0,0
internvl,rel::6/message_1.jpg,rel::6/message_1.jpg::zh::en,zh,en,independent,1,1,1,1,0,0,0,0,0
internvl,rel::6/message_1.jpg,rel::6/message_1.jpg::zh::ru,zh,ru,independent,1,1,0,0,0,0,-1,-1,0
internvl,rel::6/message_1.jpg,rel::6/message_1.jpg::zh::th,zh,th,independent,1,1,0,0,0,0,-1,-1,0
internvl,rel::6/message_10.jpg,rel::6/message_10.jpg::en::ru,en,ru,dependent,0,0,0,0,0,0,0,0,0
internvl,rel::6/message_10.jpg,rel::6/message_10.jpg::en::th,en,th,dependent,0,0,1,0,0,-1,1,0,-1
internvl,rel::6/message_10.jpg,rel::6/message_10.jpg::en::zh,en,zh,dependent,0,0,0,0,0,0,0,0,0
internvl,rel::6/message_10.jpg,rel::6/message_10.jpg::ru::en,ru,en,dependent,0,1,0,1,1,1,0,0,0
internvl,rel::6/message_10.jpg,rel::6/message_10.jpg::ru::th,ru,th,dependent,0,0,0,0,0,0,0,0,0
internvl,rel::6/message_10.jpg,rel::6/message_10.jpg::ru::zh,ru,zh,dependent,0,0,0,0,0,0,0,0,0
internvl,rel::6/message_10.jpg,rel::6/message_10.jpg::th::en,th,en,dependent,0,0,0,1,0,1,0,1,1
internvl,rel::6/message_10.jpg,rel::6/message_10.jpg::th::ru,th,ru,dependent,1,0,0,0,-1,0,-1,0,1
internvl,rel::6/message_10.jpg,rel::6/message_10.jpg::th::zh,th,zh,dependent,0,0,0,0,0,0,0,0,0
internvl,rel::6/message_10.jpg,rel::6/message_10.jpg::zh::en,zh,en,dependent,0,0,0,1,0,1,0,1,1
internvl,rel::6/message_10.jpg,rel::6/message_10.jpg::zh::ru,zh,ru,dependent,0,0,0,0,0,0,0,0,0
internvl,rel::6/message_10.jpg,rel::6/message_10.jpg::zh::th,zh,th,dependent,0,0,0,0,0,0,0,0,0
internvl,rel::6/message_2.jpg,rel::6/message_2.jpg::en::ru,en,ru,independent,1,1,1,1,0,0,0,0,0
internvl,rel::6/message_2.jpg,rel::6/message_2.jpg::en::th,en,th,independent,1,1,1,0,0,-1,0,-1,-1
internvl,rel::6/message_2.jpg,rel::6/message_2.jpg::en::zh,en,zh,independent,1,1,1,1,0,0,0,0,0
internvl,rel::6/message_2.jpg,rel::6/message_2.jpg::ru::en,ru,en,independent,1,1,1,1,0,0,0,0,0
internvl,rel::6/message_2.jpg,rel::6/message_2.jpg::ru::th,ru,th,independent,1,1,1,0,0,-1,0,-1,-1
internvl,rel::6/message_2.jpg,rel::6/message_2.jpg::ru::zh,ru,zh,independent,1,1,1,1,0,0,0,0,0
internvl,rel::6/message_2.jpg,rel::6/message_2.jpg::th::en,th,en,independent,1,1,1,1,0,0,0,0,0
internvl,rel::6/message_2.jpg,rel::6/message_2.jpg::th::ru,th,ru,independent,0,0,1,1,0,0,1,1,0
internvl,rel::6/message_2.jpg,rel::6/message_2.jpg::th::zh,th,zh,independent,0,0,1,1,0,0,1,1,0
internvl,rel::6/message_2.jpg,rel::6/message_2.jpg::zh::en,zh,en,independent,1,1,1,1,0,0,0,0,0
internvl,rel::6/message_2.jpg,rel::6/message_2.jpg::zh::ru,zh,ru,independent,1,1,1,1,0,0,0,0,0
internvl,rel::6/message_2.jpg,rel::6/message_2.jpg::zh::th,zh,th,independent,1,1,1,0,0,-1,0,-1,-1
internvl,rel::6/message_3.jpg,rel::6/message_3.jpg::en::ru,en,ru,dependent,1,1,1,1,0,0,0,0,0
internvl,rel::6/message_3.jpg,rel::6/message_3.jpg::en::th,en,th,dependent,1,1,1,1,0,0,0,0,0
internvl,rel::6/message_3.jpg,rel::6/message_3.jpg::en::zh,en,zh,dependent,1,1,1,1,0,0,0,0,0
internvl,rel::6/message_3.jpg,rel::6/message_3.jpg::ru::en,ru,en,dependent,1,1,1,1,0,0,0,0,0
internvl,rel::6/message_3.jpg,rel::6/message_3.jpg::ru::th,ru,th,dependent,1,1,1,1,0,0,0,0,0
internvl,rel::6/message_3.jpg,rel::6/message_3.jpg::ru::zh,ru,zh,dependent,1,1,1,1,0,0,0,0,0
internvl,rel::6/message_3.jpg,rel::6/message_3.jpg::th::en,th,en,dependent,0,1,1,1,1,0,1,0,-1
internvl,rel::6/message_3.jpg,rel::6/message_3.jpg::th::ru,th,ru,dependent,1,1,1,1,0,0,0,0,0
internvl,rel::6/message_3.jpg,rel::6/message_3.jpg::th::zh,th,zh,dependent,1,1,1,1,0,0,0,0,0
internvl,rel::6/message_3.jpg,rel::6/message_3.jpg::zh::en,zh,en,dependent,1,1,1,1,0,0,0,0,0
internvl,rel::6/message_3.jpg,rel::6/message_3.jpg::zh::ru,zh,ru,dependent,1,1,1,1,0,0,0,0,0
internvl,rel::6/message_3.jpg,rel::6/message_3.jpg::zh::th,zh,th,dependent,1,1,1,1,0,0,0,0,0
internvl,rel::6/message_7.jpg,rel::6/message_7.jpg::en::ru,en,ru,independent,1,1,1,1,0,0,0,0,0
internvl,rel::6/message_7.jpg,rel::6/message_7.jpg::en::th,en,th,independent,1,1,0,0,0,0,-1,-1,0
internvl,rel::6/message_7.jpg,rel::6/message_7.jpg::en::zh,en,zh,independent,1,1,1,1,0,0,0,0,0
internvl,rel::6/message_7.jpg,rel::6/message_7.jpg::ru::en,ru,en,independent,1,1,1,1,0,0,0,0,0
internvl,rel::6/message_7.jpg,rel::6/message_7.jpg::ru::th,ru,th,independent,1,1,0,0,0,0,-1,-1,0
internvl,rel::6/message_7.jpg,rel::6/message_7.jpg::ru::zh,ru,zh,independent,1,1,1,1,0,0,0,0,0
internvl,rel::6/message_7.jpg,rel::6/message_7.jpg::th::en,th,en,independent,0,0,1,1,0,0,1,1,0
internvl,rel::6/message_7.jpg,rel::6/message_7.jpg::th::ru,th,ru,independent,0,0,1,1,0,0,1,1,0
internvl,rel::6/message_7.jpg,rel::6/message_7.jpg::th::zh,th,zh,independent,0,1,1,1,1,0,1,0,-1
internvl,rel::6/message_7.jpg,rel::6/message_7.jpg::zh::en,zh,en,independent,1,1,1,1,0,0,0,0,0
internvl,rel::6/message_7.jpg,rel::6/message_7.jpg::zh::ru,zh,ru,independent,1,1,1,1,0,0,0,0,0
internvl,rel::6/message_7.jpg,rel::6/message_7.jpg::zh::th,zh,th,independent,1,1,0,0,0,0,-1,-1,0
internvl,rel::6/phone_1.jpg,rel::6/phone_1.jpg::en::ru,en,ru,independent,1,1,1,1,0,0,0,0,0
internvl,rel::6/phone_1.jpg,rel::6/phone_1.jpg::en::th,en,th,independent,1,1,1,1,0,0,0,0,0
internvl,rel::6/phone_1.jpg,rel::6/phone_1.jpg::en::zh,en,zh,independent,1,1,1,1,0,0,0,0,0
internvl,rel::6/phone_1.jpg,rel::6/phone_1.jpg::ru::en,ru,en,independent,1,1,1,1,0,0,0,0,0
internvl,rel::6/phone_1.jpg,rel::6/phone_1.jpg::ru::th,ru,th,independent,1,1,1,1,0,0,0,0,0
internvl,rel::6/phone_1.jpg,rel::6/phone_1.jpg::ru::zh,ru,zh,independent,1,1,1,1,0,0,0,0,0
internvl,rel::6/phone_1.jpg,rel::6/phone_1.jpg::th::en,th,en,independent,1,1,1,1,0,0,0,0,0
internvl,rel::6/phone_1.jpg,rel::6/phone_1.jpg::th::ru,th,ru,independent,1,1,1,1,0,0,0,0,0
internvl,rel::6/phone_1.jpg,rel::6/phone_1.jpg::th::zh,th,zh,independent,1,1,1,1,0,0,0,0,0
internvl,rel::6/phone_1.jpg,rel::6/phone_1.jpg::zh::en,zh,en,independent,1,1,1,1,0,0,0,0,0
internvl,rel::6/phone_1.jpg,rel::6/phone_1.jpg::zh::ru,zh,ru,independent,1,1,1,1,0,0,0,0,0
internvl,rel::6/phone_1.jpg,rel::6/phone_1.jpg::zh::th,zh,th,independent,1,1,1,1,0,0,0,0,0
internvl,rel::6/phone_10.jpg,rel::6/phone_10.jpg::en::ru,en,ru,independent,1,1,0,0,0,0,-1,-1,0
internvl,rel::6/phone_10.jpg,rel::6/phone_10.jpg::en::th,en,th,independent,1,1,0,0,0,0,-1,-1,0
internvl,rel::6/phone_10.jpg,rel::6/phone_10.jpg::en::zh,en,zh,independent,1,1,0,0,0,0,-1,-1,0
internvl,rel::6/phone_10.jpg,rel::6/phone_10.jpg::ru::en,ru,en,independent,1,1,1,1,0,0,0,0,0
internvl,rel::6/phone_10.jpg,rel::6/phone_10.jpg::ru::th,ru,th,independent,1,1,0,0,0,0,-1,-1,0
internvl,rel::6/phone_10.jpg,rel::6/phone_10.jpg::ru::zh,ru,zh,independent,0,0,0,0,0,0,0,0,0
internvl,rel::6/phone_10.jpg,rel::6/phone_10.jpg::th::en,th,en,independent,0,0,1,1,0,0,1,1,0
internvl,rel::6/phone_10.jpg,rel::6/phone_10.jpg::th::ru,th,ru,independent,0,0,0,0,0,0,0,0,0
internvl,rel::6/phone_10.jpg,rel::6/phone_10.jpg::th::zh,th,zh,independent,0,0,0,0,0,0,0,0,0
internvl,rel::6/phone_10.jpg,rel::6/phone_10.jpg::zh::en,zh,en,independent,0,0,1,1,0,0,1,1,0
internvl,rel::6/phone_10.jpg,rel::6/phone_10.jpg::zh::ru,zh,ru,independent,0,0,0,0,0,0,0,0,0
internvl,rel::6/phone_10.jpg,rel::6/phone_10.jpg::zh::th,zh,th,independent,0,0,0,0,0,0,0,0,0
internvl,rel::6/phone_2.jpg,rel::6/phone_2.jpg::en::ru,en,ru,independent,1,1,1,1,0,0,0,0,0
internvl,rel::6/phone_2.jpg,rel::6/phone_2.jpg::en::th,en,th,independent,1,1,0,0,0,0,-1,-1,0
internvl,rel::6/phone_2.jpg,rel::6/phone_2.jpg::en::zh,en,zh,independent,1,1,1,1,0,0,0,0,0
internvl,rel::6/phone_2.jpg,rel::6/phone_2.jpg::ru::en,ru,en,independent,1,1,1,1,0,0,0,0,0
internvl,rel::6/phone_2.jpg,rel::6/phone_2.jpg::ru::th,ru,th,independent,1,1,0,0,0,0,-1,-1,0
internvl,rel::6/phone_2.jpg,rel::6/phone_2.jpg::ru::zh,ru,zh,independent,1,1,1,1,0,0,0,0,0
internvl,rel::6/phone_2.jpg,rel::6/phone_2.jpg::th::en,th,en,independent,0,0,1,1,0,0,1,1,0
internvl,rel::6/phone_2.jpg,rel::6/phone_2.jpg::th::ru,th,ru,independent,0,0,1,1,0,0,1,1,0
internvl,rel::6/phone_2.jpg,rel::6/phone_2.jpg::th::zh,th,zh,independent,0,0,1,1,0,0,1,1,0
internvl,rel::6/phone_2.jpg,rel::6/phone_2.jpg::zh::en,zh,en,independent,1,1,1,1,0,0,0,0,0
internvl,rel::6/phone_2.jpg,rel::6/phone_2.jpg::zh::ru,zh,ru,independent,1,1,1,1,0,0,0,0,0
internvl,rel::6/phone_2.jpg,rel::6/phone_2.jpg::zh::th,zh,th,independent,1,1,0,0,0,0,-1,-1,0
internvl,rel::6/phone_3.jpg,rel::6/phone_3.jpg::en::ru,en,ru,independent,1,1,1,1,0,0,0,0,0
internvl,rel::6/phone_3.jpg,rel::6/phone_3.jpg::en::th,en,th,independent,1,1,0,0,0,0,-1,-1,0
internvl,rel::6/phone_3.jpg,rel::6/phone_3.jpg::en::zh,en,zh,independent,1,1,1,1,0,0,0,0,0
internvl,rel::6/phone_3.jpg,rel::6/phone_3.jpg::ru::en,ru,en,independent,1,1,1,1,0,0,0,0,0
internvl,rel::6/phone_3.jpg,rel::6/phone_3.jpg::ru::th,ru,th,independent,1,1,0,0,0,0,-1,-1,0
internvl,rel::6/phone_3.jpg,rel::6/phone_3.jpg::ru::zh,ru,zh,independent,1,1,1,1,0,0,0,0,0
internvl,rel::6/phone_3.jpg,rel::6/phone_3.jpg::th::en,th,en,independent,0,0,1,1,0,0,1,1,0
internvl,rel::6/phone_3.jpg,rel::6/phone_3.jpg::th::ru,th,ru,independent,0,0,1,1,0,0,1,1,0
internvl,rel::6/phone_3.jpg,rel::6/phone_3.jpg::th::zh,th,zh,independent,0,0,1,1,0,0,1,1,0
internvl,rel::6/phone_3.jpg,rel::6/phone_3.jpg::zh::en,zh,en,independent,1,1,1,1,0,0,0,0,0
internvl,rel::6/phone_3.jpg,rel::6/phone_3.jpg::zh::ru,zh,ru,independent,1,1,1,1,0,0,0,0,0
internvl,rel::6/phone_3.jpg,rel::6/phone_3.jpg::zh::th,zh,th,independent,1,1,0,0,0,0,-1,-1,0
internvl,rel::6/phone_4.jpg,rel::6/phone_4.jpg::en::ru,en,ru,dependent,0,0,0,0,0,0,0,0,0
internvl,rel::6/phone_4.jpg,rel::6/phone_4.jpg::en::th,en,th,dependent,0,0,0,0,0,0,0,0,0
internvl,rel::6/phone_4.jpg,rel::6/phone_4.jpg::en::zh,en,zh,dependent,1,0,1,1,-1,0,0,1,1
internvl,rel::6/phone_4.jpg,rel::6/phone_4.jpg::ru::en,ru,en,dependent,1,1,1,1,0,0,0,0,0
internvl,rel::6/phone_4.jpg,rel::6/phone_4.jpg::ru::th,ru,th,dependent,1,0,0,0,-1,0,-1,0,1
internvl,rel::6/phone_4.jpg,rel::6/phone_4.jpg::ru::zh,ru,zh,dependent,0,0,1,1,0,0,1,1,0
internvl,rel::6/phone_4.jpg,rel::6/phone_4.jpg::th::en,th,en,dependent,1,1,0,1,0,1,-1,0,1
internvl,rel::6/phone_4.jpg,rel::6/phone_4.jpg::th::ru,th,ru,dependent,0,1,0,0,1,0,0,-1,-1
internvl,rel::6/phone_4.jpg,rel::6/phone_4.jpg::th::zh,th,zh,dependent,1,0,1,1,-1,0,0,1,1
internvl,rel::6/phone_4.jpg,rel::6/phone_4.jpg::zh::en,zh,en,dependent,0,1,0,1,1,1,0,0,0
internvl,rel::6/phone_4.jpg,rel::6/phone_4.jpg::zh::ru,zh,ru,dependent,0,1,0,0,1,0,0,-1,-1
internvl,rel::6/phone_4.jpg,rel::6/phone_4.jpg::zh::th,zh,th,dependent,0,0,0,0,0,0,0,0,0
internvl,rel::6/phone_5.jpg,rel::6/phone_5.jpg::en::ru,en,ru,dependent,1,0,0,0,-1,0,-1,0,1
internvl,rel::6/phone_5.jpg,rel::6/phone_5.jpg::en::th,en,th,dependent,0,0,0,0,0,0,0,0,0
internvl,rel::6/phone_5.jpg,rel::6/phone_5.jpg::en::zh,en,zh,dependent,0,1,0,1,1,1,0,0,0
internvl,rel::6/phone_5.jpg,rel::6/phone_5.jpg::ru::en,ru,en,dependent,1,1,1,1,0,0,0,0,0
internvl,rel::6/phone_5.jpg,rel::6/phone_5.jpg::ru::th,ru,th,dependent,0,0,0,0,0,0,0,0,0
internvl,rel::6/phone_5.jpg,rel::6/phone_5.jpg::ru::zh,ru,zh,dependent,0,1,0,1,1,1,0,0,0
internvl,rel::6/phone_5.jpg,rel::6/phone_5.jpg::th::en,th,en,dependent,0,1,0,1,1,1,0,0,0
internvl,rel::6/phone_5.jpg,rel::6/phone_5.jpg::th::ru,th,ru,dependent,0,0,0,0,0,0,0,0,0
internvl,rel::6/phone_5.jpg,rel::6/phone_5.jpg::th::zh,th,zh,dependent,0,1,0,1,1,1,0,0,0
internvl,rel::6/phone_5.jpg,rel::6/phone_5.jpg::zh::en,zh,en,dependent,1,1,0,1,0,1,-1,0,1
internvl,rel::6/phone_5.jpg,rel::6/phone_5.jpg::zh::ru,zh,ru,dependent,0,1,0,0,1,0,0,-1,-1
internvl,rel::6/phone_5.jpg,rel::6/phone_5.jpg::zh::th,zh,th,dependent,0,0,0,0,0,0,0,0,0
internvl,rel::6/phone_6.jpg,rel::6/phone_6.jpg::en::ru,en,ru,independent,1,1,1,0,0,-1,0,-1,-1
internvl,rel::6/phone_6.jpg,rel::6/phone_6.jpg::en::th,en,th,independent,1,1,0,0,0,0,-1,-1,0
internvl,rel::6/phone_6.jpg,rel::6/phone_6.jpg::en::zh,en,zh,independent,1,0,0,0,-1,0,-1,0,1
internvl,rel::6/phone_6.jpg,rel::6/phone_6.jpg::ru::en,ru,en,independent,1,1,1,1,0,0,0,0,0
internvl,rel::6/phone_6.jpg,rel::6/phone_6.jpg::ru::th,ru,th,independent,1,0,0,0,-1,0,-1,0,1
internvl,rel::6/phone_6.jpg,rel::6/phone_6.jpg::ru::zh,ru,zh,independent,0,0,0,0,0,0,0,0,0
internvl,rel::6/phone_6.jpg,rel::6/phone_6.jpg::th::en,th,en,independent,0,0,1,1,0,0,1,1,0
internvl,rel::6/phone_6.jpg,rel::6/phone_6.jpg::th::ru,th,ru,independent,0,0,1,0,0,-1,1,0,-1
internvl,rel::6/phone_6.jpg,rel::6/phone_6.jpg::th::zh,th,zh,independent,0,0,0,0,0,0,0,0,0
internvl,rel::6/phone_6.jpg,rel::6/phone_6.jpg::zh::en,zh,en,independent,0,0,1,1,0,0,1,1,0
internvl,rel::6/phone_6.jpg,rel::6/phone_6.jpg::zh::ru,zh,ru,independent,0,0,1,0,0,-1,1,0,-1
internvl,rel::6/phone_6.jpg,rel::6/phone_6.jpg::zh::th,zh,th,independent,0,0,0,0,0,0,0,0,0
internvl,rel::6/phone_7.jpg,rel::6/phone_7.jpg::en::ru,en,ru,dependent,0,0,0,0,0,0,0,0,0
internvl,rel::6/phone_7.jpg,rel::6/phone_7.jpg::en::th,en,th,dependent,0,0,0,1,0,1,0,1,1
internvl,rel::6/phone_7.jpg,rel::6/phone_7.jpg::en::zh,en,zh,dependent,1,1,0,1,0,1,-1,0,1
internvl,rel::6/phone_7.jpg,rel::6/phone_7.jpg::ru::en,ru,en,dependent,0,1,0,1,1,1,0,0,0
internvl,rel::6/phone_7.jpg,rel::6/phone_7.jpg::ru::th,ru,th,dependent,0,0,0,1,0,1,0,1,1
internvl,rel::6/phone_7.jpg,rel::6/phone_7.jpg::ru::zh,ru,zh,dependent,0,1,0,1,1,1,0,0,0
internvl,rel::6/phone_7.jpg,rel::6/phone_7.jpg::th::en,th,en,dependent,1,1,1,1,0,0,0,0,0
internvl,rel::6/phone_7.jpg,rel::6/phone_7.jpg::th::ru,th,ru,dependent,1,0,0,0,-1,0,-1,0,1
internvl,rel::6/phone_7.jpg,rel::6/phone_7.jpg::th::zh,th,zh,dependent,1,1,0,1,0,1,-1,0,1
internvl,rel::6/phone_7.jpg,rel::6/phone_7.jpg::zh::en,zh,en,dependent,1,1,1,1,0,0,0,0,0
internvl,rel::6/phone_7.jpg,rel::6/phone_7.jpg::zh::ru,zh,ru,dependent,0,0,0,0,0,0,0,0,0
internvl,rel::6/phone_7.jpg,rel::6/phone_7.jpg::zh::th,zh,th,dependent,0,0,0,1,0,1,0,1,1
internvl,rel::6/phone_9.jpg,rel::6/phone_9.jpg::en::ru,en,ru,dependent,1,1,1,1,0,0,0,0,0
internvl,rel::6/phone_9.jpg,rel::6/phone_9.jpg::en::th,en,th,dependent,1,1,1,1,0,0,0,0,0
internvl,rel::6/phone_9.jpg,rel::6/phone_9.jpg::en::zh,en,zh,dependent,1,1,1,1,0,0,0,0,0
internvl,rel::6/phone_9.jpg,rel::6/phone_9.jpg::ru::en,ru,en,dependent,1,1,1,1,0,0,0,0,0
internvl,rel::6/phone_9.jpg,rel::6/phone_9.jpg::ru::th,ru,th,dependent,1,1,1,1,0,0,0,0,0
internvl,rel::6/phone_9.jpg,rel::6/phone_9.jpg::ru::zh,ru,zh,dependent,1,1,1,1,0,0,0,0,0
internvl,rel::6/phone_9.jpg,rel::6/phone_9.jpg::th::en,th,en,dependent,1,1,1,1,0,0,0,0,0
internvl,rel::6/phone_9.jpg,rel::6/phone_9.jpg::th::ru,th,ru,dependent,1,1,1,1,0,0,0,0,0
internvl,rel::6/phone_9.jpg,rel::6/phone_9.jpg::th::zh,th,zh,dependent,1,1,1,1,0,0,0,0,0
internvl,rel::6/phone_9.jpg,rel::6/phone_9.jpg::zh::en,zh,en,dependent,1,1,1,1,0,0,0,0,0
internvl,rel::6/phone_9.jpg,rel::6/phone_9.jpg::zh::ru,zh,ru,dependent,1,1,1,1,0,0,0,0,0
internvl,rel::6/phone_9.jpg,rel::6/phone_9.jpg::zh::th,zh,th,dependent,1,1,1,1,0,0,0,0,0
internvl,rel::6/record_1.jpg,rel::6/record_1.jpg::en::ru,en,ru,dependent,1,1,1,1,0,0,0,0,0
internvl,rel::6/record_1.jpg,rel::6/record_1.jpg::en::th,en,th,dependent,1,0,0,0,-1,0,-1,0,1
internvl,rel::6/record_1.jpg,rel::6/record_1.jpg::en::zh,en,zh,dependent,1,1,1,1,0,0,0,0,0
internvl,rel::6/record_1.jpg,rel::6/record_1.jpg::ru::en,ru,en,dependent,1,1,1,1,0,0,0,0,0
internvl,rel::6/record_1.jpg,rel::6/record_1.jpg::ru::th,ru,th,dependent,1,0,0,0,-1,0,-1,0,1
internvl,rel::6/record_1.jpg,rel::6/record_1.jpg::ru::zh,ru,zh,dependent,1,1,1,1,0,0,0,0,0
internvl,rel::6/record_1.jpg,rel::6/record_1.jpg::th::en,th,en,dependent,1,1,1,1,0,0,0,0,0
internvl,rel::6/record_1.jpg,rel::6/record_1.jpg::th::ru,th,ru,dependent,0,0,0,1,0,1,0,1,1
internvl,rel::6/record_1.jpg,rel::6/record_1.jpg::th::zh,th,zh,dependent,0,1,1,1,1,0,1,0,-1
internvl,rel::6/record_1.jpg,rel::6/record_1.jpg::zh::en,zh,en,dependent,1,1,1,1,0,0,0,0,0
internvl,rel::6/record_1.jpg,rel::6/record_1.jpg::zh::ru,zh,ru,dependent,1,1,1,1,0,0,0,0,0
internvl,rel::6/record_1.jpg,rel::6/record_1.jpg::zh::th,zh,th,dependent,1,1,0,0,0,0,-1,-1,0
internvl,rel::6/record_5.jpg,rel::6/record_5.jpg::en::ru,en,ru,dependent,0,1,0,1,1,1,0,0,0
internvl,rel::6/record_5.jpg,rel::6/record_5.jpg::en::th,en,th,dependent,0,0,0,0,0,0,0,0,0
internvl,rel::6/record_5.jpg,rel::6/record_5.jpg::en::zh,en,zh,dependent,1,1,1,1,0,0,0,0,0
internvl,rel::6/record_5.jpg,rel::6/record_5.jpg::ru::en,ru,en,dependent,1,1,1,1,0,0,0,0,0
internvl,rel::6/record_5.jpg,rel::6/record_5.jpg::ru::th,ru,th,dependent,0,0,0,0,0,0,0,0,0
internvl,rel::6/record_5.jpg,rel::6/record_5.jpg::ru::zh,ru,zh,dependent,0,1,1,1,1,0,1,0,-1
internvl,rel::6/record_5.jpg,rel::6/record_5.jpg::th::en,th,en,dependent,1,1,1,1,0,0,0,0,0
internvl,rel::6/record_5.jpg,rel::6/record_5.jpg::th::ru,th,ru,dependent,0,1,0,1,1,1,0,0,0
internvl,rel::6/record_5.jpg,rel::6/record_5.jpg::th::zh,th,zh,dependent,1,1,1,1,0,0,0,0,0
internvl,rel::6/record_5.jpg,rel::6/record_5.jpg::zh::en,zh,en,dependent,1,1,1,1,0,0,0,0,0
internvl,rel::6/record_5.jpg,rel::6/record_5.jpg::zh::ru,zh,ru,dependent,0,1,0,1,1,1,0,0,0
internvl,rel::6/record_5.jpg,rel::6/record_5.jpg::zh::th,zh,th,dependent,0,0,0,0,0,0,0,0,0
internvl,rel::6/safari_10.jpg,rel::6/safari_10.jpg::en::ru,en,ru,dependent,1,1,0,0,0,0,-1,-1,0
internvl,rel::6/safari_10.jpg,rel::6/safari_10.jpg::en::th,en,th,dependent,0,0,0,0,0,0,0,0,0
internvl,rel::6/safari_10.jpg,rel::6/safari_10.jpg::en::zh,en,zh,dependent,1,1,1,1,0,0,0,0,0
internvl,rel::6/safari_10.jpg,rel::6/safari_10.jpg::ru::en,ru,en,dependent,0,0,0,1,0,1,0,1,1
internvl,rel::6/safari_10.jpg,rel::6/safari_10.jpg::ru::th,ru,th,dependent,0,0,1,0,0,-1,1,0,-1
internvl,rel::6/safari_10.jpg,rel::6/safari_10.jpg::ru::zh,ru,zh,dependent,0,0,0,1,0,1,0,1,1
internvl,rel::6/safari_10.jpg,rel::6/safari_10.jpg::th::en,th,en,dependent,0,1,0,1,1,1,0,0,0
internvl,rel::6/safari_10.jpg,rel::6/safari_10.jpg::th::ru,th,ru,dependent,0,1,0,0,1,0,0,-1,-1
internvl,rel::6/safari_10.jpg,rel::6/safari_10.jpg::th::zh,th,zh,dependent,1,1,1,1,0,0,0,0,0
internvl,rel::6/safari_10.jpg,rel::6/safari_10.jpg::zh::en,zh,en,dependent,1,1,1,1,0,0,0,0,0
internvl,rel::6/safari_10.jpg,rel::6/safari_10.jpg::zh::ru,zh,ru,dependent,0,0,0,0,0,0,0,0,0
internvl,rel::6/safari_10.jpg,rel::6/safari_10.jpg::zh::th,zh,th,dependent,0,0,0,0,0,0,0,0,0
internvl,rel::6/safari_2.jpg,rel::6/safari_2.jpg::en::ru,en,ru,dependent,0,0,0,0,0,0,0,0,0
internvl,rel::6/safari_2.jpg,rel::6/safari_2.jpg::en::th,en,th,dependent,0,0,0,0,0,0,0,0,0
internvl,rel::6/safari_2.jpg,rel::6/safari_2.jpg::en::zh,en,zh,dependent,0,0,0,0,0,0,0,0,0
internvl,rel::6/safari_2.jpg,rel::6/safari_2.jpg::ru::en,ru,en,dependent,0,0,0,0,0,0,0,0,0
internvl,rel::6/safari_2.jpg,rel::6/safari_2.jpg::ru::th,ru,th,dependent,0,0,0,0,0,0,0,0,0
internvl,rel::6/safari_2.jpg,rel::6/safari_2.jpg::ru::zh,ru,zh,dependent,0,0,0,0,0,0,0,0,0
internvl,rel::6/safari_2.jpg,rel::6/safari_2.jpg::th::en,th,en,dependent,0,0,0,0,0,0,0,0,0
internvl,rel::6/safari_2.jpg,rel::6/safari_2.jpg::th::ru,th,ru,dependent,0,0,0,0,0,0,0,0,0
internvl,rel::6/safari_2.jpg,rel::6/safari_2.jpg::th::zh,th,zh,dependent,0,0,0,0,0,0,0,0,0
internvl,rel::6/safari_2.jpg,rel::6/safari_2.jpg::zh::en,zh,en,dependent,0,0,0,0,0,0,0,0,0
internvl,rel::6/safari_2.jpg,rel::6/safari_2.jpg::zh::ru,zh,ru,dependent,0,0,0,0,0,0,0,0,0
internvl,rel::6/safari_2.jpg,rel::6/safari_2.jpg::zh::th,zh,th,dependent,0,0,0,0,0,0,0,0,0
internvl,rel::6/safari_3.jpg,rel::6/safari_3.jpg::en::ru,en,ru,dependent,1,1,1,1,0,0,0,0,0
internvl,rel::6/safari_3.jpg,rel::6/safari_3.jpg::en::th,en,th,dependent,1,1,0,0,0,0,-1,-1,0
internvl,rel::6/safari_3.jpg,rel::6/safari_3.jpg::en::zh,en,zh,dependent,1,1,1,1,0,0,0,0,0
internvl,rel::6/safari_3.jpg,rel::6/safari_3.jpg::ru::en,ru,en,dependent,0,0,1,1,0,0,1,1,0
internvl,rel::6/safari_3.jpg,rel::6/safari_3.jpg::ru::th,ru,th,dependent,0,0,0,0,0,0,0,0,0
internvl,rel::6/safari_3.jpg,rel::6/safari_3.jpg::ru::zh,ru,zh,dependent,1,1,1,1,0,0,0,0,0
internvl,rel::6/safari_3.jpg,rel::6/safari_3.jpg::th::en,th,en,dependent,0,0,1,1,0,0,1,1,0
internvl,rel::6/safari_3.jpg,rel::6/safari_3.jpg::th::ru,th,ru,dependent,0,1,0,1,1,1,0,0,0
internvl,rel::6/safari_3.jpg,rel::6/safari_3.jpg::th::zh,th,zh,dependent,0,1,1,1,1,0,1,0,-1
internvl,rel::6/safari_3.jpg,rel::6/safari_3.jpg::zh::en,zh,en,dependent,1,1,1,1,0,0,0,0,0
internvl,rel::6/safari_3.jpg,rel::6/safari_3.jpg::zh::ru,zh,ru,dependent,1,1,0,1,0,1,-1,0,1
internvl,rel::6/safari_3.jpg,rel::6/safari_3.jpg::zh::th,zh,th,dependent,1,1,0,0,0,0,-1,-1,0
internvl,rel::6/safari_5.jpg,rel::6/safari_5.jpg::en::ru,en,ru,dependent,0,1,1,1,1,0,1,0,-1
internvl,rel::6/safari_5.jpg,rel::6/safari_5.jpg::en::th,en,th,dependent,1,1,1,1,0,0,0,0,0
internvl,rel::6/safari_5.jpg,rel::6/safari_5.jpg::en::zh,en,zh,dependent,1,1,1,1,0,0,0,0,0
internvl,rel::6/safari_5.jpg,rel::6/safari_5.jpg::ru::en,ru,en,dependent,1,1,1,1,0,0,0,0,0
internvl,rel::6/safari_5.jpg,rel::6/safari_5.jpg::ru::th,ru,th,dependent,1,1,1,1,0,0,0,0,0
internvl,rel::6/safari_5.jpg,rel::6/safari_5.jpg::ru::zh,ru,zh,dependent,1,1,1,1,0,0,0,0,0
internvl,rel::6/safari_5.jpg,rel::6/safari_5.jpg::th::en,th,en,dependent,1,1,1,1,0,0,0,0,0
internvl,rel::6/safari_5.jpg,rel::6/safari_5.jpg::th::ru,th,ru,dependent,1,1,1,1,0,0,0,0,0
internvl,rel::6/safari_5.jpg,rel::6/safari_5.jpg::th::zh,th,zh,dependent,1,1,1,1,0,0,0,0,0
internvl,rel::6/safari_5.jpg,rel::6/safari_5.jpg::zh::en,zh,en,dependent,1,1,1,1,0,0,0,0,0
internvl,rel::6/safari_5.jpg,rel::6/safari_5.jpg::zh::ru,zh,ru,dependent,1,1,0,1,0,1,-1,0,1
internvl,rel::6/safari_5.jpg,rel::6/safari_5.jpg::zh::th,zh,th,dependent,1,1,1,1,0,0,0,0,0
internvl,rel::6/safari_6.jpg,rel::6/safari_6.jpg::en::ru,en,ru,independent,1,1,0,0,0,0,-1,-1,0
internvl,rel::6/safari_6.jpg,rel::6/safari_6.jpg::en::th,en,th,independent,1,1,1,1,0,0,0,0,0
internvl,rel::6/safari_6.jpg,rel::6/safari_6.jpg::en::zh,en,zh,independent,1,1,1,1,0,0,0,0,0
internvl,rel::6/safari_6.jpg,rel::6/safari_6.jpg::ru::en,ru,en,independent,0,0,1,1,0,0,1,1,0
internvl,rel::6/safari_6.jpg,rel::6/safari_6.jpg::ru::th,ru,th,independent,0,0,1,1,0,0,1,1,0
internvl,rel::6/safari_6.jpg,rel::6/safari_6.jpg::ru::zh,ru,zh,independent,0,0,1,1,0,0,1,1,0
internvl,rel::6/safari_6.jpg,rel::6/safari_6.jpg::th::en,th,en,independent,0,0,1,1,0,0,1,1,0
internvl,rel::6/safari_6.jpg,rel::6/safari_6.jpg::th::ru,th,ru,independent,1,1,0,0,0,0,-1,-1,0
internvl,rel::6/safari_6.jpg,rel::6/safari_6.jpg::th::zh,th,zh,independent,1,1,1,1,0,0,0,0,0
internvl,rel::6/safari_6.jpg,rel::6/safari_6.jpg::zh::en,zh,en,independent,1,1,1,1,0,0,0,0,0
internvl,rel::6/safari_6.jpg,rel::6/safari_6.jpg::zh::ru,zh,ru,independent,1,1,0,0,0,0,-1,-1,0
internvl,rel::6/safari_6.jpg,rel::6/safari_6.jpg::zh::th,zh,th,independent,1,1,1,1,0,0,0,0,0
internvl,rel::6/safari_7.jpg,rel::6/safari_7.jpg::en::ru,en,ru,dependent,1,1,1,1,0,0,0,0,0
internvl,rel::6/safari_7.jpg,rel::6/safari_7.jpg::en::th,en,th,dependent,1,1,1,1,0,0,0,0,0
internvl,rel::6/safari_7.jpg,rel::6/safari_7.jpg::en::zh,en,zh,dependent,1,1,1,1,0,0,0,0,0
internvl,rel::6/safari_7.jpg,rel::6/safari_7.jpg::ru::en,ru,en,dependent,1,1,1,1,0,0,0,0,0
internvl,rel::6/safari_7.jpg,rel::6/safari_7.jpg::ru::th,ru,th,dependent,1,1,0,1,0,1,-1,0,1
internvl,rel::6/safari_7.jpg,rel::6/safari_7.jpg::ru::zh,ru,zh,dependent,1,1,1,1,0,0,0,0,0
internvl,rel::6/safari_7.jpg,rel::6/safari_7.jpg::th::en,th,en,dependent,0,1,1,1,1,0,1,0,-1
internvl,rel::6/safari_7.jpg,rel::6/safari_7.jpg::th::ru,th,ru,dependent,1,0,1,1,-1,0,0,1,1
internvl,rel::6/safari_7.jpg,rel::6/safari_7.jpg::th::zh,th,zh,dependent,0,0,0,1,0,1,0,1,1
internvl,rel::6/safari_7.jpg,rel::6/safari_7.jpg::zh::en,zh,en,dependent,1,1,1,1,0,0,0,0,0
internvl,rel::6/safari_7.jpg,rel::6/safari_7.jpg::zh::ru,zh,ru,dependent,1,1,1,1,0,0,0,0,0
internvl,rel::6/safari_7.jpg,rel::6/safari_7.jpg::zh::th,zh,th,dependent,1,1,1,1,0,0,0,0,0
internvl,rel::6/sport_1.jpg,rel::6/sport_1.jpg::en::ru,en,ru,dependent,1,0,1,1,-1,0,0,1,1
internvl,rel::6/sport_1.jpg,rel::6/sport_1.jpg::en::th,en,th,dependent,1,1,1,1,0,0,0,0,0
internvl,rel::6/sport_1.jpg,rel::6/sport_1.jpg::en::zh,en,zh,dependent,1,1,1,1,0,0,0,0,0
internvl,rel::6/sport_1.jpg,rel::6/sport_1.jpg::ru::en,ru,en,dependent,1,1,1,0,0,-1,0,-1,-1
internvl,rel::6/sport_1.jpg,rel::6/sport_1.jpg::ru::th,ru,th,dependent,1,1,1,1,0,0,0,0,0
internvl,rel::6/sport_1.jpg,rel::6/sport_1.jpg::ru::zh,ru,zh,dependent,1,1,1,1,0,0,0,0,0
internvl,rel::6/sport_1.jpg,rel::6/sport_1.jpg::th::en,th,en,dependent,1,1,1,0,0,-1,0,-1,-1
internvl,rel::6/sport_1.jpg,rel::6/sport_1.jpg::th::ru,th,ru,dependent,1,1,1,1,0,0,0,0,0
internvl,rel::6/sport_1.jpg,rel::6/sport_1.jpg::th::zh,th,zh,dependent,1,1,1,1,0,0,0,0,0
internvl,rel::6/sport_1.jpg,rel::6/sport_1.jpg::zh::en,zh,en,dependent,1,1,1,0,0,-1,0,-1,-1
internvl,rel::6/sport_1.jpg,rel::6/sport_1.jpg::zh::ru,zh,ru,dependent,1,1,1,1,0,0,0,0,0
internvl,rel::6/sport_1.jpg,rel::6/sport_1.jpg::zh::th,zh,th,dependent,1,1,1,1,0,0,0,0,0
internvl,rel::6/sport_10.jpg,rel::6/sport_10.jpg::en::ru,en,ru,dependent,0,0,0,0,0,0,0,0,0
internvl,rel::6/sport_10.jpg,rel::6/sport_10.jpg::en::th,en,th,dependent,0,0,0,0,0,0,0,0,0
internvl,rel::6/sport_10.jpg,rel::6/sport_10.jpg::en::zh,en,zh,dependent,0,0,0,0,0,0,0,0,0
internvl,rel::6/sport_10.jpg,rel::6/sport_10.jpg::ru::en,ru,en,dependent,1,1,0,1,0,1,-1,0,1
internvl,rel::6/sport_10.jpg,rel::6/sport_10.jpg::ru::th,ru,th,dependent,0,0,0,0,0,0,0,0,0
internvl,rel::6/sport_10.jpg,rel::6/sport_10.jpg::ru::zh,ru,zh,dependent,0,0,0,0,0,0,0,0,0
internvl,rel::6/sport_10.jpg,rel::6/sport_10.jpg::th::en,th,en,dependent,0,1,0,1,1,1,0,0,0
internvl,rel::6/sport_10.jpg,rel::6/sport_10.jpg::th::ru,th,ru,dependent,0,0,0,0,0,0,0,0,0
internvl,rel::6/sport_10.jpg,rel::6/sport_10.jpg::th::zh,th,zh,dependent,0,0,0,0,0,0,0,0,0
internvl,rel::6/sport_10.jpg,rel::6/sport_10.jpg::zh::en,zh,en,dependent,1,1,1,1,0,0,0,0,0
internvl,rel::6/sport_10.jpg,rel::6/sport_10.jpg::zh::ru,zh,ru,dependent,0,0,0,0,0,0,0,0,0
internvl,rel::6/sport_10.jpg,rel::6/sport_10.jpg::zh::th,zh,th,dependent,0,0,0,0,0,0,0,0,0
internvl,rel::6/sport_2.jpg,rel::6/sport_2.jpg::en::ru,en,ru,dependent,0,1,1,1,1,0,1,0,-1
internvl,rel::6/sport_2.jpg,rel::6/sport_2.jpg::en::th,en,th,dependent,0,0,0,0,0,0,0,0,0
internvl,rel::6/sport_2.jpg,rel::6/sport_2.jpg::en::zh,en,zh,dependent,1,1,1,1,0,0,0,0,0
internvl,rel::6/sport_2.jpg,rel::6/sport_2.jpg::ru::en,ru,en,dependent,1,1,1,1,0,0,0,0,0
internvl,rel::6/sport_2.jpg,rel::6/sport_2.jpg::ru::th,ru,th,dependent,1,1,0,0,0,0,-1,-1,0
internvl,rel::6/sport_2.jpg,rel::6/sport_2.jpg::ru::zh,ru,zh,dependent,1,1,1,1,0,0,0,0,0
internvl,rel::6/sport_2.jpg,rel::6/sport_2.jpg::th::en,th,en,dependent,0,0,1,1,0,0,1,1,0
internvl,rel::6/sport_2.jpg,rel::6/sport_2.jpg::th::ru,th,ru,dependent,0,0,0,1,0,1,0,1,1
internvl,rel::6/sport_2.jpg,rel::6/sport_2.jpg::th::zh,th,zh,dependent,0,0,1,1,0,0,1,1,0
internvl,rel::6/sport_2.jpg,rel::6/sport_2.jpg::zh::en,zh,en,dependent,1,1,1,1,0,0,0,0,0
internvl,rel::6/sport_2.jpg,rel::6/sport_2.jpg::zh::ru,zh,ru,dependent,1,1,1,1,0,0,0,0,0
internvl,rel::6/sport_2.jpg,rel::6/sport_2.jpg::zh::th,zh,th,dependent,1,0,0,0,-1,0,-1,0,1
internvl,rel::6/sport_3.jpg,rel::6/sport_3.jpg::en::ru,en,ru,dependent,1,1,0,1,0,1,-1,0,1
internvl,rel::6/sport_3.jpg,rel::6/sport_3.jpg::en::th,en,th,dependent,1,1,0,0,0,0,-1,-1,0
internvl,rel::6/sport_3.jpg,rel::6/sport_3.jpg::en::zh,en,zh,dependent,1,1,1,1,0,0,0,0,0
internvl,rel::6/sport_3.jpg,rel::6/sport_3.jpg::ru::en,ru,en,dependent,1,1,1,1,0,0,0,0,0
internvl,rel::6/sport_3.jpg,rel::6/sport_3.jpg::ru::th,ru,th,dependent,1,1,1,0,0,-1,0,-1,-1
internvl,rel::6/sport_3.jpg,rel::6/sport_3.jpg::ru::zh,ru,zh,dependent,1,1,1,1,0,0,0,0,0
internvl,rel::6/sport_3.jpg,rel::6/sport_3.jpg::th::en,th,en,dependent,1,1,1,1,0,0,0,0,0
internvl,rel::6/sport_3.jpg,rel::6/sport_3.jpg::th::ru,th,ru,dependent,1,1,1,1,0,0,0,0,0
internvl,rel::6/sport_3.jpg,rel::6/sport_3.jpg::th::zh,th,zh,dependent,1,1,1,1,0,0,0,0,0
internvl,rel::6/sport_3.jpg,rel::6/sport_3.jpg::zh::en,zh,en,dependent,1,1,1,1,0,0,0,0,0
internvl,rel::6/sport_3.jpg,rel::6/sport_3.jpg::zh::ru,zh,ru,dependent,1,1,0,1,0,1,-1,0,1
internvl,rel::6/sport_3.jpg,rel::6/sport_3.jpg::zh::th,zh,th,dependent,1,1,0,0,0,0,-1,-1,0
internvl,rel::6/sport_4.jpg,rel::6/sport_4.jpg::en::ru,en,ru,dependent,1,1,1,1,0,0,0,0,0
internvl,rel::6/sport_4.jpg,rel::6/sport_4.jpg::en::th,en,th,dependent,1,1,0,0,0,0,-1,-1,0
internvl,rel::6/sport_4.jpg,rel::6/sport_4.jpg::en::zh,en,zh,dependent,1,1,1,1,0,0,0,0,0
internvl,rel::6/sport_4.jpg,rel::6/sport_4.jpg::ru::en,ru,en,dependent,1,1,1,1,0,0,0,0,0
internvl,rel::6/sport_4.jpg,rel::6/sport_4.jpg::ru::th,ru,th,dependent,0,1,0,0,1,0,0,-1,-1
internvl,rel::6/sport_4.jpg,rel::6/sport_4.jpg::ru::zh,ru,zh,dependent,1,1,1,1,0,0,0,0,0
internvl,rel::6/sport_4.jpg,rel::6/sport_4.jpg::th::en,th,en,dependent,1,1,1,1,0,0,0,0,0
internvl,rel::6/sport_4.jpg,rel::6/sport_4.jpg::th::ru,th,ru,dependent,1,1,1,1,0,0,0,0,0
internvl,rel::6/sport_4.jpg,rel::6/sport_4.jpg::th::zh,th,zh,dependent,1,1,1,1,0,0,0,0,0
internvl,rel::6/sport_4.jpg,rel::6/sport_4.jpg::zh::en,zh,en,dependent,1,1,1,1,0,0,0,0,0
internvl,rel::6/sport_4.jpg,rel::6/sport_4.jpg::zh::ru,zh,ru,dependent,1,1,1,1,0,0,0,0,0
internvl,rel::6/sport_4.jpg,rel::6/sport_4.jpg::zh::th,zh,th,dependent,1,1,0,0,0,0,-1,-1,0
internvl,rel::6/sport_5.jpg,rel::6/sport_5.jpg::en::ru,en,ru,dependent,0,0,0,0,0,0,0,0,0
internvl,rel::6/sport_5.jpg,rel::6/sport_5.jpg::en::th,en,th,dependent,0,0,0,0,0,0,0,0,0
internvl,rel::6/sport_5.jpg,rel::6/sport_5.jpg::en::zh,en,zh,dependent,0,0,0,0,0,0,0,0,0
internvl,rel::6/sport_5.jpg,rel::6/sport_5.jpg::ru::en,ru,en,dependent,0,0,0,1,0,1,0,1,1
internvl,rel::6/sport_5.jpg,rel::6/sport_5.jpg::ru::th,ru,th,dependent,0,0,0,0,0,0,0,0,0
internvl,rel::6/sport_5.jpg,rel::6/sport_5.jpg::ru::zh,ru,zh,dependent,0,0,0,0,0,0,0,0,0
internvl,rel::6/sport_5.jpg,rel::6/sport_5.jpg::th::en,th,en,dependent,0,0,0,1,0,1,0,1,1
internvl,rel::6/sport_5.jpg,rel::6/sport_5.jpg::th::ru,th,ru,dependent,0,0,0,0,0,0,0,0,0
internvl,rel::6/sport_5.jpg,rel::6/sport_5.jpg::th::zh,th,zh,dependent,0,0,0,0,0,0,0,0,0
internvl,rel::6/sport_5.jpg,rel::6/sport_5.jpg::zh::en,zh,en,dependent,0,0,1,1,0,0,1,1,0
internvl,rel::6/sport_5.jpg,rel::6/sport_5.jpg::zh::ru,zh,ru,dependent,0,0,0,0,0,0,0,0,0
internvl,rel::6/sport_5.jpg,rel::6/sport_5.jpg::zh::th,zh,th,dependent,0,0,0,0,0,0,0,0,0
internvl,rel::6/sport_6.jpg,rel::6/sport_6.jpg::en::ru,en,ru,independent,0,0,0,0,0,0,0,0,0
internvl,rel::6/sport_6.jpg,rel::6/sport_6.jpg::en::th,en,th,independent,0,0,0,0,0,0,0,0,0
internvl,rel::6/sport_6.jpg,rel::6/sport_6.jpg::en::zh,en,zh,independent,0,0,0,0,0,0,0,0,0
internvl,rel::6/sport_6.jpg,rel::6/sport_6.jpg::ru::en,ru,en,independent,0,0,0,0,0,0,0,0,0
internvl,rel::6/sport_6.jpg,rel::6/sport_6.jpg::ru::th,ru,th,independent,0,0,0,0,0,0,0,0,0
internvl,rel::6/sport_6.jpg,rel::6/sport_6.jpg::ru::zh,ru,zh,independent,0,0,0,0,0,0,0,0,0
internvl,rel::6/sport_6.jpg,rel::6/sport_6.jpg::th::en,th,en,independent,0,0,0,0,0,0,0,0,0
internvl,rel::6/sport_6.jpg,rel::6/sport_6.jpg::th::ru,th,ru,independent,0,0,0,0,0,0,0,0,0
internvl,rel::6/sport_6.jpg,rel::6/sport_6.jpg::th::zh,th,zh,independent,0,0,0,0,0,0,0,0,0
internvl,rel::6/sport_6.jpg,rel::6/sport_6.jpg::zh::en,zh,en,independent,0,0,0,0,0,0,0,0,0
internvl,rel::6/sport_6.jpg,rel::6/sport_6.jpg::zh::ru,zh,ru,independent,0,0,0,0,0,0,0,0,0
internvl,rel::6/sport_6.jpg,rel::6/sport_6.jpg::zh::th,zh,th,independent,0,0,0,0,0,0,0,0,0
internvl,rel::6/sport_7.jpg,rel::6/sport_7.jpg::en::ru,en,ru,dependent,0,0,0,0,0,0,0,0,0
internvl,rel::6/sport_7.jpg,rel::6/sport_7.jpg::en::th,en,th,dependent,0,0,0,0,0,0,0,0,0
internvl,rel::6/sport_7.jpg,rel::6/sport_7.jpg::en::zh,en,zh,dependent,0,0,0,0,0,0,0,0,0
internvl,rel::6/sport_7.jpg,rel::6/sport_7.jpg::ru::en,ru,en,dependent,1,1,1,1,0,0,0,0,0
internvl,rel::6/sport_7.jpg,rel::6/sport_7.jpg::ru::th,ru,th,dependent,0,0,0,0,0,0,0,0,0
internvl,rel::6/sport_7.jpg,rel::6/sport_7.jpg::ru::zh,ru,zh,dependent,0,0,0,0,0,0,0,0,0
internvl,rel::6/sport_7.jpg,rel::6/sport_7.jpg::th::en,th,en,dependent,0,0,0,1,0,1,0,1,1
internvl,rel::6/sport_7.jpg,rel::6/sport_7.jpg::th::ru,th,ru,dependent,0,0,0,0,0,0,0,0,0
internvl,rel::6/sport_7.jpg,rel::6/sport_7.jpg::th::zh,th,zh,dependent,0,0,0,0,0,0,0,0,0
internvl,rel::6/sport_7.jpg,rel::6/sport_7.jpg::zh::en,zh,en,dependent,1,1,1,1,0,0,0,0,0
internvl,rel::6/sport_7.jpg,rel::6/sport_7.jpg::zh::ru,zh,ru,dependent,0,0,0,0,0,0,0,0,0
internvl,rel::6/sport_7.jpg,rel::6/sport_7.jpg::zh::th,zh,th,dependent,0,0,0,0,0,0,0,0,0
internvl,rel::6/sport_8.jpg,rel::6/sport_8.jpg::en::ru,en,ru,dependent,1,1,1,1,0,0,0,0,0
internvl,rel::6/sport_8.jpg,rel::6/sport_8.jpg::en::th,en,th,dependent,1,1,0,0,0,0,-1,-1,0
internvl,rel::6/sport_8.jpg,rel::6/sport_8.jpg::en::zh,en,zh,dependent,1,1,1,1,0,0,0,0,0
internvl,rel::6/sport_8.jpg,rel::6/sport_8.jpg::ru::en,ru,en,dependent,1,1,1,1,0,0,0,0,0
internvl,rel::6/sport_8.jpg,rel::6/sport_8.jpg::ru::th,ru,th,dependent,1,1,0,0,0,0,-1,-1,0
internvl,rel::6/sport_8.jpg,rel::6/sport_8.jpg::ru::zh,ru,zh,dependent,1,1,1,1,0,0,0,0,0
internvl,rel::6/sport_8.jpg,rel::6/sport_8.jpg::th::en,th,en,dependent,1,1,1,1,0,0,0,0,0
internvl,rel::6/sport_8.jpg,rel::6/sport_8.jpg::th::ru,th,ru,dependent,0,1,0,1,1,1,0,0,0
internvl,rel::6/sport_8.jpg,rel::6/sport_8.jpg::th::zh,th,zh,dependent,1,1,1,1,0,0,0,0,0
internvl,rel::6/sport_8.jpg,rel::6/sport_8.jpg::zh::en,zh,en,dependent,1,1,1,1,0,0,0,0,0
internvl,rel::6/sport_8.jpg,rel::6/sport_8.jpg::zh::ru,zh,ru,dependent,1,1,1,1,0,0,0,0,0
internvl,rel::6/sport_8.jpg,rel::6/sport_8.jpg::zh::th,zh,th,dependent,1,1,0,0,0,0,-1,-1,0
internvl,rel::6/sport_9.jpg,rel::6/sport_9.jpg::en::ru,en,ru,dependent,0,0,1,0,0,-1,1,0,-1
internvl,rel::6/sport_9.jpg,rel::6/sport_9.jpg::en::th,en,th,dependent,0,0,1,1,0,0,1,1,0
internvl,rel::6/sport_9.jpg,rel::6/sport_9.jpg::en::zh,en,zh,dependent,0,0,1,1,0,0,1,1,0
internvl,rel::6/sport_9.jpg,rel::6/sport_9.jpg::ru::en,ru,en,dependent,0,0,0,0,0,0,0,0,0
internvl,rel::6/sport_9.jpg,rel::6/sport_9.jpg::ru::th,ru,th,dependent,0,0,1,1,0,0,1,1,0
internvl,rel::6/sport_9.jpg,rel::6/sport_9.jpg::ru::zh,ru,zh,dependent,0,0,0,1,0,1,0,1,1
internvl,rel::6/sport_9.jpg,rel::6/sport_9.jpg::th::en,th,en,dependent,0,0,0,0,0,0,0,0,0
internvl,rel::6/sport_9.jpg,rel::6/sport_9.jpg::th::ru,th,ru,dependent,1,0,0,0,-1,0,-1,0,1
internvl,rel::6/sport_9.jpg,rel::6/sport_9.jpg::th::zh,th,zh,dependent,1,0,1,1,-1,0,0,1,1
internvl,rel::6/sport_9.jpg,rel::6/sport_9.jpg::zh::en,zh,en,dependent,0,0,0,0,0,0,0,0,0
internvl,rel::6/sport_9.jpg,rel::6/sport_9.jpg::zh::ru,zh,ru,dependent,1,0,0,0,-1,0,-1,0,1
internvl,rel::6/sport_9.jpg,rel::6/sport_9.jpg::zh::th,zh,th,dependent,1,0,1,1,-1,0,0,1,1
internvl,rel::6/wallet_1.jpg,rel::6/wallet_1.jpg::en::ru,en,ru,dependent,1,1,1,1,0,0,0,0,0
internvl,rel::6/wallet_1.jpg,rel::6/wallet_1.jpg::en::th,en,th,dependent,0,0,0,0,0,0,0,0,0
internvl,rel::6/wallet_1.jpg,rel::6/wallet_1.jpg::en::zh,en,zh,dependent,1,1,1,1,0,0,0,0,0
internvl,rel::6/wallet_1.jpg,rel::6/wallet_1.jpg::ru::en,ru,en,dependent,1,1,1,1,0,0,0,0,0
internvl,rel::6/wallet_1.jpg,rel::6/wallet_1.jpg::ru::th,ru,th,dependent,0,0,1,0,0,-1,1,0,-1
internvl,rel::6/wallet_1.jpg,rel::6/wallet_1.jpg::ru::zh,ru,zh,dependent,1,1,1,1,0,0,0,0,0
internvl,rel::6/wallet_1.jpg,rel::6/wallet_1.jpg::th::en,th,en,dependent,1,1,1,1,0,0,0,0,0
internvl,rel::6/wallet_1.jpg,rel::6/wallet_1.jpg::th::ru,th,ru,dependent,1,1,1,1,0,0,0,0,0
internvl,rel::6/wallet_1.jpg,rel::6/wallet_1.jpg::th::zh,th,zh,dependent,1,1,0,1,0,1,-1,0,1
internvl,rel::6/wallet_1.jpg,rel::6/wallet_1.jpg::zh::en,zh,en,dependent,1,1,1,1,0,0,0,0,0
internvl,rel::6/wallet_1.jpg,rel::6/wallet_1.jpg::zh::ru,zh,ru,dependent,1,1,0,1,0,1,-1,0,1
internvl,rel::6/wallet_1.jpg,rel::6/wallet_1.jpg::zh::th,zh,th,dependent,0,0,0,0,0,0,0,0,0
internvl,rel::6/wallet_2.jpg,rel::6/wallet_2.jpg::en::ru,en,ru,dependent,0,0,1,0,0,-1,1,0,-1
internvl,rel::6/wallet_2.jpg,rel::6/wallet_2.jpg::en::th,en,th,dependent,0,0,0,0,0,0,0,0,0
internvl,rel::6/wallet_2.jpg,rel::6/wallet_2.jpg::en::zh,en,zh,dependent,0,0,0,0,0,0,0,0,0
internvl,rel::6/wallet_2.jpg,rel::6/wallet_2.jpg::ru::en,ru,en,dependent,0,1,0,0,1,0,0,-1,-1
internvl,rel::6/wallet_2.jpg,rel::6/wallet_2.jpg::ru::th,ru,th,dependent,0,0,0,0,0,0,0,0,0
internvl,rel::6/wallet_2.jpg,rel::6/wallet_2.jpg::ru::zh,ru,zh,dependent,1,1,0,0,0,0,-1,-1,0
internvl,rel::6/wallet_2.jpg,rel::6/wallet_2.jpg::th::en,th,en,dependent,0,0,0,0,0,0,0,0,0
internvl,rel::6/wallet_2.jpg,rel::6/wallet_2.jpg::th::ru,th,ru,dependent,0,0,0,0,0,0,0,0,0
internvl,rel::6/wallet_2.jpg,rel::6/wallet_2.jpg::th::zh,th,zh,dependent,0,0,0,0,0,0,0,0,0
internvl,rel::6/wallet_2.jpg,rel::6/wallet_2.jpg::zh::en,zh,en,dependent,0,0,0,0,0,0,0,0,0
internvl,rel::6/wallet_2.jpg,rel::6/wallet_2.jpg::zh::ru,zh,ru,dependent,0,0,1,0,0,-1,1,0,-1
internvl,rel::6/wallet_2.jpg,rel::6/wallet_2.jpg::zh::th,zh,th,dependent,0,0,0,0,0,0,0,0,0
internvl,rel::6/wallet_3.jpg,rel::6/wallet_3.jpg::en::ru,en,ru,dependent,0,0,0,0,0,0,0,0,0
internvl,rel::6/wallet_3.jpg,rel::6/wallet_3.jpg::en::th,en,th,dependent,0,1,0,0,1,0,0,-1,-1
internvl,rel::6/wallet_3.jpg,rel::6/wallet_3.jpg::en::zh,en,zh,dependent,0,0,0,0,0,0,0,0,0
internvl,rel::6/wallet_3.jpg,rel::6/wallet_3.jpg::ru::en,ru,en,dependent,0,1,1,1,1,0,1,0,-1
internvl,rel::6/wallet_3.jpg,rel::6/wallet_3.jpg::ru::th,ru,th,dependent,0,0,0,0,0,0,0,0,0
internvl,rel::6/wallet_3.jpg,rel::6/wallet_3.jpg::ru::zh,ru,zh,dependent,0,0,0,0,0,0,0,0,0
internvl,rel::6/wallet_3.jpg,rel::6/wallet_3.jpg::th::en,th,en,dependent,1,0,1,1,-1,0,0,1,1
internvl,rel::6/wallet_3.jpg,rel::6/wallet_3.jpg::th::ru,th,ru,dependent,1,0,0,0,-1,0,-1,0,1
internvl,rel::6/wallet_3.jpg,rel::6/wallet_3.jpg::th::zh,th,zh,dependent,1,0,0,0,-1,0,-1,0,1
internvl,rel::6/wallet_3.jpg,rel::6/wallet_3.jpg::zh::en,zh,en,dependent,0,0,1,1,0,0,1,1,0
internvl,rel::6/wallet_3.jpg,rel::6/wallet_3.jpg::zh::ru,zh,ru,dependent,0,0,0,0,0,0,0,0,0
internvl,rel::6/wallet_3.jpg,rel::6/wallet_3.jpg::zh::th,zh,th,dependent,0,0,0,0,0,0,0,0,0
internvl,rel::6/wallet_4.jpg,rel::6/wallet_4.jpg::en::ru,en,ru,independent,1,1,1,1,0,0,0,0,0
internvl,rel::6/wallet_4.jpg,rel::6/wallet_4.jpg::en::th,en,th,independent,1,1,1,1,0,0,0,0,0
internvl,rel::6/wallet_4.jpg,rel::6/wallet_4.jpg::en::zh,en,zh,independent,1,1,1,1,0,0,0,0,0
internvl,rel::6/wallet_4.jpg,rel::6/wallet_4.jpg::ru::en,ru,en,independent,1,1,1,1,0,0,0,0,0
internvl,rel::6/wallet_4.jpg,rel::6/wallet_4.jpg::ru::th,ru,th,independent,1,1,0,1,0,1,-1,0,1
internvl,rel::6/wallet_4.jpg,rel::6/wallet_4.jpg::ru::zh,ru,zh,independent,1,1,1,1,0,0,0,0,0
internvl,rel::6/wallet_4.jpg,rel::6/wallet_4.jpg::th::en,th,en,independent,1,1,1,1,0,0,0,0,0
internvl,rel::6/wallet_4.jpg,rel::6/wallet_4.jpg::th::ru,th,ru,independent,1,1,1,1,0,0,0,0,0
internvl,rel::6/wallet_4.jpg,rel::6/wallet_4.jpg::th::zh,th,zh,independent,1,1,1,1,0,0,0,0,0
internvl,rel::6/wallet_4.jpg,rel::6/wallet_4.jpg::zh::en,zh,en,independent,1,1,1,1,0,0,0,0,0
internvl,rel::6/wallet_4.jpg,rel::6/wallet_4.jpg::zh::ru,zh,ru,independent,1,1,1,1,0,0,0,0,0
internvl,rel::6/wallet_4.jpg,rel::6/wallet_4.jpg::zh::th,zh,th,independent,1,1,1,1,0,0,0,0,0
internvl,rel::6/wallet_6.jpg,rel::6/wallet_6.jpg::en::ru,en,ru,dependent,0,1,0,1,1,1,0,0,0
internvl,rel::6/wallet_6.jpg,rel::6/wallet_6.jpg::en::th,en,th,dependent,1,0,1,0,-1,-1,0,0,0
internvl,rel::6/wallet_6.jpg,rel::6/wallet_6.jpg::en::zh,en,zh,dependent,1,1,1,1,0,0,0,0,0
internvl,rel::6/wallet_6.jpg,rel::6/wallet_6.jpg::ru::en,ru,en,dependent,1,1,1,1,0,0,0,0,0
internvl,rel::6/wallet_6.jpg,rel::6/wallet_6.jpg::ru::th,ru,th,dependent,1,0,1,0,-1,-1,0,0,0
internvl,rel::6/wallet_6.jpg,rel::6/wallet_6.jpg::ru::zh,ru,zh,dependent,1,1,1,1,0,0,0,0,0
internvl,rel::6/wallet_6.jpg,rel::6/wallet_6.jpg::th::en,th,en,dependent,1,1,1,1,0,0,0,0,0
internvl,rel::6/wallet_6.jpg,rel::6/wallet_6.jpg::th::ru,th,ru,dependent,0,1,1,1,1,0,1,0,-1
internvl,rel::6/wallet_6.jpg,rel::6/wallet_6.jpg::th::zh,th,zh,dependent,1,1,1,1,0,0,0,0,0
internvl,rel::6/wallet_6.jpg,rel::6/wallet_6.jpg::zh::en,zh,en,dependent,1,1,1,1,0,0,0,0,0
internvl,rel::6/wallet_6.jpg,rel::6/wallet_6.jpg::zh::ru,zh,ru,dependent,0,1,0,1,1,1,0,0,0
internvl,rel::6/wallet_6.jpg,rel::6/wallet_6.jpg::zh::th,zh,th,dependent,0,0,1,0,0,-1,1,0,-1
internvl,rel::6/wallet_7.jpg,rel::6/wallet_7.jpg::en::ru,en,ru,dependent,1,1,0,1,0,1,-1,0,1
internvl,rel::6/wallet_7.jpg,rel::6/wallet_7.jpg::en::th,en,th,dependent,1,1,0,0,0,0,-1,-1,0
internvl,rel::6/wallet_7.jpg,rel::6/wallet_7.jpg::en::zh,en,zh,dependent,1,1,1,1,0,0,0,0,0
internvl,rel::6/wallet_7.jpg,rel::6/wallet_7.jpg::ru::en,ru,en,dependent,1,1,1,1,0,0,0,0,0
internvl,rel::6/wallet_7.jpg,rel::6/wallet_7.jpg::ru::th,ru,th,dependent,0,0,0,0,0,0,0,0,0
internvl,rel::6/wallet_7.jpg,rel::6/wallet_7.jpg::ru::zh,ru,zh,dependent,1,1,1,1,0,0,0,0,0
internvl,rel::6/wallet_7.jpg,rel::6/wallet_7.jpg::th::en,th,en,dependent,0,0,1,1,0,0,1,1,0
internvl,rel::6/wallet_7.jpg,rel::6/wallet_7.jpg::th::ru,th,ru,dependent,0,0,0,1,0,1,0,1,1
internvl,rel::6/wallet_7.jpg,rel::6/wallet_7.jpg::th::zh,th,zh,dependent,0,0,1,1,0,0,1,1,0
internvl,rel::6/wallet_7.jpg,rel::6/wallet_7.jpg::zh::en,zh,en,dependent,1,1,1,1,0,0,0,0,0
internvl,rel::6/wallet_7.jpg,rel::6/wallet_7.jpg::zh::ru,zh,ru,dependent,1,1,1,1,0,0,0,0,0
internvl,rel::6/wallet_7.jpg,rel::6/wallet_7.jpg::zh::th,zh,th,dependent,1,1,0,0,0,0,-1,-1,0
internvl,rel::6/wallet_8.jpg,rel::6/wallet_8.jpg::en::ru,en,ru,dependent,0,0,0,0,0,0,0,0,0
internvl,rel::6/wallet_8.jpg,rel::6/wallet_8.jpg::en::th,en,th,dependent,0,0,0,0,0,0,0,0,0
internvl,rel::6/wallet_8.jpg,rel::6/wallet_8.jpg::en::zh,en,zh,dependent,0,0,0,0,0,0,0,0,0
internvl,rel::6/wallet_8.jpg,rel::6/wallet_8.jpg::ru::en,ru,en,dependent,1,0,1,0,-1,-1,0,0,0
internvl,rel::6/wallet_8.jpg,rel::6/wallet_8.jpg::ru::th,ru,th,dependent,0,0,0,0,0,0,0,0,0
internvl,rel::6/wallet_8.jpg,rel::6/wallet_8.jpg::ru::zh,ru,zh,dependent,0,0,0,0,0,0,0,0,0
internvl,rel::6/wallet_8.jpg,rel::6/wallet_8.jpg::th::en,th,en,dependent,0,1,1,0,1,-1,1,-1,-2
internvl,rel::6/wallet_8.jpg,rel::6/wallet_8.jpg::th::ru,th,ru,dependent,0,1,0,0,1,0,0,-1,-1
internvl,rel::6/wallet_8.jpg,rel::6/wallet_8.jpg::th::zh,th,zh,dependent,0,0,0,0,0,0,0,0,0
internvl,rel::6/wallet_8.jpg,rel::6/wallet_8.jpg::zh::en,zh,en,dependent,1,0,1,0,-1,-1,0,0,0
internvl,rel::6/wallet_8.jpg,rel::6/wallet_8.jpg::zh::ru,zh,ru,dependent,0,0,1,0,0,-1,1,0,-1
internvl,rel::6/wallet_8.jpg,rel::6/wallet_8.jpg::zh::th,zh,th,dependent,0,0,0,0,0,0,0,0,0
qwen,rel::1/booking_1.jpg,rel::1/booking_1.jpg::en::ru,en,ru,dependent,0,0,0,1,0,1,0,1,1
qwen,rel::1/booking_1.jpg,rel::1/booking_1.jpg::en::th,en,th,dependent,0,0,1,1,0,0,1,1,0
qwen,rel::1/booking_1.jpg,rel::1/booking_1.jpg::en::zh,en,zh,dependent,0,0,0,0,0,0,0,0,0
qwen,rel::1/booking_1.jpg,rel::1/booking_1.jpg::ru::en,ru,en,dependent,0,0,0,0,0,0,0,0,0
qwen,rel::1/booking_1.jpg,rel::1/booking_1.jpg::ru::th,ru,th,dependent,0,0,1,1,0,0,1,1,0
qwen,rel::1/booking_1.jpg,rel::1/booking_1.jpg::ru::zh,ru,zh,dependent,0,0,0,0,0,0,0,0,0
qwen,rel::1/booking_1.jpg,rel::1/booking_1.jpg::th::en,th,en,dependent,1,1,0,0,0,0,-1,-1,0
qwen,rel::1/booking_1.jpg,rel::1/booking_1.jpg::th::ru,th,ru,dependent,1,1,0,1,0,1,-1,0,1
qwen,rel::1/booking_1.jpg,rel::1/booking_1.jpg::th::zh,th,zh,dependent,1,1,0,0,0,0,-1,-1,0
qwen,rel::1/booking_1.jpg,rel::1/booking_1.jpg::zh::en,zh,en,dependent,0,0,0,0,0,0,0,0,0
qwen,rel::1/booking_1.jpg,rel::1/booking_1.jpg::zh::ru,zh,ru,dependent,0,0,0,1,0,1,0,1,1
qwen,rel::1/booking_1.jpg,rel::1/booking_1.jpg::zh::th,zh,th,dependent,0,0,1,1,0,0,1,1,0
qwen,rel::1/booking_10.jpg,rel::1/booking_10.jpg::en::ru,en,ru,dependent,1,1,1,1,0,0,0,0,0
qwen,rel::1/booking_10.jpg,rel::1/booking_10.jpg::en::th,en,th,dependent,1,1,0,0,0,0,-1,-1,0
qwen,rel::1/booking_10.jpg,rel::1/booking_10.jpg::en::zh,en,zh,dependent,0,1,1,0,1,-1,1,-1,-2
qwen,rel::1/booking_10.jpg,rel::1/booking_10.jpg::ru::en,ru,en,dependent,0,1,0,1,1,1,0,0,0
qwen,rel::1/booking_10.jpg,rel::1/booking_10.jpg::ru::th,ru,th,dependent,1,1,0,0,0,0,-1,-1,0
qwen,rel::1/booking_10.jpg,rel::1/booking_10.jpg::ru::zh,ru,zh,dependent,1,1,1,0,0,-1,0,-1,-1
qwen,rel::1/booking_10.jpg,rel::1/booking_10.jpg::th::en,th,en,dependent,0,0,0,1,0,1,0,1,1
qwen,rel::1/booking_10.jpg,rel::1/booking_10.jpg::th::ru,th,ru,dependent,0,0,1,1,0,0,1,1,0
qwen,rel::1/booking_10.jpg,rel::1/booking_10.jpg::th::zh,th,zh,dependent,0,0,1,0,0,-1,1,0,-1
qwen,rel::1/booking_10.jpg,rel::1/booking_10.jpg::zh::en,zh,en,dependent,1,1,1,1,0,0,0,0,0
qwen,rel::1/booking_10.jpg,rel::1/booking_10.jpg::zh::ru,zh,ru,dependent,1,1,1,1,0,0,0,0,0
qwen,rel::1/booking_10.jpg,rel::1/booking_10.jpg::zh::th,zh,th,dependent,1,1,0,0,0,0,-1,-1,0
qwen,rel::1/booking_2.jpg,rel::1/booking_2.jpg::en::ru,en,ru,dependent,0,1,0,1,1,1,0,0,0
qwen,rel::1/booking_2.jpg,rel::1/booking_2.jpg::en::th,en,th,dependent,0,1,0,0,1,0,0,-1,-1
qwen,rel::1/booking_2.jpg,rel::1/booking_2.jpg::en::zh,en,zh,dependent,0,1,1,1,1,0,1,0,-1
qwen,rel::1/booking_2.jpg,rel::1/booking_2.jpg::ru::en,ru,en,dependent,1,1,1,1,0,0,0,0,0
qwen,rel::1/booking_2.jpg,rel::1/booking_2.jpg::ru::th,ru,th,dependent,0,0,0,0,0,0,0,0,0
qwen,rel::1/booking_2.jpg,rel::1/booking_2.jpg::ru::zh,ru,zh,dependent,1,1,1,1,0,0,0,0,0
qwen,rel::1/booking_2.jpg,rel::1/booking_2.jpg::th::en,th,en,dependent,1,1,1,1,0,0,0,0,0
qwen,rel::1/booking_2.jpg,rel::1/booking_2.jpg::th::ru,th,ru,dependent,0,1,0,1,1,1,0,0,0
qwen,rel::1/booking_2.jpg,rel::1/booking_2.jpg::th::zh,th,zh,dependent,1,1,1,1,0,0,0,0,0
qwen,rel::1/booking_2.jpg,rel::1/booking_2.jpg::zh::en,zh,en,dependent,1,1,1,1,0,0,0,0,0
qwen,rel::1/booking_2.jpg,rel::1/booking_2.jpg::zh::ru,zh,ru,dependent,1,1,0,1,0,1,-1,0,1
qwen,rel::1/booking_2.jpg,rel::1/booking_2.jpg::zh::th,zh,th,dependent,1,0,0,0,-1,0,-1,0,1
qwen,rel::1/booking_3.jpg,rel::1/booking_3.jpg::en::ru,en,ru,dependent,1,1,1,1,0,0,0,0,0
qwen,rel::1/booking_3.jpg,rel::1/booking_3.jpg::en::th,en,th,dependent,1,1,1,1,0,0,0,0,0
qwen,rel::1/booking_3.jpg,rel::1/booking_3.jpg::ru::en,ru,en,dependent,1,1,1,1,0,0,0,0,0
qwen,rel::1/booking_3.jpg,rel::1/booking_3.jpg::ru::th,ru,th,dependent,1,1,1,1,0,0,0,0,0
qwen,rel::1/booking_3.jpg,rel::1/booking_3.jpg::th::en,th,en,dependent,1,1,1,1,0,0,0,0,0
qwen,rel::1/booking_3.jpg,rel::1/booking_3.jpg::th::ru,th,ru,dependent,1,1,1,1,0,0,0,0,0
qwen,rel::1/booking_4.jpg,rel::1/booking_4.jpg::en::ru,en,ru,independent,0,0,0,0,0,0,0,0,0
qwen,rel::1/booking_4.jpg,rel::1/booking_4.jpg::en::th,en,th,independent,0,0,0,0,0,0,0,0,0
qwen,rel::1/booking_4.jpg,rel::1/booking_4.jpg::en::zh,en,zh,independent,1,1,1,1,0,0,0,0,0
qwen,rel::1/booking_4.jpg,rel::1/booking_4.jpg::ru::en,ru,en,independent,0,0,1,1,0,0,1,1,0
qwen,rel::1/booking_4.jpg,rel::1/booking_4.jpg::ru::th,ru,th,independent,0,0,1,0,0,-1,1,0,-1
qwen,rel::1/booking_4.jpg,rel::1/booking_4.jpg::ru::zh,ru,zh,independent,0,0,0,1,0,1,0,1,1
qwen,rel::1/booking_4.jpg,rel::1/booking_4.jpg::th::en,th,en,independent,1,1,1,1,0,0,0,0,0
qwen,rel::1/booking_4.jpg,rel::1/booking_4.jpg::th::ru,th,ru,independent,0,0,1,0,0,-1,1,0,-1
qwen,rel::1/booking_4.jpg,rel::1/booking_4.jpg::th::zh,th,zh,independent,1,1,1,1,0,0,0,0,0
qwen,rel::1/booking_4.jpg,rel::1/booking_4.jpg::zh::en,zh,en,independent,1,1,1,1,0,0,0,0,0
qwen,rel::1/booking_4.jpg,rel::1/booking_4.jpg::zh::ru,zh,ru,independent,1,1,1,0,0,-1,0,-1,-1
qwen,rel::1/booking_4.jpg,rel::1/booking_4.jpg::zh::th,zh,th,independent,0,1,0,0,1,0,0,-1,-1
qwen,rel::1/booking_5.jpg,rel::1/booking_5.jpg::en::ru,en,ru,dependent,0,0,0,0,0,0,0,0,0
qwen,rel::1/booking_5.jpg,rel::1/booking_5.jpg::en::th,en,th,dependent,1,0,1,0,-1,-1,0,0,0
qwen,rel::1/booking_5.jpg,rel::1/booking_5.jpg::en::zh,en,zh,dependent,0,0,0,0,0,0,0,0,0
qwen,rel::1/booking_5.jpg,rel::1/booking_5.jpg::ru::en,ru,en,dependent,0,0,0,0,0,0,0,0,0
qwen,rel::1/booking_5.jpg,rel::1/booking_5.jpg::ru::th,ru,th,dependent,0,0,1,0,0,-1,1,0,-1
qwen,rel::1/booking_5.jpg,rel::1/booking_5.jpg::ru::zh,ru,zh,dependent,0,0,0,0,0,0,0,0,0
qwen,rel::1/booking_5.jpg,rel::1/booking_5.jpg::th::en,th,en,dependent,0,0,0,0,0,0,0,0,0
qwen,rel::1/booking_5.jpg,rel::1/booking_5.jpg::th::ru,th,ru,dependent,0,0,0,0,0,0,0,0,0
qwen,rel::1/booking_5.jpg,rel::1/booking_5.jpg::th::zh,th,zh,dependent,0,0,0,0,0,0,0,0,0
qwen,rel::1/booking_5.jpg,rel::1/booking_5.jpg::zh::en,zh,en,dependent,0,0,0,0,0,0,0,0,0
qwen,rel::1/booking_5.jpg,rel::1/booking_5.jpg::zh::ru,zh,ru,dependent,0,0,0,0,0,0,0,0,0
qwen,rel::1/booking_5.jpg,rel::1/booking_5.jpg::zh::th,zh,th,dependent,0,0,1,0,0,-1,1,0,-1
qwen,rel::1/booking_6.jpg,rel::1/booking_6.jpg::en::ru,en,ru,dependent,1,1,1,1,0,0,0,0,0
qwen,rel::1/booking_6.jpg,rel::1/booking_6.jpg::en::th,en,th,dependent,1,1,1,0,0,-1,0,-1,-1
qwen,rel::1/booking_6.jpg,rel::1/booking_6.jpg::en::zh,en,zh,dependent,0,0,1,0,0,-1,1,0,-1
qwen,rel::1/booking_6.jpg,rel::1/booking_6.jpg::ru::en,ru,en,dependent,0,1,0,0,1,0,0,-1,-1
qwen,rel::1/booking_6.jpg,rel::1/booking_6.jpg::ru::th,ru,th,dependent,1,0,1,0,-1,-1,0,0,0
qwen,rel::1/booking_6.jpg,rel::1/booking_6.jpg::ru::zh,ru,zh,dependent,1,0,1,0,-1,-1,0,0,0
qwen,rel::1/booking_6.jpg,rel::1/booking_6.jpg::th::en,th,en,dependent,0,0,0,0,0,0,0,0,0
qwen,rel::1/booking_6.jpg,rel::1/booking_6.jpg::th::ru,th,ru,dependent,0,1,1,1,1,0,1,0,-1
qwen,rel::1/booking_6.jpg,rel::1/booking_6.jpg::th::zh,th,zh,dependent,0,0,0,0,0,0,0,0,0
qwen,rel::1/booking_6.jpg,rel::1/booking_6.jpg::zh::en,zh,en,dependent,1,1,0,0,0,0,-1,-1,0
qwen,rel::1/booking_6.jpg,rel::1/booking_6.jpg::zh::ru,zh,ru,dependent,0,0,0,1,0,1,0,1,1
qwen,rel::1/booking_6.jpg,rel::1/booking_6.jpg::zh::th,zh,th,dependent,1,0,0,0,-1,0,-1,0,1
qwen,rel::1/booking_7.jpg,rel::1/booking_7.jpg::en::ru,en,ru,dependent,0,1,0,1,1,1,0,0,0
qwen,rel::1/booking_7.jpg,rel::1/booking_7.jpg::en::th,en,th,dependent,0,0,0,0,0,0,0,0,0
qwen,rel::1/booking_7.jpg,rel::1/booking_7.jpg::en::zh,en,zh,dependent,0,0,0,0,0,0,0,0,0
qwen,rel::1/booking_7.jpg,rel::1/booking_7.jpg::ru::en,ru,en,dependent,0,0,0,0,0,0,0,0,0
qwen,rel::1/booking_7.jpg,rel::1/booking_7.jpg::ru::th,ru,th,dependent,0,0,0,0,0,0,0,0,0
qwen,rel::1/booking_7.jpg,rel::1/booking_7.jpg::ru::zh,ru,zh,dependent,0,0,0,0,0,0,0,0,0
qwen,rel::1/booking_7.jpg,rel::1/booking_7.jpg::th::en,th,en,dependent,0,0,0,0,0,0,0,0,0
qwen,rel::1/booking_7.jpg,rel::1/booking_7.jpg::th::ru,th,ru,dependent,0,0,0,1,0,1,0,1,1
qwen,rel::1/booking_7.jpg,rel::1/booking_7.jpg::th::zh,th,zh,dependent,0,0,0,0,0,0,0,0,0
qwen,rel::1/booking_7.jpg,rel::1/booking_7.jpg::zh::en,zh,en,dependent,0,0,0,0,0,0,0,0,0
qwen,rel::1/booking_7.jpg,rel::1/booking_7.jpg::zh::ru,zh,ru,dependent,0,0,0,1,0,1,0,1,1
qwen,rel::1/booking_7.jpg,rel::1/booking_7.jpg::zh::th,zh,th,dependent,0,0,0,0,0,0,0,0,0
qwen,rel::1/booking_8.jpg,rel::1/booking_8.jpg::en::ru,en,ru,dependent,0,1,0,0,1,0,0,-1,-1
qwen,rel::1/booking_8.jpg,rel::1/booking_8.jpg::en::th,en,th,dependent,1,1,1,1,0,0,0,0,0
qwen,rel::1/booking_8.jpg,rel::1/booking_8.jpg::en::zh,en,zh,dependent,1,0,0,1,-1,1,-1,1,2
qwen,rel::1/booking_8.jpg,rel::1/booking_8.jpg::ru::en,ru,en,dependent,0,0,1,1,0,0,1,1,0
qwen,rel::1/booking_8.jpg,rel::1/booking_8.jpg::ru::th,ru,th,dependent,0,1,0,1,1,1,0,0,0
qwen,rel::1/booking_8.jpg,rel::1/booking_8.jpg::ru::zh,ru,zh,dependent,0,0,0,1,0,1,0,1,1
qwen,rel::1/booking_8.jpg,rel::1/booking_8.jpg::th::en,th,en,dependent,0,1,0,1,1,1,0,0,0
qwen,rel::1/booking_8.jpg,rel::1/booking_8.jpg::th::ru,th,ru,dependent,0,0,0,0,0,0,0,0,0
qwen,rel::1/booking_8.jpg,rel::1/booking_8.jpg::th::zh,th,zh,dependent,1,0,0,1,-1,1,-1,1,2
qwen,rel::1/booking_8.jpg,rel::1/booking_8.jpg::zh::en,zh,en,dependent,0,0,0,1,0,1,0,1,1
qwen,rel::1/booking_8.jpg,rel::1/booking_8.jpg::zh::ru,zh,ru,dependent,0,0,0,0,0,0,0,0,0
qwen,rel::1/booking_8.jpg,rel::1/booking_8.jpg::zh::th,zh,th,dependent,0,1,1,1,1,0,1,0,-1
qwen,rel::1/booking_9.jpg,rel::1/booking_9.jpg::en::ru,en,ru,dependent,1,1,1,1,0,0,0,0,0
qwen,rel::1/booking_9.jpg,rel::1/booking_9.jpg::en::th,en,th,dependent,1,1,0,1,0,1,-1,0,1
qwen,rel::1/booking_9.jpg,rel::1/booking_9.jpg::en::zh,en,zh,dependent,1,1,1,1,0,0,0,0,0
qwen,rel::1/booking_9.jpg,rel::1/booking_9.jpg::ru::en,ru,en,dependent,1,1,1,1,0,0,0,0,0
qwen,rel::1/booking_9.jpg,rel::1/booking_9.jpg::ru::th,ru,th,dependent,1,1,1,1,0,0,0,0,0
qwen,rel::1/booking_9.jpg,rel::1/booking_9.jpg::ru::zh,ru,zh,dependent,1,1,1,1,0,0,0,0,0
qwen,rel::1/booking_9.jpg,rel::1/booking_9.jpg::th::en,th,en,dependent,1,1,1,1,0,0,0,0,0
qwen,rel::1/booking_9.jpg,rel::1/booking_9.jpg::th::ru,th,ru,dependent,1,1,1,1,0,0,0,0,0
qwen,rel::1/booking_9.jpg,rel::1/booking_9.jpg::th::zh,th,zh,dependent,1,1,1,1,0,0,0,0,0
qwen,rel::1/booking_9.jpg,rel::1/booking_9.jpg::zh::en,zh,en,dependent,1,1,1,1,0,0,0,0,0
qwen,rel::1/booking_9.jpg,rel::1/booking_9.jpg::zh::ru,zh,ru,dependent,1,1,1,1,0,0,0,0,0
qwen,rel::1/booking_9.jpg,rel::1/booking_9.jpg::zh::th,zh,th,dependent,1,1,0,1,0,1,-1,0,1
qwen,rel::1/podcast_1.jpg,rel::1/podcast_1.jpg::en::ru,en,ru,dependent,0,0,0,0,0,0,0,0,0
qwen,rel::1/podcast_1.jpg,rel::1/podcast_1.jpg::en::th,en,th,dependent,0,0,0,0,0,0,0,0,0
qwen,rel::1/podcast_1.jpg,rel::1/podcast_1.jpg::en::zh,en,zh,dependent,0,0,0,0,0,0,0,0,0
qwen,rel::1/podcast_1.jpg,rel::1/podcast_1.jpg::ru::en,ru,en,dependent,0,0,0,0,0,0,0,0,0
qwen,rel::1/podcast_1.jpg,rel::1/podcast_1.jpg::ru::th,ru,th,dependent,0,0,0,0,0,0,0,0,0
qwen,rel::1/podcast_1.jpg,rel::1/podcast_1.jpg::ru::zh,ru,zh,dependent,0,0,0,0,0,0,0,0,0
qwen,rel::1/podcast_1.jpg,rel::1/podcast_1.jpg::th::en,th,en,dependent,0,0,0,0,0,0,0,0,0
qwen,rel::1/podcast_1.jpg,rel::1/podcast_1.jpg::th::ru,th,ru,dependent,0,0,0,0,0,0,0,0,0
qwen,rel::1/podcast_1.jpg,rel::1/podcast_1.jpg::th::zh,th,zh,dependent,0,0,0,0,0,0,0,0,0
qwen,rel::1/podcast_1.jpg,rel::1/podcast_1.jpg::zh::en,zh,en,dependent,0,0,0,0,0,0,0,0,0
qwen,rel::1/podcast_1.jpg,rel::1/podcast_1.jpg::zh::ru,zh,ru,dependent,0,0,0,0,0,0,0,0,0
qwen,rel::1/podcast_1.jpg,rel::1/podcast_1.jpg::zh::th,zh,th,dependent,0,0,0,0,0,0,0,0,0
qwen,rel::1/podcast_2.jpg,rel::1/podcast_2.jpg::en::ru,en,ru,dependent,1,1,1,1,0,0,0,0,0
qwen,rel::1/podcast_2.jpg,rel::1/podcast_2.jpg::en::th,en,th,dependent,1,1,1,1,0,0,0,0,0
qwen,rel::1/podcast_2.jpg,rel::1/podcast_2.jpg::en::zh,en,zh,dependent,1,1,1,1,0,0,0,0,0
qwen,rel::1/podcast_2.jpg,rel::1/podcast_2.jpg::ru::en,ru,en,dependent,0,1,0,1,1,1,0,0,0
qwen,rel::1/podcast_2.jpg,rel::1/podcast_2.jpg::ru::th,ru,th,dependent,0,1,0,1,1,1,0,0,0
qwen,rel::1/podcast_2.jpg,rel::1/podcast_2.jpg::ru::zh,ru,zh,dependent,0,1,0,1,1,1,0,0,0
qwen,rel::1/podcast_2.jpg,rel::1/podcast_2.jpg::th::en,th,en,dependent,1,1,1,1,0,0,0,0,0
qwen,rel::1/podcast_2.jpg,rel::1/podcast_2.jpg::th::ru,th,ru,dependent,1,1,1,1,0,0,0,0,0
qwen,rel::1/podcast_2.jpg,rel::1/podcast_2.jpg::th::zh,th,zh,dependent,1,1,1,1,0,0,0,0,0
qwen,rel::1/podcast_2.jpg,rel::1/podcast_2.jpg::zh::en,zh,en,dependent,1,1,1,1,0,0,0,0,0
qwen,rel::1/podcast_2.jpg,rel::1/podcast_2.jpg::zh::ru,zh,ru,dependent,1,1,1,1,0,0,0,0,0
qwen,rel::1/podcast_2.jpg,rel::1/podcast_2.jpg::zh::th,zh,th,dependent,1,1,1,1,0,0,0,0,0
qwen,rel::1/podcast_3.jpg,rel::1/podcast_3.jpg::en::ru,en,ru,dependent,1,1,1,1,0,0,0,0,0
qwen,rel::1/podcast_3.jpg,rel::1/podcast_3.jpg::en::th,en,th,dependent,1,0,1,1,-1,0,0,1,1
qwen,rel::1/podcast_3.jpg,rel::1/podcast_3.jpg::en::zh,en,zh,dependent,1,1,1,1,0,0,0,0,0
qwen,rel::1/podcast_3.jpg,rel::1/podcast_3.jpg::ru::en,ru,en,dependent,1,1,0,1,0,1,-1,0,1
qwen,rel::1/podcast_3.jpg,rel::1/podcast_3.jpg::ru::th,ru,th,dependent,1,1,0,1,0,1,-1,0,1
qwen,rel::1/podcast_3.jpg,rel::1/podcast_3.jpg::ru::zh,ru,zh,dependent,1,1,0,1,0,1,-1,0,1
qwen,rel::1/podcast_3.jpg,rel::1/podcast_3.jpg::th::en,th,en,dependent,1,1,0,1,0,1,-1,0,1
qwen,rel::1/podcast_3.jpg,rel::1/podcast_3.jpg::th::ru,th,ru,dependent,0,1,0,1,1,1,0,0,0
qwen,rel::1/podcast_3.jpg,rel::1/podcast_3.jpg::th::zh,th,zh,dependent,0,1,0,1,1,1,0,0,0
qwen,rel::1/podcast_3.jpg,rel::1/podcast_3.jpg::zh::en,zh,en,dependent,0,0,1,1,0,0,1,1,0
qwen,rel::1/podcast_3.jpg,rel::1/podcast_3.jpg::zh::ru,zh,ru,dependent,1,0,0,1,-1,1,-1,1,2
qwen,rel::1/podcast_3.jpg,rel::1/podcast_3.jpg::zh::th,zh,th,dependent,1,0,0,1,-1,1,-1,1,2
qwen,rel::1/podcast_4.jpg,rel::1/podcast_4.jpg::en::ru,en,ru,dependent,1,1,1,1,0,0,0,0,0
qwen,rel::1/podcast_4.jpg,rel::1/podcast_4.jpg::en::th,en,th,dependent,0,1,1,1,1,0,1,0,-1
qwen,rel::1/podcast_4.jpg,rel::1/podcast_4.jpg::en::zh,en,zh,dependent,1,1,1,1,0,0,0,0,0
qwen,rel::1/podcast_4.jpg,rel::1/podcast_4.jpg::ru::en,ru,en,dependent,1,1,1,1,0,0,0,0,0
qwen,rel::1/podcast_4.jpg,rel::1/podcast_4.jpg::ru::th,ru,th,dependent,0,1,0,1,1,1,0,0,0
qwen,rel::1/podcast_4.jpg,rel::1/podcast_4.jpg::ru::zh,ru,zh,dependent,1,1,1,1,0,0,0,0,0
qwen,rel::1/podcast_4.jpg,rel::1/podcast_4.jpg::th::en,th,en,dependent,1,1,1,1,0,0,0,0,0
qwen,rel::1/podcast_4.jpg,rel::1/podcast_4.jpg::th::ru,th,ru,dependent,1,1,1,1,0,0,0,0,0
qwen,rel::1/podcast_4.jpg,rel::1/podcast_4.jpg::th::zh,th,zh,dependent,1,1,1,1,0,0,0,0,0
qwen,rel::1/podcast_4.jpg,rel::1/podcast_4.jpg::zh::en,zh,en,dependent,1,1,1,1,0,0,0,0,0
qwen,rel::1/podcast_4.jpg,rel::1/podcast_4.jpg::zh::ru,zh,ru,dependent,1,1,1,1,0,0,0,0,0
qwen,rel::1/podcast_4.jpg,rel::1/podcast_4.jpg::zh::th,zh,th,dependent,1,1,1,1,0,0,0,0,0
qwen,rel::1/podcast_5.jpg,rel::1/podcast_5.jpg::en::ru,en,ru,dependent,1,1,1,1,0,0,0,0,0
qwen,rel::1/podcast_5.jpg,rel::1/podcast_5.jpg::en::th,en,th,dependent,1,1,0,1,0,1,-1,0,1
qwen,rel::1/podcast_5.jpg,rel::1/podcast_5.jpg::en::zh,en,zh,dependent,1,1,1,1,0,0,0,0,0
qwen,rel::1/podcast_5.jpg,rel::1/podcast_5.jpg::ru::en,ru,en,dependent,1,1,1,1,0,0,0,0,0
qwen,rel::1/podcast_5.jpg,rel::1/podcast_5.jpg::ru::th,ru,th,dependent,0,1,0,1,1,1,0,0,0
qwen,rel::1/podcast_5.jpg,rel::1/podcast_5.jpg::ru::zh,ru,zh,dependent,1,1,1,1,0,0,0,0,0
qwen,rel::1/podcast_5.jpg,rel::1/podcast_5.jpg::th::en,th,en,dependent,1,1,1,1,0,0,0,0,0
qwen,rel::1/podcast_5.jpg,rel::1/podcast_5.jpg::th::ru,th,ru,dependent,1,1,0,1,0,1,-1,0,1
qwen,rel::1/podcast_5.jpg,rel::1/podcast_5.jpg::th::zh,th,zh,dependent,1,1,1,1,0,0,0,0,0
qwen,rel::1/podcast_5.jpg,rel::1/podcast_5.jpg::zh::en,zh,en,dependent,1,1,1,1,0,0,0,0,0
qwen,rel::1/podcast_5.jpg,rel::1/podcast_5.jpg::zh::ru,zh,ru,dependent,1,1,0,1,0,1,-1,0,1
qwen,rel::1/podcast_5.jpg,rel::1/podcast_5.jpg::zh::th,zh,th,dependent,0,1,0,1,1,1,0,0,0
qwen,rel::2/calendar_1.png,rel::2/calendar_1.png::en::ru,en,ru,dependent,1,1,1,1,0,0,0,0,0
qwen,rel::2/calendar_1.png,rel::2/calendar_1.png::en::th,en,th,dependent,1,1,1,1,0,0,0,0,0
qwen,rel::2/calendar_1.png,rel::2/calendar_1.png::en::zh,en,zh,dependent,1,1,1,1,0,0,0,0,0
qwen,rel::2/calendar_1.png,rel::2/calendar_1.png::ru::en,ru,en,dependent,1,1,1,1,0,0,0,0,0
qwen,rel::2/calendar_1.png,rel::2/calendar_1.png::ru::th,ru,th,dependent,1,1,1,1,0,0,0,0,0
qwen,rel::2/calendar_1.png,rel::2/calendar_1.png::ru::zh,ru,zh,dependent,1,1,1,1,0,0,0,0,0
qwen,rel::2/calendar_1.png,rel::2/calendar_1.png::th::en,th,en,dependent,1,1,1,1,0,0,0,0,0
qwen,rel::2/calendar_1.png,rel::2/calendar_1.png::th::ru,th,ru,dependent,1,1,1,1,0,0,0,0,0
qwen,rel::2/calendar_1.png,rel::2/calendar_1.png::th::zh,th,zh,dependent,1,1,1,1,0,0,0,0,0
qwen,rel::2/calendar_1.png,rel::2/calendar_1.png::zh::en,zh,en,dependent,1,1,1,1,0,0,0,0,0
qwen,rel::2/calendar_1.png,rel::2/calendar_1.png::zh::ru,zh,ru,dependent,1,1,1,1,0,0,0,0,0
qwen,rel::2/calendar_1.png,rel::2/calendar_1.png::zh::th,zh,th,dependent,1,1,1,1,0,0,0,0,0
qwen,rel::2/calendar_10.png,rel::2/calendar_10.png::en::ru,en,ru,dependent,1,1,1,1,0,0,0,0,0
qwen,rel::2/calendar_10.png,rel::2/calendar_10.png::en::th,en,th,dependent,0,1,0,0,1,0,0,-1,-1
qwen,rel::2/calendar_10.png,rel::2/calendar_10.png::en::zh,en,zh,dependent,1,1,0,1,0,1,-1,0,1
qwen,rel::2/calendar_10.png,rel::2/calendar_10.png::ru::en,ru,en,dependent,1,1,1,1,0,0,0,0,0
qwen,rel::2/calendar_10.png,rel::2/calendar_10.png::ru::th,ru,th,dependent,0,1,0,0,1,0,0,-1,-1
qwen,rel::2/calendar_10.png,rel::2/calendar_10.png::ru::zh,ru,zh,dependent,0,1,0,1,1,1,0,0,0
qwen,rel::2/calendar_10.png,rel::2/calendar_10.png::th::en,th,en,dependent,0,1,0,1,1,1,0,0,0
qwen,rel::2/calendar_10.png,rel::2/calendar_10.png::th::ru,th,ru,dependent,0,1,1,1,1,0,1,0,-1
qwen,rel::2/calendar_10.png,rel::2/calendar_10.png::th::zh,th,zh,dependent,0,1,0,1,1,1,0,0,0
qwen,rel::2/calendar_10.png,rel::2/calendar_10.png::zh::en,zh,en,dependent,0,0,1,1,0,0,1,1,0
qwen,rel::2/calendar_10.png,rel::2/calendar_10.png::zh::ru,zh,ru,dependent,0,0,0,1,0,1,0,1,1
qwen,rel::2/calendar_10.png,rel::2/calendar_10.png::zh::th,zh,th,dependent,0,0,0,0,0,0,0,0,0
qwen,rel::2/calendar_2.png,rel::2/calendar_2.png::en::ru,en,ru,dependent,0,1,1,1,1,0,1,0,-1
qwen,rel::2/calendar_2.png,rel::2/calendar_2.png::en::th,en,th,dependent,0,1,1,1,1,0,1,0,-1
qwen,rel::2/calendar_2.png,rel::2/calendar_2.png::en::zh,en,zh,dependent,1,1,1,1,0,0,0,0,0
qwen,rel::2/calendar_2.png,rel::2/calendar_2.png::ru::en,ru,en,dependent,1,1,1,1,0,0,0,0,0
qwen,rel::2/calendar_2.png,rel::2/calendar_2.png::ru::th,ru,th,dependent,1,1,0,1,0,1,-1,0,1
qwen,rel::2/calendar_2.png,rel::2/calendar_2.png::ru::zh,ru,zh,dependent,1,1,1,1,0,0,0,0,0
qwen,rel::2/calendar_2.png,rel::2/calendar_2.png::th::en,th,en,dependent,1,1,1,1,0,0,0,0,0
qwen,rel::2/calendar_2.png,rel::2/calendar_2.png::th::ru,th,ru,dependent,1,1,1,1,0,0,0,0,0
qwen,rel::2/calendar_2.png,rel::2/calendar_2.png::th::zh,th,zh,dependent,1,1,1,1,0,0,0,0,0
qwen,rel::2/calendar_2.png,rel::2/calendar_2.png::zh::en,zh,en,dependent,1,1,1,1,0,0,0,0,0
qwen,rel::2/calendar_2.png,rel::2/calendar_2.png::zh::ru,zh,ru,dependent,1,1,1,1,0,0,0,0,0
qwen,rel::2/calendar_2.png,rel::2/calendar_2.png::zh::th,zh,th,dependent,1,1,0,1,0,1,-1,0,1
qwen,rel::2/calendar_3.png,rel::2/calendar_3.png::en::ru,en,ru,dependent,0,1,0,1,1,1,0,0,0
qwen,rel::2/calendar_3.png,rel::2/calendar_3.png::en::th,en,th,dependent,0,0,0,0,0,0,0,0,0
qwen,rel::2/calendar_3.png,rel::2/calendar_3.png::en::zh,en,zh,dependent,0,1,0,1,1,1,0,0,0
qwen,rel::2/calendar_3.png,rel::2/calendar_3.png::ru::en,ru,en,dependent,0,1,1,1,1,0,1,0,-1
qwen,rel::2/calendar_3.png,rel::2/calendar_3.png::ru::th,ru,th,dependent,0,0,0,0,0,0,0,0,0
qwen,rel::2/calendar_3.png,rel::2/calendar_3.png::ru::zh,ru,zh,dependent,0,1,1,1,1,0,1,0,-1
qwen,rel::2/calendar_3.png,rel::2/calendar_3.png::th::en,th,en,dependent,0,1,0,1,1,1,0,0,0
qwen,rel::2/calendar_3.png,rel::2/calendar_3.png::th::ru,th,ru,dependent,0,1,0,1,1,1,0,0,0
qwen,rel::2/calendar_3.png,rel::2/calendar_3.png::th::zh,th,zh,dependent,0,1,0,1,1,1,0,0,0
qwen,rel::2/calendar_3.png,rel::2/calendar_3.png::zh::en,zh,en,dependent,1,1,1,1,0,0,0,0,0
qwen,rel::2/calendar_3.png,rel::2/calendar_3.png::zh::ru,zh,ru,dependent,1,1,0,1,0,1,-1,0,1
qwen,rel::2/calendar_3.png,rel::2/calendar_3.png::zh::th,zh,th,dependent,0,0,0,0,0,0,0,0,0
qwen,rel::2/calendar_4.png,rel::2/calendar_4.png::en::ru,en,ru,dependent,1,0,1,1,-1,0,0,1,1
qwen,rel::2/calendar_4.png,rel::2/calendar_4.png::en::th,en,th,dependent,0,0,0,0,0,0,0,0,0
qwen,rel::2/calendar_4.png,rel::2/calendar_4.png::en::zh,en,zh,dependent,1,1,1,0,0,-1,0,-1,-1
qwen,rel::2/calendar_4.png,rel::2/calendar_4.png::ru::en,ru,en,dependent,1,1,0,1,0,1,-1,0,1
qwen,rel::2/calendar_4.png,rel::2/calendar_4.png::ru::th,ru,th,dependent,1,0,0,0,-1,0,-1,0,1
qwen,rel::2/calendar_4.png,rel::2/calendar_4.png::ru::zh,ru,zh,dependent,1,0,1,0,-1,-1,0,0,0
qwen,rel::2/calendar_4.png,rel::2/calendar_4.png::th::en,th,en,dependent,0,0,1,1,0,0,1,1,0
qwen,rel::2/calendar_4.png,rel::2/calendar_4.png::th::ru,th,ru,dependent,0,0,1,1,0,0,1,1,0
qwen,rel::2/calendar_4.png,rel::2/calendar_4.png::th::zh,th,zh,dependent,0,0,1,0,0,-1,1,0,-1
qwen,rel::2/calendar_4.png,rel::2/calendar_4.png::zh::en,zh,en,dependent,1,1,0,1,0,1,-1,0,1
qwen,rel::2/calendar_4.png,rel::2/calendar_4.png::zh::ru,zh,ru,dependent,0,0,0,1,0,1,0,1,1
qwen,rel::2/calendar_4.png,rel::2/calendar_4.png::zh::th,zh,th,dependent,0,0,0,0,0,0,0,0,0
qwen,rel::2/calendar_5.png,rel::2/calendar_5.png::en::ru,en,ru,dependent,1,1,0,0,0,0,-1,-1,0
qwen,rel::2/calendar_5.png,rel::2/calendar_5.png::en::th,en,th,dependent,1,1,1,0,0,-1,0,-1,-1
qwen,rel::2/calendar_5.png,rel::2/calendar_5.png::en::zh,en,zh,dependent,0,1,1,1,1,0,1,0,-1
qwen,rel::2/calendar_5.png,rel::2/calendar_5.png::ru::en,ru,en,dependent,0,0,1,1,0,0,1,1,0
qwen,rel::2/calendar_5.png,rel::2/calendar_5.png::ru::th,ru,th,dependent,1,0,1,0,-1,-1,0,0,0
qwen,rel::2/calendar_5.png,rel::2/calendar_5.png::ru::zh,ru,zh,dependent,0,0,1,1,0,0,1,1,0
qwen,rel::2/calendar_5.png,rel::2/calendar_5.png::th::en,th,en,dependent,1,1,1,1,0,0,0,0,0
qwen,rel::2/calendar_5.png,rel::2/calendar_5.png::th::ru,th,ru,dependent,1,1,0,0,0,0,-1,-1,0
qwen,rel::2/calendar_5.png,rel::2/calendar_5.png::th::zh,th,zh,dependent,0,1,0,1,1,1,0,0,0
qwen,rel::2/calendar_5.png,rel::2/calendar_5.png::zh::en,zh,en,dependent,1,1,0,1,0,1,-1,0,1
qwen,rel::2/calendar_5.png,rel::2/calendar_5.png::zh::ru,zh,ru,dependent,1,1,1,0,0,-1,0,-1,-1
qwen,rel::2/calendar_5.png,rel::2/calendar_5.png::zh::th,zh,th,dependent,0,0,0,0,0,0,0,0,0
qwen,rel::2/calendar_6.png,rel::2/calendar_6.png::en::ru,en,ru,dependent,1,1,1,1,0,0,0,0,0
qwen,rel::2/calendar_6.png,rel::2/calendar_6.png::en::th,en,th,dependent,1,1,1,0,0,-1,0,-1,-1
qwen,rel::2/calendar_6.png,rel::2/calendar_6.png::en::zh,en,zh,dependent,1,1,1,1,0,0,0,0,0
qwen,rel::2/calendar_6.png,rel::2/calendar_6.png::ru::en,ru,en,dependent,1,1,1,1,0,0,0,0,0
qwen,rel::2/calendar_6.png,rel::2/calendar_6.png::ru::th,ru,th,dependent,1,1,1,0,0,-1,0,-1,-1
qwen,rel::2/calendar_6.png,rel::2/calendar_6.png::ru::zh,ru,zh,dependent,1,1,1,1,0,0,0,0,0
qwen,rel::2/calendar_6.png,rel::2/calendar_6.png::th::en,th,en,dependent,1,1,1,1,0,0,0,0,0
qwen,rel::2/calendar_6.png,rel::2/calendar_6.png::th::ru,th,ru,dependent,0,1,0,1,1,1,0,0,0
qwen,rel::2/calendar_6.png,rel::2/calendar_6.png::th::zh,th,zh,dependent,0,1,1,1,1,0,1,0,-1
qwen,rel::2/calendar_6.png,rel::2/calendar_6.png::zh::en,zh,en,dependent,1,1,1,1,0,0,0,0,0
qwen,rel::2/calendar_6.png,rel::2/calendar_6.png::zh::ru,zh,ru,dependent,1,1,1,1,0,0,0,0,0
qwen,rel::2/calendar_6.png,rel::2/calendar_6.png::zh::th,zh,th,dependent,1,1,0,0,0,0,-1,-1,0
qwen,rel::2/calendar_7.png,rel::2/calendar_7.png::en::ru,en,ru,independent,1,0,1,0,-1,-1,0,0,0
qwen,rel::2/calendar_7.png,rel::2/calendar_7.png::en::th,en,th,independent,1,1,0,0,0,0,-1,-1,0
qwen,rel::2/calendar_7.png,rel::2/calendar_7.png::en::zh,en,zh,independent,1,1,1,1,0,0,0,0,0
qwen,rel::2/calendar_7.png,rel::2/calendar_7.png::ru::en,ru,en,independent,0,1,1,1,1,0,1,0,-1
qwen,rel::2/calendar_7.png,rel::2/calendar_7.png::ru::th,ru,th,independent,0,1,0,0,1,0,0,-1,-1
qwen,rel::2/calendar_7.png,rel::2/calendar_7.png::ru::zh,ru,zh,independent,0,1,1,1,1,0,1,0,-1
qwen,rel::2/calendar_7.png,rel::2/calendar_7.png::th::en,th,en,independent,0,0,0,1,0,1,0,1,1
qwen,rel::2/calendar_7.png,rel::2/calendar_7.png::th::ru,th,ru,independent,0,0,0,0,0,0,0,0,0
qwen,rel::2/calendar_7.png,rel::2/calendar_7.png::th::zh,th,zh,independent,0,0,0,1,0,1,0,1,1
qwen,rel::2/calendar_7.png,rel::2/calendar_7.png::zh::en,zh,en,independent,1,1,1,1,0,0,0,0,0
qwen,rel::2/calendar_7.png,rel::2/calendar_7.png::zh::ru,zh,ru,independent,1,1,1,0,0,-1,0,-1,-1
qwen,rel::2/calendar_7.png,rel::2/calendar_7.png::zh::th,zh,th,independent,1,0,1,0,-1,-1,0,0,0
qwen,rel::2/calendar_8.png,rel::2/calendar_8.png::en::ru,en,ru,dependent,0,0,1,0,0,-1,1,0,-1
qwen,rel::2/calendar_8.png,rel::2/calendar_8.png::en::th,en,th,dependent,0,0,0,0,0,0,0,0,0
qwen,rel::2/calendar_8.png,rel::2/calendar_8.png::en::zh,en,zh,dependent,1,1,1,1,0,0,0,0,0
qwen,rel::2/calendar_8.png,rel::2/calendar_8.png::ru::en,ru,en,dependent,0,0,0,0,0,0,0,0,0
qwen,rel::2/calendar_8.png,rel::2/calendar_8.png::ru::th,ru,th,dependent,0,0,0,0,0,0,0,0,0
qwen,rel::2/calendar_8.png,rel::2/calendar_8.png::ru::zh,ru,zh,dependent,1,1,1,1,0,0,0,0,0
qwen,rel::2/calendar_8.png,rel::2/calendar_8.png::th::en,th,en,dependent,0,0,0,0,0,0,0,0,0
qwen,rel::2/calendar_8.png,rel::2/calendar_8.png::th::ru,th,ru,dependent,0,0,0,0,0,0,0,0,0
qwen,rel::2/calendar_8.png,rel::2/calendar_8.png::th::zh,th,zh,dependent,0,0,1,1,0,0,1,1,0
qwen,rel::2/calendar_8.png,rel::2/calendar_8.png::zh::en,zh,en,dependent,1,1,0,0,0,0,-1,-1,0
qwen,rel::2/calendar_8.png,rel::2/calendar_8.png::zh::ru,zh,ru,dependent,1,1,0,0,0,0,-1,-1,0
qwen,rel::2/calendar_8.png,rel::2/calendar_8.png::zh::th,zh,th,dependent,0,1,0,0,1,0,0,-1,-1
qwen,rel::2/calendar_9.png,rel::2/calendar_9.png::en::ru,en,ru,dependent,0,0,0,0,0,0,0,0,0
qwen,rel::2/calendar_9.png,rel::2/calendar_9.png::en::th,en,th,dependent,0,0,0,1,0,1,0,1,1
qwen,rel::2/calendar_9.png,rel::2/calendar_9.png::en::zh,en,zh,dependent,0,1,0,1,1,1,0,0,0
qwen,rel::2/calendar_9.png,rel::2/calendar_9.png::ru::en,ru,en,dependent,0,1,0,1,1,1,0,0,0
qwen,rel::2/calendar_9.png,rel::2/calendar_9.png::ru::th,ru,th,dependent,0,1,0,1,1,1,0,0,0
qwen,rel::2/calendar_9.png,rel::2/calendar_9.png::ru::zh,ru,zh,dependent,0,1,0,1,1,1,0,0,0
qwen,rel::2/calendar_9.png,rel::2/calendar_9.png::th::en,th,en,dependent,1,1,0,1,0,1,-1,0,1
qwen,rel::2/calendar_9.png,rel::2/calendar_9.png::th::ru,th,ru,dependent,0,1,0,0,1,0,0,-1,-1
qwen,rel::2/calendar_9.png,rel::2/calendar_9.png::th::zh,th,zh,dependent,0,1,0,1,1,1,0,0,0
qwen,rel::2/calendar_9.png,rel::2/calendar_9.png::zh::en,zh,en,dependent,1,1,1,1,0,0,0,0,0
qwen,rel::2/calendar_9.png,rel::2/calendar_9.png::zh::ru,zh,ru,dependent,0,1,0,0,1,0,0,-1,-1
qwen,rel::2/calendar_9.png,rel::2/calendar_9.png::zh::th,zh,th,dependent,0,1,0,1,1,1,0,0,0
qwen,rel::2/clock_1.png,rel::2/clock_1.png::en::ru,en,ru,dependent,0,1,0,1,1,1,0,0,0
qwen,rel::2/clock_1.png,rel::2/clock_1.png::en::th,en,th,dependent,0,0,0,0,0,0,0,0,0
qwen,rel::2/clock_1.png,rel::2/clock_1.png::en::zh,en,zh,dependent,1,1,1,1,0,0,0,0,0
qwen,rel::2/clock_1.png,rel::2/clock_1.png::ru::en,ru,en,dependent,0,1,1,1,1,0,1,0,-1
qwen,rel::2/clock_1.png,rel::2/clock_1.png::ru::th,ru,th,dependent,0,0,0,0,0,0,0,0,0
qwen,rel::2/clock_1.png,rel::2/clock_1.png::ru::zh,ru,zh,dependent,0,1,0,1,1,1,0,0,0
qwen,rel::2/clock_1.png,rel::2/clock_1.png::th::en,th,en,dependent,1,1,1,1,0,0,0,0,0
qwen,rel::2/clock_1.png,rel::2/clock_1.png::th::ru,th,ru,dependent,0,0,0,1,0,1,0,1,1
qwen,rel::2/clock_1.png,rel::2/clock_1.png::th::zh,th,zh,dependent,0,1,1,1,1,0,1,0,-1
qwen,rel::2/clock_1.png,rel::2/clock_1.png::zh::en,zh,en,dependent,1,1,1,1,0,0,0,0,0
qwen,rel::2/clock_1.png,rel::2/clock_1.png::zh::ru,zh,ru,dependent,0,1,0,1,1,1,0,0,0
qwen,rel::2/clock_1.png,rel::2/clock_1.png::zh::th,zh,th,dependent,0,0,0,0,0,0,0,0,0
qwen,rel::2/clock_10.png,rel::2/clock_10.png::en::ru,en,ru,dependent,1,1,0,1,0,1,-1,0,1
qwen,rel::2/clock_10.png,rel::2/clock_10.png::en::th,en,th,dependent,1,1,0,1,0,1,-1,0,1
qwen,rel::2/clock_10.png,rel::2/clock_10.png::en::zh,en,zh,dependent,1,1,1,1,0,0,0,0,0
qwen,rel::2/clock_10.png,rel::2/clock_10.png::ru::en,ru,en,dependent,1,1,1,1,0,0,0,0,0
qwen,rel::2/clock_10.png,rel::2/clock_10.png::ru::th,ru,th,dependent,1,1,1,1,0,0,0,0,0
qwen,rel::2/clock_10.png,rel::2/clock_10.png::ru::zh,ru,zh,dependent,1,1,1,1,0,0,0,0,0
qwen,rel::2/clock_10.png,rel::2/clock_10.png::th::en,th,en,dependent,1,0,1,1,-1,0,0,1,1
qwen,rel::2/clock_10.png,rel::2/clock_10.png::th::ru,th,ru,dependent,0,1,0,1,1,1,0,0,0
qwen,rel::2/clock_10.png,rel::2/clock_10.png::th::zh,th,zh,dependent,1,1,1,1,0,0,0,0,0
qwen,rel::2/clock_10.png,rel::2/clock_10.png::zh::en,zh,en,dependent,1,1,1,1,0,0,0,0,0
qwen,rel::2/clock_10.png,rel::2/clock_10.png::zh::ru,zh,ru,dependent,0,1,0,1,1,1,0,0,0
qwen,rel::2/clock_10.png,rel::2/clock_10.png::zh::th,zh,th,dependent,0,1,0,1,1,1,0,0,0
qwen,rel::2/clock_2.png,rel::2/clock_2.png::en::ru,en,ru,dependent,0,0,0,0,0,0,0,0,0
qwen,rel::2/clock_2.png,rel::2/clock_2.png::en::th,en,th,dependent,0,0,0,0,0,0,0,0,0
qwen,rel::2/clock_2.png,rel::2/clock_2.png::en::zh,en,zh,dependent,0,0,0,0,0,0,0,0,0
qwen,rel::2/clock_2.png,rel::2/clock_2.png::ru::en,ru,en,dependent,0,0,0,0,0,0,0,0,0
qwen,rel::2/clock_2.png,rel::2/clock_2.png::ru::th,ru,th,dependent,0,0,1,0,0,-1,1,0,-1
qwen,rel::2/clock_2.png,rel::2/clock_2.png::ru::zh,ru,zh,dependent,0,0,0,0,0,0,0,0,0
qwen,rel::2/clock_2.png,rel::2/clock_2.png::th::en,th,en,dependent,0,0,0,0,0,0,0,0,0
qwen,rel::2/clock_2.png,rel::2/clock_2.png::th::ru,th,ru,dependent,0,0,0,0,0,0,0,0,0
qwen,rel::2/clock_2.png,rel::2/clock_2.png::th::zh,th,zh,dependent,0,0,0,0,0,0,0,0,0
qwen,rel::2/clock_2.png,rel::2/clock_2.png::zh::en,zh,en,dependent,0,0,0,0,0,0,0,0,0
qwen,rel::2/clock_2.png,rel::2/clock_2.png::zh::ru,zh,ru,dependent,0,0,0,0,0,0,0,0,0
qwen,rel::2/clock_2.png,rel::2/clock_2.png::zh::th,zh,th,dependent,0,0,0,0,0,0,0,0,0
qwen,rel::2/clock_3.png,rel::2/clock_3.png::en::ru,en,ru,independent,0,1,1,1,1,0,1,0,-1
qwen,rel::2/clock_3.png,rel::2/clock_3.png::en::th,en,th,independent,0,1,1,1,1,0,1,0,-1
qwen,rel::2/clock_3.png,rel::2/clock_3.png::en::zh,en,zh,independent,1,1,1,1,0,0,0,0,0
qwen,rel::2/clock_3.png,rel::2/clock_3.png::ru::en,ru,en,independent,1,1,0,1,0,1,-1,0,1
qwen,rel::2/clock_3.png,rel::2/clock_3.png::ru::th,ru,th,independent,1,1,1,1,0,0,0,0,0
qwen,rel::2/clock_3.png,rel::2/clock_3.png::ru::zh,ru,zh,independent,1,1,1,1,0,0,0,0,0
qwen,rel::2/clock_3.png,rel::2/clock_3.png::th::en,th,en,independent,1,1,0,1,0,1,-1,0,1
qwen,rel::2/clock_3.png,rel::2/clock_3.png::th::ru,th,ru,independent,1,1,1,1,0,0,0,0,0
qwen,rel::2/clock_3.png,rel::2/clock_3.png::th::zh,th,zh,independent,1,1,1,1,0,0,0,0,0
qwen,rel::2/clock_3.png,rel::2/clock_3.png::zh::en,zh,en,independent,1,1,0,1,0,1,-1,0,1
qwen,rel::2/clock_3.png,rel::2/clock_3.png::zh::ru,zh,ru,independent,1,1,1,1,0,0,0,0,0
qwen,rel::2/clock_3.png,rel::2/clock_3.png::zh::th,zh,th,independent,1,1,1,1,0,0,0,0,0
qwen,rel::2/clock_4.png,rel::2/clock_4.png::en::ru,en,ru,dependent,1,1,1,1,0,0,0,0,0
qwen,rel::2/clock_4.png,rel::2/clock_4.png::en::th,en,th,dependent,1,1,1,1,0,0,0,0,0
qwen,rel::2/clock_4.png,rel::2/clock_4.png::en::zh,en,zh,dependent,1,1,1,1,0,0,0,0,0
qwen,rel::2/clock_4.png,rel::2/clock_4.png::ru::en,ru,en,dependent,1,1,1,1,0,0,0,0,0
qwen,rel::2/clock_4.png,rel::2/clock_4.png::ru::th,ru,th,dependent,1,1,1,1,0,0,0,0,0
qwen,rel::2/clock_4.png,rel::2/clock_4.png::ru::zh,ru,zh,dependent,1,1,1,1,0,0,0,0,0
qwen,rel::2/clock_4.png,rel::2/clock_4.png::th::en,th,en,dependent,1,1,1,1,0,0,0,0,0
qwen,rel::2/clock_4.png,rel::2/clock_4.png::th::ru,th,ru,dependent,1,1,1,1,0,0,0,0,0
qwen,rel::2/clock_4.png,rel::2/clock_4.png::th::zh,th,zh,dependent,1,1,1,1,0,0,0,0,0
qwen,rel::2/clock_4.png,rel::2/clock_4.png::zh::en,zh,en,dependent,1,1,1,1,0,0,0,0,0
qwen,rel::2/clock_4.png,rel::2/clock_4.png::zh::ru,zh,ru,dependent,1,1,1,1,0,0,0,0,0
qwen,rel::2/clock_4.png,rel::2/clock_4.png::zh::th,zh,th,dependent,1,1,1,1,0,0,0,0,0
qwen,rel::2/clock_5.png,rel::2/clock_5.png::en::ru,en,ru,dependent,1,1,1,1,0,0,0,0,0
qwen,rel::2/clock_5.png,rel::2/clock_5.png::en::th,en,th,dependent,0,0,0,0,0,0,0,0,0
qwen,rel::2/clock_5.png,rel::2/clock_5.png::en::zh,en,zh,dependent,1,1,1,1,0,0,0,0,0
qwen,rel::2/clock_5.png,rel::2/clock_5.png::ru::en,ru,en,dependent,1,1,1,1,0,0,0,0,0
qwen,rel::2/clock_5.png,rel::2/clock_5.png::ru::th,ru,th,dependent,0,1,0,0,1,0,0,-1,-1
qwen,rel::2/clock_5.png,rel::2/clock_5.png::ru::zh,ru,zh,dependent,1,1,1,1,0,0,0,0,0
qwen,rel::2/clock_5.png,rel::2/clock_5.png::th::en,th,en,dependent,1,1,1,1,0,0,0,0,0
qwen,rel::2/clock_5.png,rel::2/clock_5.png::th::ru,th,ru,dependent,1,1,1,1,0,0,0,0,0
qwen,rel::2/clock_5.png,rel::2/clock_5.png::th::zh,th,zh,dependent,1,1,1,1,0,0,0,0,0
qwen,rel::2/clock_5.png,rel::2/clock_5.png::zh::en,zh,en,dependent,1,1,1,1,0,0,0,0,0
qwen,rel::2/clock_5.png,rel::2/clock_5.png::zh::ru,zh,ru,dependent,1,1,1,1,0,0,0,0,0
qwen,rel::2/clock_5.png,rel::2/clock_5.png::zh::th,zh,th,dependent,1,0,0,0,-1,0,-1,0,1
qwen,rel::2/clock_6.png,rel::2/clock_6.png::en::ru,en,ru,dependent,0,0,0,0,0,0,0,0,0
qwen,rel::2/clock_6.png,rel::2/clock_6.png::en::th,en,th,dependent,0,0,0,0,0,0,0,0,0
qwen,rel::2/clock_6.png,rel::2/clock_6.png::en::zh,en,zh,dependent,1,0,1,0,-1,-1,0,0,0
qwen,rel::2/clock_6.png,rel::2/clock_6.png::ru::en,ru,en,dependent,0,0,1,1,0,0,1,1,0
qwen,rel::2/clock_6.png,rel::2/clock_6.png::ru::th,ru,th,dependent,0,0,0,0,0,0,0,0,0
qwen,rel::2/clock_6.png,rel::2/clock_6.png::ru::zh,ru,zh,dependent,0,0,0,0,0,0,0,0,0
qwen,rel::2/clock_6.png,rel::2/clock_6.png::th::en,th,en,dependent,0,0,1,1,0,0,1,1,0
qwen,rel::2/clock_6.png,rel::2/clock_6.png::th::ru,th,ru,dependent,0,0,0,0,0,0,0,0,0
qwen,rel::2/clock_6.png,rel::2/clock_6.png::th::zh,th,zh,dependent,0,0,0,0,0,0,0,0,0
qwen,rel::2/clock_6.png,rel::2/clock_6.png::zh::en,zh,en,dependent,0,1,0,1,1,1,0,0,0
qwen,rel::2/clock_6.png,rel::2/clock_6.png::zh::ru,zh,ru,dependent,0,0,0,0,0,0,0,0,0
qwen,rel::2/clock_6.png,rel::2/clock_6.png::zh::th,zh,th,dependent,0,0,0,0,0,0,0,0,0
qwen,rel::2/clock_7.png,rel::2/clock_7.png::en::ru,en,ru,dependent,1,1,0,0,0,0,-1,-1,0
qwen,rel::2/clock_7.png,rel::2/clock_7.png::en::th,en,th,dependent,1,1,0,0,0,0,-1,-1,0
qwen,rel::2/clock_7.png,rel::2/clock_7.png::en::zh,en,zh,dependent,1,1,1,1,0,0,0,0,0
qwen,rel::2/clock_7.png,rel::2/clock_7.png::ru::en,ru,en,dependent,0,1,1,1,1,0,1,0,-1
qwen,rel::2/clock_7.png,rel::2/clock_7.png::ru::th,ru,th,dependent,0,1,0,0,1,0,0,-1,-1
qwen,rel::2/clock_7.png,rel::2/clock_7.png::ru::zh,ru,zh,dependent,0,0,0,1,0,1,0,1,1
qwen,rel::2/clock_7.png,rel::2/clock_7.png::th::en,th,en,dependent,0,0,0,1,0,1,0,1,1
qwen,rel::2/clock_7.png,rel::2/clock_7.png::th::ru,th,ru,dependent,0,0,0,0,0,0,0,0,0
qwen,rel::2/clock_7.png,rel::2/clock_7.png::th::zh,th,zh,dependent,0,0,1,1,0,0,1,1,0
qwen,rel::2/clock_7.png,rel::2/clock_7.png::zh::en,zh,en,dependent,1,1,1,1,0,0,0,0,0
qwen,rel::2/clock_7.png,rel::2/clock_7.png::zh::ru,zh,ru,dependent,0,1,0,0,1,0,0,-1,-1
qwen,rel::2/clock_7.png,rel::2/clock_7.png::zh::th,zh,th,dependent,1,0,0,0,-1,0,-1,0,1
qwen,rel::2/clock_8.png,rel::2/clock_8.png::en::ru,en,ru,dependent,1,1,1,1,0,0,0,0,0
qwen,rel::2/clock_8.png,rel::2/clock_8.png::en::th,en,th,dependent,1,1,0,1,0,1,-1,0,1
qwen,rel::2/clock_8.png,rel::2/clock_8.png::en::zh,en,zh,dependent,1,1,1,1,0,0,0,0,0
qwen,rel::2/clock_8.png,rel::2/clock_8.png::ru::en,ru,en,dependent,1,1,1,1,0,0,0,0,0
qwen,rel::2/clock_8.png,rel::2/clock_8.png::ru::th,ru,th,dependent,0,1,0,1,1,1,0,0,0
qwen,rel::2/clock_8.png,rel::2/clock_8.png::ru::zh,ru,zh,dependent,0,0,1,1,0,0,1,1,0
qwen,rel::2/clock_8.png,rel::2/clock_8.png::th::en,th,en,dependent,0,0,1,1,0,0,1,1,0
qwen,rel::2/clock_8.png,rel::2/clock_8.png::th::ru,th,ru,dependent,0,0,0,1,0,1,0,1,1
qwen,rel::2/clock_8.png,rel::2/clock_8.png::th::zh,th,zh,dependent,0,0,1,1,0,0,1,1,0
qwen,rel::2/clock_8.png,rel::2/clock_8.png::zh::en,zh,en,dependent,0,1,1,1,1,0,1,0,-1
qwen,rel::2/clock_8.png,rel::2/clock_8.png::zh::ru,zh,ru,dependent,1,1,1,1,0,0,0,0,0
qwen,rel::2/clock_8.png,rel::2/clock_8.png::zh::th,zh,th,dependent,1,1,0,0,0,0,-1,-1,0
qwen,rel::2/clock_9.png,rel::2/clock_9.png::en::ru,en,ru,dependent,0,0,0,0,0,0,0,0,0
qwen,rel::2/clock_9.png,rel::2/clock_9.png::en::th,en,th,dependent,0,1,0,1,1,1,0,0,0
qwen,rel::2/clock_9.png,rel::2/clock_9.png::en::zh,en,zh,dependent,0,1,1,1,1,0,1,0,-1
qwen,rel::2/clock_9.png,rel::2/clock_9.png::ru::en,ru,en,dependent,0,1,0,1,1,1,0,0,0
qwen,rel::2/clock_9.png,rel::2/clock_9.png::ru::th,ru,th,dependent,0,1,0,1,1,1,0,0,0
qwen,rel::2/clock_9.png,rel::2/clock_9.png::ru::zh,ru,zh,dependent,0,1,0,1,1,1,0,0,0
qwen,rel::2/clock_9.png,rel::2/clock_9.png::th::en,th,en,dependent,0,1,0,1,1,1,0,0,0
qwen,rel::2/clock_9.png,rel::2/clock_9.png::th::ru,th,ru,dependent,0,0,0,0,0,0,0,0,0
qwen,rel::2/clock_9.png,rel::2/clock_9.png::th::zh,th,zh,dependent,0,1,0,1,1,1,0,0,0
qwen,rel::2/clock_9.png,rel::2/clock_9.png::zh::en,zh,en,dependent,0,1,0,1,1,1,0,0,0
qwen,rel::2/clock_9.png,rel::2/clock_9.png::zh::ru,zh,ru,dependent,0,0,0,0,0,0,0,0,0
qwen,rel::2/clock_9.png,rel::2/clock_9.png::zh::th,zh,th,dependent,0,1,0,1,1,1,0,0,0
qwen,rel::2/freeform_1.png,rel::2/freeform_1.png::en::ru,en,ru,independent,1,1,1,1,0,0,0,0,0
qwen,rel::2/freeform_1.png,rel::2/freeform_1.png::en::th,en,th,independent,1,1,1,1,0,0,0,0,0
qwen,rel::2/freeform_1.png,rel::2/freeform_1.png::en::zh,en,zh,independent,1,1,1,1,0,0,0,0,0
qwen,rel::2/freeform_1.png,rel::2/freeform_1.png::ru::en,ru,en,independent,0,0,1,1,0,0,1,1,0
qwen,rel::2/freeform_1.png,rel::2/freeform_1.png::ru::th,ru,th,independent,0,0,1,1,0,0,1,1,0
qwen,rel::2/freeform_1.png,rel::2/freeform_1.png::ru::zh,ru,zh,independent,0,0,1,1,0,0,1,1,0
qwen,rel::2/freeform_1.png,rel::2/freeform_1.png::th::en,th,en,independent,1,1,1,1,0,0,0,0,0
qwen,rel::2/freeform_1.png,rel::2/freeform_1.png::th::ru,th,ru,independent,1,1,1,1,0,0,0,0,0
qwen,rel::2/freeform_1.png,rel::2/freeform_1.png::th::zh,th,zh,independent,1,1,1,1,0,0,0,0,0
qwen,rel::2/freeform_1.png,rel::2/freeform_1.png::zh::en,zh,en,independent,1,1,1,1,0,0,0,0,0
qwen,rel::2/freeform_1.png,rel::2/freeform_1.png::zh::ru,zh,ru,independent,1,1,1,1,0,0,0,0,0
qwen,rel::2/freeform_1.png,rel::2/freeform_1.png::zh::th,zh,th,independent,1,1,1,1,0,0,0,0,0
qwen,rel::2/freeform_10.png,rel::2/freeform_10.png::en::ru,en,ru,dependent,1,1,1,1,0,0,0,0,0
qwen,rel::2/freeform_10.png,rel::2/freeform_10.png::en::th,en,th,dependent,1,1,0,1,0,1,-1,0,1
qwen,rel::2/freeform_10.png,rel::2/freeform_10.png::en::zh,en,zh,dependent,1,1,1,1,0,0,0,0,0
qwen,rel::2/freeform_10.png,rel::2/freeform_10.png::ru::en,ru,en,dependent,1,1,1,1,0,0,0,0,0
qwen,rel::2/freeform_10.png,rel::2/freeform_10.png::ru::th,ru,th,dependent,0,1,0,1,1,1,0,0,0
qwen,rel::2/freeform_10.png,rel::2/freeform_10.png::ru::zh,ru,zh,dependent,0,1,1,1,1,0,1,0,-1
qwen,rel::2/freeform_10.png,rel::2/freeform_10.png::th::en,th,en,dependent,1,1,1,1,0,0,0,0,0
qwen,rel::2/freeform_10.png,rel::2/freeform_10.png::th::ru,th,ru,dependent,1,1,1,1,0,0,0,0,0
qwen,rel::2/freeform_10.png,rel::2/freeform_10.png::th::zh,th,zh,dependent,1,1,1,1,0,0,0,0,0
qwen,rel::2/freeform_10.png,rel::2/freeform_10.png::zh::en,zh,en,dependent,1,1,1,1,0,0,0,0,0
qwen,rel::2/freeform_10.png,rel::2/freeform_10.png::zh::ru,zh,ru,dependent,1,1,1,1,0,0,0,0,0
qwen,rel::2/freeform_10.png,rel::2/freeform_10.png::zh::th,zh,th,dependent,1,1,0,1,0,1,-1,0,1
qwen,rel::2/freeform_11.png,rel::2/freeform_11.png::en::ru,en,ru,dependent,1,1,1,1,0,0,0,0,0
qwen,rel::2/freeform_11.png,rel::2/freeform_11.png::en::th,en,th,dependent,1,1,0,1,0,1,-1,0,1
qwen,rel::2/freeform_11.png,rel::2/freeform_11.png::en::zh,en,zh,dependent,0,1,1,1,1,0,1,0,-1
qwen,rel::2/freeform_11.png,rel::2/freeform_11.png::ru::en,ru,en,dependent,1,1,0,1,0,1,-1,0,1
qwen,rel::2/freeform_11.png,rel::2/freeform_11.png::ru::th,ru,th,dependent,1,0,0,1,-1,1,-1,1,2
qwen,rel::2/freeform_11.png,rel::2/freeform_11.png::ru::zh,ru,zh,dependent,0,1,1,1,1,0,1,0,-1
qwen,rel::2/freeform_11.png,rel::2/freeform_11.png::th::en,th,en,dependent,1,1,0,1,0,1,-1,0,1
qwen,rel::2/freeform_11.png,rel::2/freeform_11.png::th::ru,th,ru,dependent,1,1,1,1,0,0,0,0,0
qwen,rel::2/freeform_11.png,rel::2/freeform_11.png::th::zh,th,zh,dependent,0,1,1,1,1,0,1,0,-1
qwen,rel::2/freeform_11.png,rel::2/freeform_11.png::zh::en,zh,en,dependent,1,1,0,1,0,1,-1,0,1
qwen,rel::2/freeform_11.png,rel::2/freeform_11.png::zh::ru,zh,ru,dependent,1,1,1,1,0,0,0,0,0
qwen,rel::2/freeform_11.png,rel::2/freeform_11.png::zh::th,zh,th,dependent,1,1,0,1,0,1,-1,0,1
qwen,rel::2/freeform_2.png,rel::2/freeform_2.png::en::ru,en,ru,dependent,0,1,0,1,1,1,0,0,0
qwen,rel::2/freeform_2.png,rel::2/freeform_2.png::en::th,en,th,dependent,1,1,1,1,0,0,0,0,0
qwen,rel::2/freeform_2.png,rel::2/freeform_2.png::en::zh,en,zh,dependent,1,1,1,1,0,0,0,0,0
qwen,rel::2/freeform_2.png,rel::2/freeform_2.png::ru::en,ru,en,dependent,1,1,1,1,0,0,0,0,0
qwen,rel::2/freeform_2.png,rel::2/freeform_2.png::ru::th,ru,th,dependent,1,1,1,1,0,0,0,0,0
qwen,rel::2/freeform_2.png,rel::2/freeform_2.png::ru::zh,ru,zh,dependent,1,1,1,1,0,0,0,0,0
qwen,rel::2/freeform_2.png,rel::2/freeform_2.png::th::en,th,en,dependent,1,1,1,1,0,0,0,0,0
qwen,rel::2/freeform_2.png,rel::2/freeform_2.png::th::ru,th,ru,dependent,1,1,1,1,0,0,0,0,0
qwen,rel::2/freeform_2.png,rel::2/freeform_2.png::th::zh,th,zh,dependent,1,1,1,1,0,0,0,0,0
qwen,rel::2/freeform_2.png,rel::2/freeform_2.png::zh::en,zh,en,dependent,1,1,1,1,0,0,0,0,0
qwen,rel::2/freeform_2.png,rel::2/freeform_2.png::zh::ru,zh,ru,dependent,1,1,1,1,0,0,0,0,0
qwen,rel::2/freeform_2.png,rel::2/freeform_2.png::zh::th,zh,th,dependent,1,1,1,1,0,0,0,0,0
qwen,rel::2/freeform_3.png,rel::2/freeform_3.png::en::ru,en,ru,dependent,1,1,1,1,0,0,0,0,0
qwen,rel::2/freeform_3.png,rel::2/freeform_3.png::en::th,en,th,dependent,1,1,1,1,0,0,0,0,0
qwen,rel::2/freeform_3.png,rel::2/freeform_3.png::en::zh,en,zh,dependent,1,1,1,1,0,0,0,0,0
qwen,rel::2/freeform_3.png,rel::2/freeform_3.png::ru::en,ru,en,dependent,1,1,1,1,0,0,0,0,0
qwen,rel::2/freeform_3.png,rel::2/freeform_3.png::ru::th,ru,th,dependent,1,1,1,1,0,0,0,0,0
qwen,rel::2/freeform_3.png,rel::2/freeform_3.png::ru::zh,ru,zh,dependent,1,1,1,1,0,0,0,0,0
qwen,rel::2/freeform_3.png,rel::2/freeform_3.png::th::en,th,en,dependent,1,1,1,1,0,0,0,0,0
qwen,rel::2/freeform_3.png,rel::2/freeform_3.png::th::ru,th,ru,dependent,1,1,1,1,0,0,0,0,0
qwen,rel::2/freeform_3.png,rel::2/freeform_3.png::th::zh,th,zh,dependent,1,1,1,1,0,0,0,0,0
qwen,rel::2/freeform_3.png,rel::2/freeform_3.png::zh::en,zh,en,dependent,1,1,1,1,0,0,0,0,0
qwen,rel::2/freeform_3.png,rel::2/freeform_3.png::zh::ru,zh,ru,dependent,1,1,1,1,0,0,0,0,0
qwen,rel::2/freeform_3.png,rel::2/freeform_3.png::zh::th,zh,th,dependent,1,1,1,1,0,0,0,0,0
qwen,rel::2/freeform_4.png,rel::2/freeform_4.png::en::ru,en,ru,dependent,1,1,0,0,0,0,-1,-1,0
qwen,rel::2/freeform_4.png,rel::2/freeform_4.png::en::th,en,th,dependent,1,1,0,1,0,1,-1,0,1
qwen,rel::2/freeform_4.png,rel::2/freeform_4.png::en::zh,en,zh,dependent,1,1,0,1,0,1,-1,0,1
qwen,rel::2/freeform_4.png,rel::2/freeform_4.png::ru::en,ru,en,dependent,0,0,1,1,0,0,1,1,0
qwen,rel::2/freeform_4.png,rel::2/freeform_4.png::ru::th,ru,th,dependent,1,1,1,1,0,0,0,0,0
qwen,rel::2/freeform_4.png,rel::2/freeform_4.png::ru::zh,ru,zh,dependent,0,0,0,1,0,1,0,1,1
qwen,rel::2/freeform_4.png,rel::2/freeform_4.png::th::en,th,en,dependent,1,1,1,1,0,0,0,0,0
qwen,rel::2/freeform_4.png,rel::2/freeform_4.png::th::ru,th,ru,dependent,1,1,0,0,0,0,-1,-1,0
qwen,rel::2/freeform_4.png,rel::2/freeform_4.png::th::zh,th,zh,dependent,1,0,1,1,-1,0,0,1,1
qwen,rel::2/freeform_4.png,rel::2/freeform_4.png::zh::en,zh,en,dependent,1,1,1,1,0,0,0,0,0
qwen,rel::2/freeform_4.png,rel::2/freeform_4.png::zh::ru,zh,ru,dependent,1,1,0,0,0,0,-1,-1,0
qwen,rel::2/freeform_4.png,rel::2/freeform_4.png::zh::th,zh,th,dependent,1,1,0,1,0,1,-1,0,1
qwen,rel::2/freeform_5.png,rel::2/freeform_5.png::en::ru,en,ru,independent,1,1,1,1,0,0,0,0,0
qwen,rel::2/freeform_5.png,rel::2/freeform_5.png::en::th,en,th,independent,1,0,0,1,-1,1,-1,1,2
qwen,rel::2/freeform_5.png,rel::2/freeform_5.png::en::zh,en,zh,independent,1,1,1,1,0,0,0,0,0
qwen,rel::2/freeform_5.png,rel::2/freeform_5.png::ru::en,ru,en,independent,1,1,1,1,0,0,0,0,0
qwen,rel::2/freeform_5.png,rel::2/freeform_5.png::ru::th,ru,th,independent,0,1,0,1,1,1,0,0,0
qwen,rel::2/freeform_5.png,rel::2/freeform_5.png::ru::zh,ru,zh,independent,0,1,1,1,1,0,1,0,-1
qwen,rel::2/freeform_5.png,rel::2/freeform_5.png::th::en,th,en,independent,1,1,1,1,0,0,0,0,0
qwen,rel::2/freeform_5.png,rel::2/freeform_5.png::th::ru,th,ru,independent,1,1,1,1,0,0,0,0,0
qwen,rel::2/freeform_5.png,rel::2/freeform_5.png::th::zh,th,zh,independent,1,1,1,1,0,0,0,0,0
qwen,rel::2/freeform_5.png,rel::2/freeform_5.png::zh::en,zh,en,independent,1,1,1,1,0,0,0,0,0
qwen,rel::2/freeform_5.png,rel::2/freeform_5.png::zh::ru,zh,ru,independent,1,1,1,1,0,0,0,0,0
qwen,rel::2/freeform_5.png,rel::2/freeform_5.png::zh::th,zh,th,independent,1,1,1,1,0,0,0,0,0
qwen,rel::2/freeform_6.png,rel::2/freeform_6.png::en::ru,en,ru,dependent,1,0,1,1,-1,0,0,1,1
qwen,rel::2/freeform_6.png,rel::2/freeform_6.png::en::th,en,th,dependent,1,1,1,1,0,0,0,0,0
qwen,rel::2/freeform_6.png,rel::2/freeform_6.png::en::zh,en,zh,dependent,1,0,1,1,-1,0,0,1,1
qwen,rel::2/freeform_6.png,rel::2/freeform_6.png::ru::en,ru,en,dependent,1,1,1,1,0,0,0,0,0
qwen,rel::2/freeform_6.png,rel::2/freeform_6.png::ru::th,ru,th,dependent,1,1,1,1,0,0,0,0,0
qwen,rel::2/freeform_6.png,rel::2/freeform_6.png::ru::zh,ru,zh,dependent,1,1,1,1,0,0,0,0,0
qwen,rel::2/freeform_6.png,rel::2/freeform_6.png::th::en,th,en,dependent,1,0,1,1,-1,0,0,1,1
qwen,rel::2/freeform_6.png,rel::2/freeform_6.png::th::ru,th,ru,dependent,1,0,1,1,-1,0,0,1,1
qwen,rel::2/freeform_6.png,rel::2/freeform_6.png::th::zh,th,zh,dependent,1,0,1,1,-1,0,0,1,1
qwen,rel::2/freeform_6.png,rel::2/freeform_6.png::zh::en,zh,en,dependent,1,1,1,1,0,0,0,0,0
qwen,rel::2/freeform_6.png,rel::2/freeform_6.png::zh::ru,zh,ru,dependent,1,1,1,1,0,0,0,0,0
qwen,rel::2/freeform_6.png,rel::2/freeform_6.png::zh::th,zh,th,dependent,1,1,1,1,0,0,0,0,0
qwen,rel::2/freeform_7.png,rel::2/freeform_7.png::en::ru,en,ru,independent,1,1,1,1,0,0,0,0,0
qwen,rel::2/freeform_7.png,rel::2/freeform_7.png::en::th,en,th,independent,1,1,1,1,0,0,0,0,0
qwen,rel::2/freeform_7.png,rel::2/freeform_7.png::en::zh,en,zh,independent,1,1,1,1,0,0,0,0,0
qwen,rel::2/freeform_7.png,rel::2/freeform_7.png::ru::en,ru,en,independent,1,1,1,1,0,0,0,0,0
qwen,rel::2/freeform_7.png,rel::2/freeform_7.png::ru::th,ru,th,independent,1,1,1,1,0,0,0,0,0
qwen,rel::2/freeform_7.png,rel::2/freeform_7.png::ru::zh,ru,zh,independent,1,1,1,1,0,0,0,0,0
qwen,rel::2/freeform_7.png,rel::2/freeform_7.png::th::en,th,en,independent,1,1,1,1,0,0,0,0,0
qwen,rel::2/freeform_7.png,rel::2/freeform_7.png::th::ru,th,ru,independent,1,1,1,1,0,0,0,0,0
qwen,rel::2/freeform_7.png,rel::2/freeform_7.png::th::zh,th,zh,independent,1,1,1,1,0,0,0,0,0
qwen,rel::2/freeform_7.png,rel::2/freeform_7.png::zh::en,zh,en,independent,1,1,1,1,0,0,0,0,0
qwen,rel::2/freeform_7.png,rel::2/freeform_7.png::zh::ru,zh,ru,independent,1,1,1,1,0,0,0,0,0
qwen,rel::2/freeform_7.png,rel::2/freeform_7.png::zh::th,zh,th,independent,0,1,1,1,1,0,1,0,-1
qwen,rel::2/freeform_8.png,rel::2/freeform_8.png::en::ru,en,ru,independent,1,1,1,1,0,0,0,0,0
qwen,rel::2/freeform_8.png,rel::2/freeform_8.png::en::th,en,th,independent,1,1,1,1,0,0,0,0,0
qwen,rel::2/freeform_8.png,rel::2/freeform_8.png::en::zh,en,zh,independent,1,1,1,0,0,-1,0,-1,-1
qwen,rel::2/freeform_8.png,rel::2/freeform_8.png::ru::en,ru,en,independent,1,1,1,1,0,0,0,0,0
qwen,rel::2/freeform_8.png,rel::2/freeform_8.png::ru::th,ru,th,independent,1,1,1,1,0,0,0,0,0
qwen,rel::2/freeform_8.png,rel::2/freeform_8.png::ru::zh,ru,zh,independent,1,1,0,0,0,0,-1,-1,0
qwen,rel::2/freeform_8.png,rel::2/freeform_8.png::th::en,th,en,independent,0,1,1,1,1,0,1,0,-1
qwen,rel::2/freeform_8.png,rel::2/freeform_8.png::th::ru,th,ru,independent,0,0,0,1,0,1,0,1,1
qwen,rel::2/freeform_8.png,rel::2/freeform_8.png::th::zh,th,zh,independent,0,1,0,0,1,0,0,-1,-1
qwen,rel::2/freeform_8.png,rel::2/freeform_8.png::zh::en,zh,en,independent,1,1,1,1,0,0,0,0,0
qwen,rel::2/freeform_8.png,rel::2/freeform_8.png::zh::ru,zh,ru,independent,1,0,1,1,-1,0,0,1,1
qwen,rel::2/freeform_8.png,rel::2/freeform_8.png::zh::th,zh,th,independent,1,0,1,1,-1,0,0,1,1
qwen,rel::2/freeform_9.png,rel::2/freeform_9.png::en::ru,en,ru,dependent,1,1,0,0,0,0,-1,-1,0
qwen,rel::2/freeform_9.png,rel::2/freeform_9.png::en::th,en,th,dependent,0,0,0,1,0,1,0,1,1
qwen,rel::2/freeform_9.png,rel::2/freeform_9.png::en::zh,en,zh,dependent,0,1,1,1,1,0,1,0,-1
qwen,rel::2/freeform_9.png,rel::2/freeform_9.png::ru::en,ru,en,dependent,0,0,1,1,0,0,1,1,0
qwen,rel::2/freeform_9.png,rel::2/freeform_9.png::ru::th,ru,th,dependent,0,1,0,1,1,1,0,0,0
qwen,rel::2/freeform_9.png,rel::2/freeform_9.png::ru::zh,ru,zh,dependent,0,0,1,1,0,0,1,1,0
qwen,rel::2/freeform_9.png,rel::2/freeform_9.png::th::en,th,en,dependent,1,0,0,1,-1,1,-1,1,2
qwen,rel::2/freeform_9.png,rel::2/freeform_9.png::th::ru,th,ru,dependent,1,1,0,0,0,0,-1,-1,0
qwen,rel::2/freeform_9.png,rel::2/freeform_9.png::th::zh,th,zh,dependent,1,1,1,1,0,0,0,0,0
qwen,rel::2/freeform_9.png,rel::2/freeform_9.png::zh::en,zh,en,dependent,1,1,1,1,0,0,0,0,0
qwen,rel::2/freeform_9.png,rel::2/freeform_9.png::zh::ru,zh,ru,dependent,1,1,0,0,0,0,-1,-1,0
qwen,rel::2/freeform_9.png,rel::2/freeform_9.png::zh::th,zh,th,dependent,1,1,0,1,0,1,-1,0,1
qwen,rel::2/home_1.png,rel::2/home_1.png::en::ru,en,ru,independent,1,1,1,1,0,0,0,0,0
qwen,rel::2/home_1.png,rel::2/home_1.png::en::th,en,th,independent,1,1,1,1,0,0,0,0,0
qwen,rel::2/home_1.png,rel::2/home_1.png::en::zh,en,zh,independent,1,1,1,1,0,0,0,0,0
qwen,rel::2/home_1.png,rel::2/home_1.png::ru::en,ru,en,independent,1,1,1,1,0,0,0,0,0
qwen,rel::2/home_1.png,rel::2/home_1.png::ru::th,ru,th,independent,1,1,1,1,0,0,0,0,0
qwen,rel::2/home_1.png,rel::2/home_1.png::ru::zh,ru,zh,independent,1,1,1,1,0,0,0,0,0
qwen,rel::2/home_1.png,rel::2/home_1.png::th::en,th,en,independent,1,1,1,1,0,0,0,0,0
qwen,rel::2/home_1.png,rel::2/home_1.png::th::ru,th,ru,independent,1,1,1,1,0,0,0,0,0
qwen,rel::2/home_1.png,rel::2/home_1.png::th::zh,th,zh,independent,1,1,1,1,0,0,0,0,0
qwen,rel::2/home_1.png,rel::2/home_1.png::zh::en,zh,en,independent,1,1,1,1,0,0,0,0,0
qwen,rel::2/home_1.png,rel::2/home_1.png::zh::ru,zh,ru,independent,1,1,1,1,0,0,0,0,0
qwen,rel::2/home_1.png,rel::2/home_1.png::zh::th,zh,th,independent,1,1,1,1,0,0,0,0,0
qwen,rel::2/home_2.png,rel::2/home_2.png::en::ru,en,ru,dependent,0,0,0,0,0,0,0,0,0
qwen,rel::2/home_2.png,rel::2/home_2.png::en::th,en,th,dependent,0,0,0,0,0,0,0,0,0
qwen,rel::2/home_2.png,rel::2/home_2.png::en::zh,en,zh,dependent,0,0,0,0,0,0,0,0,0
qwen,rel::2/home_2.png,rel::2/home_2.png::ru::en,ru,en,dependent,0,0,0,0,0,0,0,0,0
qwen,rel::2/home_2.png,rel::2/home_2.png::ru::th,ru,th,dependent,0,0,0,0,0,0,0,0,0
qwen,rel::2/home_2.png,rel::2/home_2.png::ru::zh,ru,zh,dependent,0,0,0,0,0,0,0,0,0
qwen,rel::2/home_2.png,rel::2/home_2.png::th::en,th,en,dependent,0,0,0,0,0,0,0,0,0
qwen,rel::2/home_2.png,rel::2/home_2.png::th::ru,th,ru,dependent,0,1,0,0,1,0,0,-1,-1
qwen,rel::2/home_2.png,rel::2/home_2.png::th::zh,th,zh,dependent,0,0,0,0,0,0,0,0,0
qwen,rel::2/home_2.png,rel::2/home_2.png::zh::en,zh,en,dependent,0,0,0,0,0,0,0,0,0
qwen,rel::2/home_2.png,rel::2/home_2.png::zh::ru,zh,ru,dependent,0,0,0,0,0,0,0,0,0
qwen,rel::2/home_2.png,rel::2/home_2.png::zh::th,zh,th,dependent,0,0,0,0,0,0,0,0,0
qwen,rel::2/home_3.png,rel::2/home_3.png::en::ru,en,ru,dependent,1,1,0,1,0,1,-1,0,1
qwen,rel::2/home_3.png,rel::2/home_3.png::en::th,en,th,dependent,0,1,0,1,1,1,0,0,0
qwen,rel::2/home_3.png,rel::2/home_3.png::en::zh,en,zh,dependent,1,0,0,0,-1,0,-1,0,1
qwen,rel::2/home_3.png,rel::2/home_3.png::ru::en,ru,en,dependent,1,1,1,1,0,0,0,0,0
qwen,rel::2/home_3.png,rel::2/home_3.png::ru::th,ru,th,dependent,0,1,0,1,1,1,0,0,0
qwen,rel::2/home_3.png,rel::2/home_3.png::ru::zh,ru,zh,dependent,0,0,1,0,0,-1,1,0,-1
qwen,rel::2/home_3.png,rel::2/home_3.png::th::en,th,en,dependent,1,1,1,1,0,0,0,0,0
qwen,rel::2/home_3.png,rel::2/home_3.png::th::ru,th,ru,dependent,1,1,0,1,0,1,-1,0,1
qwen,rel::2/home_3.png,rel::2/home_3.png::th::zh,th,zh,dependent,0,0,0,0,0,0,0,0,0
qwen,rel::2/home_3.png,rel::2/home_3.png::zh::en,zh,en,dependent,1,1,1,1,0,0,0,0,0
qwen,rel::2/home_3.png,rel::2/home_3.png::zh::ru,zh,ru,dependent,1,1,0,1,0,1,-1,0,1
qwen,rel::2/home_3.png,rel::2/home_3.png::zh::th,zh,th,dependent,0,1,0,1,1,1,0,0,0
qwen,rel::2/home_4.png,rel::2/home_4.png::en::ru,en,ru,dependent,0,0,0,1,0,1,0,1,1
qwen,rel::2/home_4.png,rel::2/home_4.png::en::th,en,th,dependent,0,1,0,1,1,1,0,0,0
qwen,rel::2/home_4.png,rel::2/home_4.png::en::zh,en,zh,dependent,0,0,0,0,0,0,0,0,0
qwen,rel::2/home_4.png,rel::2/home_4.png::ru::en,ru,en,dependent,1,1,0,1,0,1,-1,0,1
qwen,rel::2/home_4.png,rel::2/home_4.png::ru::th,ru,th,dependent,0,1,0,1,1,1,0,0,0
qwen,rel::2/home_4.png,rel::2/home_4.png::ru::zh,ru,zh,dependent,0,0,0,0,0,0,0,0,0
qwen,rel::2/home_4.png,rel::2/home_4.png::th::en,th,en,dependent,1,1,1,1,0,0,0,0,0
qwen,rel::2/home_4.png,rel::2/home_4.png::th::ru,th,ru,dependent,0,0,0,1,0,1,0,1,1
qwen,rel::2/home_4.png,rel::2/home_4.png::th::zh,th,zh,dependent,0,0,0,0,0,0,0,0,0
qwen,rel::2/home_4.png,rel::2/home_4.png::zh::en,zh,en,dependent,1,1,1,1,0,0,0,0,0
qwen,rel::2/home_4.png,rel::2/home_4.png::zh::ru,zh,ru,dependent,0,1,0,1,1,1,0,0,0
qwen,rel::2/home_4.png,rel::2/home_4.png::zh::th,zh,th,dependent,0,1,0,1,1,1,0,0,0
qwen,rel::2/home_5.png,rel::2/home_5.png::en::ru,en,ru,dependent,1,1,1,1,0,0,0,0,0
qwen,rel::2/home_5.png,rel::2/home_5.png::en::th,en,th,dependent,1,1,1,1,0,0,0,0,0
qwen,rel::2/home_5.png,rel::2/home_5.png::en::zh,en,zh,dependent,1,1,1,1,0,0,0,0,0
qwen,rel::2/home_5.png,rel::2/home_5.png::ru::en,ru,en,dependent,1,1,1,1,0,0,0,0,0
qwen,rel::2/home_5.png,rel::2/home_5.png::ru::th,ru,th,dependent,1,1,1,1,0,0,0,0,0
qwen,rel::2/home_5.png,rel::2/home_5.png::ru::zh,ru,zh,dependent,0,1,0,1,1,1,0,0,0
qwen,rel::2/home_5.png,rel::2/home_5.png::th::en,th,en,dependent,1,1,1,1,0,0,0,0,0
qwen,rel::2/home_5.png,rel::2/home_5.png::th::ru,th,ru,dependent,1,1,1,1,0,0,0,0,0
qwen,rel::2/home_5.png,rel::2/home_5.png::th::zh,th,zh,dependent,1,1,1,1,0,0,0,0,0
qwen,rel::2/home_5.png,rel::2/home_5.png::zh::en,zh,en,dependent,1,1,1,1,0,0,0,0,0
qwen,rel::2/home_5.png,rel::2/home_5.png::zh::ru,zh,ru,dependent,1,1,1,1,0,0,0,0,0
qwen,rel::2/home_5.png,rel::2/home_5.png::zh::th,zh,th,dependent,1,1,1,1,0,0,0,0,0
qwen,rel::2/home_6.png,rel::2/home_6.png::en::ru,en,ru,independent,1,1,1,1,0,0,0,0,0
qwen,rel::2/home_6.png,rel::2/home_6.png::en::th,en,th,independent,1,1,1,1,0,0,0,0,0
qwen,rel::2/home_6.png,rel::2/home_6.png::en::zh,en,zh,independent,1,1,1,1,0,0,0,0,0
qwen,rel::2/home_6.png,rel::2/home_6.png::ru::en,ru,en,independent,1,1,1,1,0,0,0,0,0
qwen,rel::2/home_6.png,rel::2/home_6.png::ru::th,ru,th,independent,1,1,0,1,0,1,-1,0,1
qwen,rel::2/home_6.png,rel::2/home_6.png::ru::zh,ru,zh,independent,1,1,1,1,0,0,0,0,0
qwen,rel::2/home_6.png,rel::2/home_6.png::th::en,th,en,independent,1,1,1,1,0,0,0,0,0
qwen,rel::2/home_6.png,rel::2/home_6.png::th::ru,th,ru,independent,1,1,0,1,0,1,-1,0,1
qwen,rel::2/home_6.png,rel::2/home_6.png::th::zh,th,zh,independent,1,1,1,1,0,0,0,0,0
qwen,rel::2/home_6.png,rel::2/home_6.png::zh::en,zh,en,independent,1,1,1,1,0,0,0,0,0
qwen,rel::2/home_6.png,rel::2/home_6.png::zh::ru,zh,ru,independent,1,1,1,1,0,0,0,0,0
qwen,rel::2/home_6.png,rel::2/home_6.png::zh::th,zh,th,independent,1,1,1,1,0,0,0,0,0
qwen,rel::2/home_7.png,rel::2/home_7.png::en::ru,en,ru,dependent,0,0,0,0,0,0,0,0,0
qwen,rel::2/home_7.png,rel::2/home_7.png::en::th,en,th,dependent,0,1,0,1,1,1,0,0,0
qwen,rel::2/home_7.png,rel::2/home_7.png::en::zh,en,zh,dependent,1,1,1,1,0,0,0,0,0
qwen,rel::2/home_7.png,rel::2/home_7.png::ru::en,ru,en,dependent,0,0,0,1,0,1,0,1,1
qwen,rel::2/home_7.png,rel::2/home_7.png::ru::th,ru,th,dependent,0,1,0,1,1,1,0,0,0
qwen,rel::2/home_7.png,rel::2/home_7.png::ru::zh,ru,zh,dependent,0,0,0,1,0,1,0,1,1
qwen,rel::2/home_7.png,rel::2/home_7.png::th::en,th,en,dependent,1,0,1,1,-1,0,0,1,1
qwen,rel::2/home_7.png,rel::2/home_7.png::th::ru,th,ru,dependent,0,0,0,0,0,0,0,0,0
qwen,rel::2/home_7.png,rel::2/home_7.png::th::zh,th,zh,dependent,1,0,1,1,-1,0,0,1,1
qwen,rel::2/home_7.png,rel::2/home_7.png::zh::en,zh,en,dependent,1,1,1,1,0,0,0,0,0
qwen,rel::2/home_7.png,rel::2/home_7.png::zh::ru,zh,ru,dependent,0,0,0,0,0,0,0,0,0
qwen,rel::2/home_7.png,rel::2/home_7.png::zh::th,zh,th,dependent,0,1,0,1,1,1,0,0,0
qwen,rel::2/home_8.png,rel::2/home_8.png::en::ru,en,ru,dependent,0,1,0,1,1,1,0,0,0
qwen,rel::2/home_8.png,rel::2/home_8.png::en::th,en,th,dependent,0,1,0,0,1,0,0,-1,-1
qwen,rel::2/home_8.png,rel::2/home_8.png::en::zh,en,zh,dependent,1,1,1,1,0,0,0,0,0
qwen,rel::2/home_8.png,rel::2/home_8.png::ru::en,ru,en,dependent,1,1,0,1,0,1,-1,0,1
qwen,rel::2/home_8.png,rel::2/home_8.png::ru::th,ru,th,dependent,0,0,0,0,0,0,0,0,0
qwen,rel::2/home_8.png,rel::2/home_8.png::ru::zh,ru,zh,dependent,0,0,0,1,0,1,0,1,1
qwen,rel::2/home_8.png,rel::2/home_8.png::th::en,th,en,dependent,1,0,1,1,-1,0,0,1,1
qwen,rel::2/home_8.png,rel::2/home_8.png::th::ru,th,ru,dependent,0,0,0,1,0,1,0,1,1
qwen,rel::2/home_8.png,rel::2/home_8.png::th::zh,th,zh,dependent,0,0,0,1,0,1,0,1,1
qwen,rel::2/home_8.png,rel::2/home_8.png::zh::en,zh,en,dependent,1,1,0,1,0,1,-1,0,1
qwen,rel::2/home_8.png,rel::2/home_8.png::zh::ru,zh,ru,dependent,0,1,0,1,1,1,0,0,0
qwen,rel::2/home_8.png,rel::2/home_8.png::zh::th,zh,th,dependent,0,1,0,0,1,0,0,-1,-1
qwen,rel::2/home_9.png,rel::2/home_9.png::en::ru,en,ru,dependent,1,1,1,1,0,0,0,0,0
qwen,rel::2/home_9.png,rel::2/home_9.png::en::zh,en,zh,dependent,1,1,1,1,0,0,0,0,0
qwen,rel::2/home_9.png,rel::2/home_9.png::ru::en,ru,en,dependent,1,1,1,1,0,0,0,0,0
qwen,rel::2/home_9.png,rel::2/home_9.png::ru::zh,ru,zh,dependent,1,1,1,1,0,0,0,0,0
qwen,rel::2/home_9.png,rel::2/home_9.png::zh::en,zh,en,dependent,1,1,1,1,0,0,0,0,0
qwen,rel::2/home_9.png,rel::2/home_9.png::zh::ru,zh,ru,dependent,1,1,1,1,0,0,0,0,0
qwen,rel::2/map_1.png,rel::2/map_1.png::en::ru,en,ru,dependent,1,1,1,1,0,0,0,0,0
qwen,rel::2/map_1.png,rel::2/map_1.png::en::th,en,th,dependent,0,1,0,1,1,1,0,0,0
qwen,rel::2/map_1.png,rel::2/map_1.png::en::zh,en,zh,dependent,1,1,1,1,0,0,0,0,0
qwen,rel::2/map_1.png,rel::2/map_1.png::ru::en,ru,en,dependent,1,1,1,1,0,0,0,0,0
qwen,rel::2/map_1.png,rel::2/map_1.png::ru::th,ru,th,dependent,0,1,0,1,1,1,0,0,0
qwen,rel::2/map_1.png,rel::2/map_1.png::ru::zh,ru,zh,dependent,1,1,1,1,0,0,0,0,0
qwen,rel::2/map_1.png,rel::2/map_1.png::th::en,th,en,dependent,1,1,1,1,0,0,0,0,0
qwen,rel::2/map_1.png,rel::2/map_1.png::th::ru,th,ru,dependent,1,1,1,1,0,0,0,0,0
qwen,rel::2/map_1.png,rel::2/map_1.png::th::zh,th,zh,dependent,1,1,1,1,0,0,0,0,0
qwen,rel::2/map_1.png,rel::2/map_1.png::zh::en,zh,en,dependent,1,1,1,1,0,0,0,0,0
qwen,rel::2/map_1.png,rel::2/map_1.png::zh::ru,zh,ru,dependent,1,1,1,1,0,0,0,0,0
qwen,rel::2/map_1.png,rel::2/map_1.png::zh::th,zh,th,dependent,0,1,0,1,1,1,0,0,0
qwen,rel::2/map_10.png,rel::2/map_10.png::en::ru,en,ru,independent,1,1,1,1,0,0,0,0,0
qwen,rel::2/map_10.png,rel::2/map_10.png::en::zh,en,zh,independent,1,1,1,1,0,0,0,0,0
qwen,rel::2/map_10.png,rel::2/map_10.png::ru::en,ru,en,independent,1,1,1,1,0,0,0,0,0
qwen,rel::2/map_10.png,rel::2/map_10.png::ru::zh,ru,zh,independent,1,1,1,1,0,0,0,0,0
qwen,rel::2/map_10.png,rel::2/map_10.png::zh::en,zh,en,independent,1,1,0,1,0,1,-1,0,1
qwen,rel::2/map_10.png,rel::2/map_10.png::zh::ru,zh,ru,independent,1,1,0,1,0,1,-1,0,1
qwen,rel::2/map_2.png,rel::2/map_2.png::en::ru,en,ru,dependent,1,1,1,1,0,0,0,0,0
qwen,rel::2/map_2.png,rel::2/map_2.png::en::th,en,th,dependent,1,1,0,1,0,1,-1,0,1
qwen,rel::2/map_2.png,rel::2/map_2.png::en::zh,en,zh,dependent,1,1,1,1,0,0,0,0,0
qwen,rel::2/map_2.png,rel::2/map_2.png::ru::en,ru,en,dependent,1,1,1,1,0,0,0,0,0
qwen,rel::2/map_2.png,rel::2/map_2.png::ru::th,ru,th,dependent,1,1,0,1,0,1,-1,0,1
qwen,rel::2/map_2.png,rel::2/map_2.png::ru::zh,ru,zh,dependent,1,1,1,1,0,0,0,0,0
qwen,rel::2/map_2.png,rel::2/map_2.png::th::en,th,en,dependent,1,1,1,1,0,0,0,0,0
qwen,rel::2/map_2.png,rel::2/map_2.png::th::ru,th,ru,dependent,1,1,1,1,0,0,0,0,0
qwen,rel::2/map_2.png,rel::2/map_2.png::th::zh,th,zh,dependent,1,1,1,1,0,0,0,0,0
qwen,rel::2/map_2.png,rel::2/map_2.png::zh::en,zh,en,dependent,1,1,1,1,0,0,0,0,0
qwen,rel::2/map_2.png,rel::2/map_2.png::zh::ru,zh,ru,dependent,1,1,1,1,0,0,0,0,0
qwen,rel::2/map_2.png,rel::2/map_2.png::zh::th,zh,th,dependent,1,1,0,1,0,1,-1,0,1
qwen,rel::2/map_3.png,rel::2/map_3.png::en::ru,en,ru,dependent,1,1,1,1,0,0,0,0,0
qwen,rel::2/map_3.png,rel::2/map_3.png::en::th,en,th,dependent,1,1,1,1,0,0,0,0,0
qwen,rel::2/map_3.png,rel::2/map_3.png::en::zh,en,zh,dependent,1,1,1,1,0,0,0,0,0
qwen,rel::2/map_3.png,rel::2/map_3.png::ru::en,ru,en,dependent,1,1,1,1,0,0,0,0,0
qwen,rel::2/map_3.png,rel::2/map_3.png::ru::th,ru,th,dependent,0,0,0,1,0,1,0,1,1
qwen,rel::2/map_3.png,rel::2/map_3.png::ru::zh,ru,zh,dependent,1,1,1,1,0,0,0,0,0
qwen,rel::2/map_3.png,rel::2/map_3.png::th::en,th,en,dependent,1,1,1,1,0,0,0,0,0
qwen,rel::2/map_3.png,rel::2/map_3.png::th::ru,th,ru,dependent,1,1,1,1,0,0,0,0,0
qwen,rel::2/map_3.png,rel::2/map_3.png::th::zh,th,zh,dependent,1,1,1,1,0,0,0,0,0
qwen,rel::2/map_3.png,rel::2/map_3.png::zh::en,zh,en,dependent,1,1,1,1,0,0,0,0,0
qwen,rel::2/map_3.png,rel::2/map_3.png::zh::ru,zh,ru,dependent,1,1,1,1,0,0,0,0,0
qwen,rel::2/map_3.png,rel::2/map_3.png::zh::th,zh,th,dependent,1,0,0,1,-1,1,-1,1,2
qwen,rel::2/map_4.png,rel::2/map_4.png::en::ru,en,ru,independent,1,1,1,1,0,0,0,0,0
qwen,rel::2/map_4.png,rel::2/map_4.png::en::th,en,th,independent,1,1,1,1,0,0,0,0,0
qwen,rel::2/map_4.png,rel::2/map_4.png::en::zh,en,zh,independent,1,0,0,0,-1,0,-1,0,1
qwen,rel::2/map_4.png,rel::2/map_4.png::ru::en,ru,en,independent,1,1,1,1,0,0,0,0,0
qwen,rel::2/map_4.png,rel::2/map_4.png::ru::th,ru,th,independent,1,1,1,1,0,0,0,0,0
qwen,rel::2/map_4.png,rel::2/map_4.png::ru::zh,ru,zh,independent,1,1,0,0,0,0,-1,-1,0
qwen,rel::2/map_4.png,rel::2/map_4.png::th::en,th,en,independent,1,1,1,1,0,0,0,0,0
qwen,rel::2/map_4.png,rel::2/map_4.png::th::ru,th,ru,independent,1,1,1,1,0,0,0,0,0
qwen,rel::2/map_4.png,rel::2/map_4.png::th::zh,th,zh,independent,1,1,0,0,0,0,-1,-1,0
qwen,rel::2/map_4.png,rel::2/map_4.png::zh::en,zh,en,independent,0,0,1,1,0,0,1,1,0
qwen,rel::2/map_4.png,rel::2/map_4.png::zh::ru,zh,ru,independent,0,0,1,1,0,0,1,1,0
qwen,rel::2/map_4.png,rel::2/map_4.png::zh::th,zh,th,independent,0,1,1,1,1,0,1,0,-1
qwen,rel::2/map_5.png,rel::2/map_5.png::en::ru,en,ru,dependent,0,0,0,0,0,0,0,0,0
qwen,rel::2/map_5.png,rel::2/map_5.png::en::th,en,th,dependent,1,1,0,0,0,0,-1,-1,0
qwen,rel::2/map_5.png,rel::2/map_5.png::en::zh,en,zh,dependent,0,0,0,0,0,0,0,0,0
qwen,rel::2/map_5.png,rel::2/map_5.png::ru::en,ru,en,dependent,0,0,1,0,0,-1,1,0,-1
qwen,rel::2/map_5.png,rel::2/map_5.png::ru::th,ru,th,dependent,1,0,1,0,-1,-1,0,0,0
qwen,rel::2/map_5.png,rel::2/map_5.png::ru::zh,ru,zh,dependent,0,0,1,0,0,-1,1,0,-1
qwen,rel::2/map_5.png,rel::2/map_5.png::th::en,th,en,dependent,0,0,0,0,0,0,0,0,0
qwen,rel::2/map_5.png,rel::2/map_5.png::th::ru,th,ru,dependent,0,0,0,0,0,0,0,0,0
qwen,rel::2/map_5.png,rel::2/map_5.png::th::zh,th,zh,dependent,0,0,0,0,0,0,0,0,0
qwen,rel::2/map_5.png,rel::2/map_5.png::zh::en,zh,en,dependent,0,0,0,0,0,0,0,0,0
qwen,rel::2/map_5.png,rel::2/map_5.png::zh::ru,zh,ru,dependent,0,0,0,0,0,0,0,0,0
qwen,rel::2/map_5.png,rel::2/map_5.png::zh::th,zh,th,dependent,1,0,1,0,-1,-1,0,0,0
qwen,rel::2/map_6.png,rel::2/map_6.png::en::ru,en,ru,dependent,1,0,0,0,-1,0,-1,0,1
qwen,rel::2/map_6.png,rel::2/map_6.png::en::th,en,th,dependent,0,0,0,0,0,0,0,0,0
qwen,rel::2/map_6.png,rel::2/map_6.png::en::zh,en,zh,dependent,1,1,1,1,0,0,0,0,0
qwen,rel::2/map_6.png,rel::2/map_6.png::ru::en,ru,en,dependent,0,0,1,1,0,0,1,1,0
qwen,rel::2/map_6.png,rel::2/map_6.png::ru::th,ru,th,dependent,0,0,0,0,0,0,0,0,0
qwen,rel::2/map_6.png,rel::2/map_6.png::ru::zh,ru,zh,dependent,0,0,1,1,0,0,1,1,0
qwen,rel::2/map_6.png,rel::2/map_6.png::th::en,th,en,dependent,0,0,0,1,0,1,0,1,1
qwen,rel::2/map_6.png,rel::2/map_6.png::th::ru,th,ru,dependent,0,0,0,0,0,0,0,0,0
qwen,rel::2/map_6.png,rel::2/map_6.png::th::zh,th,zh,dependent,1,1,0,1,0,1,-1,0,1
qwen,rel::2/map_6.png,rel::2/map_6.png::zh::en,zh,en,dependent,1,1,1,1,0,0,0,0,0
qwen,rel::2/map_6.png,rel::2/map_6.png::zh::ru,zh,ru,dependent,1,0,0,0,-1,0,-1,0,1
qwen,rel::2/map_6.png,rel::2/map_6.png::zh::th,zh,th,dependent,0,0,0,0,0,0,0,0,0
qwen,rel::2/map_7.png,rel::2/map_7.png::en::ru,en,ru,dependent,1,0,1,0,-1,-1,0,0,0
qwen,rel::2/map_7.png,rel::2/map_7.png::en::th,en,th,dependent,0,0,1,0,0,-1,1,0,-1
qwen,rel::2/map_7.png,rel::2/map_7.png::en::zh,en,zh,dependent,1,1,1,1,0,0,0,0,0
qwen,rel::2/map_7.png,rel::2/map_7.png::ru::en,ru,en,dependent,0,1,0,1,1,1,0,0,0
qwen,rel::2/map_7.png,rel::2/map_7.png::ru::th,ru,th,dependent,0,0,0,0,0,0,0,0,0
qwen,rel::2/map_7.png,rel::2/map_7.png::ru::zh,ru,zh,dependent,1,1,1,1,0,0,0,0,0
qwen,rel::2/map_7.png,rel::2/map_7.png::th::en,th,en,dependent,1,1,1,1,0,0,0,0,0
qwen,rel::2/map_7.png,rel::2/map_7.png::th::ru,th,ru,dependent,1,1,0,0,0,0,-1,-1,0
qwen,rel::2/map_7.png,rel::2/map_7.png::th::zh,th,zh,dependent,1,1,1,1,0,0,0,0,0
qwen,rel::2/map_7.png,rel::2/map_7.png::zh::en,zh,en,dependent,1,1,1,1,0,0,0,0,0
qwen,rel::2/map_7.png,rel::2/map_7.png::zh::ru,zh,ru,dependent,1,1,0,0,0,0,-1,-1,0
qwen,rel::2/map_7.png,rel::2/map_7.png::zh::th,zh,th,dependent,1,1,1,0,0,-1,0,-1,-1
qwen,rel::2/map_8.png,rel::2/map_8.png::en::ru,en,ru,dependent,1,1,1,0,0,-1,0,-1,-1
qwen,rel::2/map_8.png,rel::2/map_8.png::en::th,en,th,dependent,1,1,0,1,0,1,-1,0,1
qwen,rel::2/map_8.png,rel::2/map_8.png::en::zh,en,zh,dependent,1,1,1,1,0,0,0,0,0
qwen,rel::2/map_8.png,rel::2/map_8.png::ru::en,ru,en,dependent,1,1,0,1,0,1,-1,0,1
qwen,rel::2/map_8.png,rel::2/map_8.png::ru::th,ru,th,dependent,1,1,0,1,0,1,-1,0,1
qwen,rel::2/map_8.png,rel::2/map_8.png::ru::zh,ru,zh,dependent,0,1,0,1,1,1,0,0,0
qwen,rel::2/map_8.png,rel::2/map_8.png::th::en,th,en,dependent,0,1,0,1,1,1,0,0,0
qwen,rel::2/map_8.png,rel::2/map_8.png::th::ru,th,ru,dependent,1,1,1,0,0,-1,0,-1,-1
qwen,rel::2/map_8.png,rel::2/map_8.png::th::zh,th,zh,dependent,1,1,1,1,0,0,0,0,0
qwen,rel::2/map_8.png,rel::2/map_8.png::zh::en,zh,en,dependent,1,1,1,1,0,0,0,0,0
qwen,rel::2/map_8.png,rel::2/map_8.png::zh::ru,zh,ru,dependent,0,1,1,0,1,-1,1,-1,-2
qwen,rel::2/map_8.png,rel::2/map_8.png::zh::th,zh,th,dependent,1,1,1,1,0,0,0,0,0
qwen,rel::2/map_9.png,rel::2/map_9.png::en::ru,en,ru,dependent,0,0,1,1,0,0,1,1,0
qwen,rel::2/map_9.png,rel::2/map_9.png::en::th,en,th,dependent,0,0,0,0,0,0,0,0,0
qwen,rel::2/map_9.png,rel::2/map_9.png::en::zh,en,zh,dependent,0,0,0,1,0,1,0,1,1
qwen,rel::2/map_9.png,rel::2/map_9.png::ru::en,ru,en,dependent,1,0,0,0,-1,0,-1,0,1
qwen,rel::2/map_9.png,rel::2/map_9.png::ru::th,ru,th,dependent,1,0,1,0,-1,-1,0,0,0
qwen,rel::2/map_9.png,rel::2/map_9.png::ru::zh,ru,zh,dependent,0,1,0,1,1,1,0,0,0
qwen,rel::2/map_9.png,rel::2/map_9.png::th::en,th,en,dependent,0,0,0,0,0,0,0,0,0
qwen,rel::2/map_9.png,rel::2/map_9.png::th::ru,th,ru,dependent,0,1,0,1,1,1,0,0,0
qwen,rel::2/map_9.png,rel::2/map_9.png::th::zh,th,zh,dependent,0,1,0,1,1,1,0,0,0
qwen,rel::2/map_9.png,rel::2/map_9.png::zh::en,zh,en,dependent,1,1,0,0,0,0,-1,-1,0
qwen,rel::2/map_9.png,rel::2/map_9.png::zh::ru,zh,ru,dependent,1,1,0,1,0,1,-1,0,1
qwen,rel::2/map_9.png,rel::2/map_9.png::zh::th,zh,th,dependent,0,0,0,0,0,0,0,0,0
qwen,rel::2/note_1.png,rel::2/note_1.png::en::ru,en,ru,dependent,1,1,1,1,0,0,0,0,0
qwen,rel::2/note_1.png,rel::2/note_1.png::en::th,en,th,dependent,1,1,0,1,0,1,-1,0,1
qwen,rel::2/note_1.png,rel::2/note_1.png::en::zh,en,zh,dependent,1,1,1,1,0,0,0,0,0
qwen,rel::2/note_1.png,rel::2/note_1.png::ru::en,ru,en,dependent,1,1,1,1,0,0,0,0,0
qwen,rel::2/note_1.png,rel::2/note_1.png::ru::th,ru,th,dependent,0,1,0,1,1,1,0,0,0
qwen,rel::2/note_1.png,rel::2/note_1.png::ru::zh,ru,zh,dependent,0,1,1,1,1,0,1,0,-1
qwen,rel::2/note_1.png,rel::2/note_1.png::th::en,th,en,dependent,1,1,1,1,0,0,0,0,0
qwen,rel::2/note_1.png,rel::2/note_1.png::th::ru,th,ru,dependent,1,1,1,1,0,0,0,0,0
qwen,rel::2/note_1.png,rel::2/note_1.png::th::zh,th,zh,dependent,1,1,1,1,0,0,0,0,0
qwen,rel::2/note_1.png,rel::2/note_1.png::zh::en,zh,en,dependent,1,1,1,1,0,0,0,0,0
qwen,rel::2/note_1.png,rel::2/note_1.png::zh::ru,zh,ru,dependent,1,1,1,1,0,0,0,0,0
qwen,rel::2/note_1.png,rel::2/note_1.png::zh::th,zh,th,dependent,1,1,1,1,0,0,0,0,0
qwen,rel::2/note_10.png,rel::2/note_10.png::en::ru,en,ru,dependent,0,0,0,0,0,0,0,0,0
qwen,rel::2/note_10.png,rel::2/note_10.png::en::th,en,th,dependent,1,0,1,0,-1,-1,0,0,0
qwen,rel::2/note_10.png,rel::2/note_10.png::en::zh,en,zh,dependent,0,0,1,1,0,0,1,1,0
qwen,rel::2/note_10.png,rel::2/note_10.png::ru::en,ru,en,dependent,0,0,0,0,0,0,0,0,0
qwen,rel::2/note_10.png,rel::2/note_10.png::ru::th,ru,th,dependent,1,0,1,0,-1,-1,0,0,0
qwen,rel::2/note_10.png,rel::2/note_10.png::ru::zh,ru,zh,dependent,0,1,1,1,1,0,1,0,-1
qwen,rel::2/note_10.png,rel::2/note_10.png::th::en,th,en,dependent,0,0,0,0,0,0,0,0,0
qwen,rel::2/note_10.png,rel::2/note_10.png::th::ru,th,ru,dependent,0,0,0,0,0,0,0,0,0
qwen,rel::2/note_10.png,rel::2/note_10.png::th::zh,th,zh,dependent,0,1,1,1,1,0,1,0,-1
qwen,rel::2/note_10.png,rel::2/note_10.png::zh::en,zh,en,dependent,1,1,0,0,0,0,-1,-1,0
qwen,rel::2/note_10.png,rel::2/note_10.png::zh::ru,zh,ru,dependent,1,1,1,0,0,-1,0,-1,-1
qwen,rel::2/note_10.png,rel::2/note_10.png::zh::th,zh,th,dependent,1,1,1,0,0,-1,0,-1,-1
qwen,rel::2/note_11.png,rel::2/note_11.png::en::ru,en,ru,dependent,0,0,0,0,0,0,0,0,0
qwen,rel::2/note_11.png,rel::2/note_11.png::en::th,en,th,dependent,1,0,1,1,-1,0,0,1,1
qwen,rel::2/note_11.png,rel::2/note_11.png::en::zh,en,zh,dependent,0,0,0,0,0,0,0,0,0
qwen,rel::2/note_11.png,rel::2/note_11.png::ru::en,ru,en,dependent,0,0,0,0,0,0,0,0,0
qwen,rel::2/note_11.png,rel::2/note_11.png::ru::th,ru,th,dependent,0,0,1,1,0,0,1,1,0
qwen,rel::2/note_11.png,rel::2/note_11.png::ru::zh,ru,zh,dependent,0,0,0,0,0,0,0,0,0
qwen,rel::2/note_11.png,rel::2/note_11.png::th::en,th,en,dependent,0,0,0,0,0,0,0,0,0
qwen,rel::2/note_11.png,rel::2/note_11.png::th::ru,th,ru,dependent,0,0,0,0,0,0,0,0,0
qwen,rel::2/note_11.png,rel::2/note_11.png::th::zh,th,zh,dependent,0,0,0,0,0,0,0,0,0
qwen,rel::2/note_11.png,rel::2/note_11.png::zh::en,zh,en,dependent,0,0,0,0,0,0,0,0,0
qwen,rel::2/note_11.png,rel::2/note_11.png::zh::ru,zh,ru,dependent,0,0,0,0,0,0,0,0,0
qwen,rel::2/note_11.png,rel::2/note_11.png::zh::th,zh,th,dependent,1,0,1,1,-1,0,0,1,1
qwen,rel::2/note_2.png,rel::2/note_2.png::en::ru,en,ru,dependent,1,0,1,0,-1,-1,0,0,0
qwen,rel::2/note_2.png,rel::2/note_2.png::en::th,en,th,dependent,1,1,1,1,0,0,0,0,0
qwen,rel::2/note_2.png,rel::2/note_2.png::en::zh,en,zh,dependent,1,1,1,1,0,0,0,0,0
qwen,rel::2/note_2.png,rel::2/note_2.png::ru::en,ru,en,dependent,1,1,1,1,0,0,0,0,0
qwen,rel::2/note_2.png,rel::2/note_2.png::ru::th,ru,th,dependent,1,1,1,1,0,0,0,0,0
qwen,rel::2/note_2.png,rel::2/note_2.png::ru::zh,ru,zh,dependent,1,1,1,1,0,0,0,0,0
qwen,rel::2/note_2.png,rel::2/note_2.png::th::en,th,en,dependent,1,1,1,1,0,0,0,0,0
qwen,rel::2/note_2.png,rel::2/note_2.png::th::ru,th,ru,dependent,0,1,1,0,1,-1,1,-1,-2
qwen,rel::2/note_2.png,rel::2/note_2.png::th::zh,th,zh,dependent,1,1,1,1,0,0,0,0,0
qwen,rel::2/note_2.png,rel::2/note_2.png::zh::en,zh,en,dependent,1,1,1,1,0,0,0,0,0
qwen,rel::2/note_2.png,rel::2/note_2.png::zh::ru,zh,ru,dependent,1,1,1,0,0,-1,0,-1,-1
qwen,rel::2/note_2.png,rel::2/note_2.png::zh::th,zh,th,dependent,1,1,1,1,0,0,0,0,0
qwen,rel::2/note_3.png,rel::2/note_3.png::en::ru,en,ru,dependent,1,0,1,1,-1,0,0,1,1
qwen,rel::2/note_3.png,rel::2/note_3.png::en::th,en,th,dependent,0,0,0,0,0,0,0,0,0
qwen,rel::2/note_3.png,rel::2/note_3.png::en::zh,en,zh,dependent,0,0,0,0,0,0,0,0,0
qwen,rel::2/note_3.png,rel::2/note_3.png::ru::en,ru,en,dependent,0,0,0,0,0,0,0,0,0
qwen,rel::2/note_3.png,rel::2/note_3.png::ru::th,ru,th,dependent,0,0,0,0,0,0,0,0,0
qwen,rel::2/note_3.png,rel::2/note_3.png::ru::zh,ru,zh,dependent,0,0,0,0,0,0,0,0,0
qwen,rel::2/note_3.png,rel::2/note_3.png::th::en,th,en,dependent,0,0,0,0,0,0,0,0,0
qwen,rel::2/note_3.png,rel::2/note_3.png::th::ru,th,ru,dependent,0,0,1,1,0,0,1,1,0
qwen,rel::2/note_3.png,rel::2/note_3.png::th::zh,th,zh,dependent,0,0,1,0,0,-1,1,0,-1
qwen,rel::2/note_3.png,rel::2/note_3.png::zh::en,zh,en,dependent,1,0,0,0,-1,0,-1,0,1
qwen,rel::2/note_3.png,rel::2/note_3.png::zh::ru,zh,ru,dependent,1,0,1,1,-1,0,0,1,1
qwen,rel::2/note_3.png,rel::2/note_3.png::zh::th,zh,th,dependent,0,0,0,0,0,0,0,0,0
qwen,rel::2/note_4.png,rel::2/note_4.png::en::ru,en,ru,dependent,1,1,1,1,0,0,0,0,0
qwen,rel::2/note_4.png,rel::2/note_4.png::en::th,en,th,dependent,1,1,1,1,0,0,0,0,0
qwen,rel::2/note_4.png,rel::2/note_4.png::en::zh,en,zh,dependent,1,1,1,1,0,0,0,0,0
qwen,rel::2/note_4.png,rel::2/note_4.png::ru::en,ru,en,dependent,1,1,0,1,0,1,-1,0,1
qwen,rel::2/note_4.png,rel::2/note_4.png::ru::th,ru,th,dependent,1,1,0,1,0,1,-1,0,1
qwen,rel::2/note_4.png,rel::2/note_4.png::ru::zh,ru,zh,dependent,1,1,0,1,0,1,-1,0,1
qwen,rel::2/note_4.png,rel::2/note_4.png::th::en,th,en,dependent,1,1,0,1,0,1,-1,0,1
qwen,rel::2/note_4.png,rel::2/note_4.png::th::ru,th,ru,dependent,1,1,0,1,0,1,-1,0,1
qwen,rel::2/note_4.png,rel::2/note_4.png::th::zh,th,zh,dependent,1,1,1,1,0,0,0,0,0
qwen,rel::2/note_4.png,rel::2/note_4.png::zh::en,zh,en,dependent,1,1,1,1,0,0,0,0,0
qwen,rel::2/note_4.png,rel::2/note_4.png::zh::ru,zh,ru,dependent,1,1,1,1,0,0,0,0,0
qwen,rel::2/note_4.png,rel::2/note_4.png::zh::th,zh,th,dependent,1,1,1,1,0,0,0,0,0
qwen,rel::2/note_5.png,rel::2/note_5.png::en::ru,en,ru,independent,0,0,0,0,0,0,0,0,0
qwen,rel::2/note_5.png,rel::2/note_5.png::en::th,en,th,independent,0,0,0,0,0,0,0,0,0
qwen,rel::2/note_5.png,rel::2/note_5.png::en::zh,en,zh,independent,0,0,0,0,0,0,0,0,0
qwen,rel::2/note_5.png,rel::2/note_5.png::ru::en,ru,en,independent,0,0,0,0,0,0,0,0,0
qwen,rel::2/note_5.png,rel::2/note_5.png::ru::th,ru,th,independent,0,0,0,0,0,0,0,0,0
qwen,rel::2/note_5.png,rel::2/note_5.png::ru::zh,ru,zh,independent,0,0,0,0,0,0,0,0,0
qwen,rel::2/note_5.png,rel::2/note_5.png::th::en,th,en,independent,0,0,0,0,0,0,0,0,0
qwen,rel::2/note_5.png,rel::2/note_5.png::th::ru,th,ru,independent,0,0,0,0,0,0,0,0,0
qwen,rel::2/note_5.png,rel::2/note_5.png::th::zh,th,zh,independent,0,0,0,0,0,0,0,0,0
qwen,rel::2/note_5.png,rel::2/note_5.png::zh::en,zh,en,independent,0,0,0,0,0,0,0,0,0
qwen,rel::2/note_5.png,rel::2/note_5.png::zh::ru,zh,ru,independent,0,0,0,0,0,0,0,0,0
qwen,rel::2/note_5.png,rel::2/note_5.png::zh::th,zh,th,independent,0,0,0,0,0,0,0,0,0
qwen,rel::2/note_6.png,rel::2/note_6.png::en::ru,en,ru,dependent,0,0,0,0,0,0,0,0,0
qwen,rel::2/note_6.png,rel::2/note_6.png::en::th,en,th,dependent,1,0,1,1,-1,0,0,1,1
qwen,rel::2/note_6.png,rel::2/note_6.png::en::zh,en,zh,dependent,0,0,0,0,0,0,0,0,0
qwen,rel::2/note_6.png,rel::2/note_6.png::ru::en,ru,en,dependent,0,0,0,0,0,0,0,0,0
qwen,rel::2/note_6.png,rel::2/note_6.png::ru::th,ru,th,dependent,1,1,0,1,0,1,-1,0,1
qwen,rel::2/note_6.png,rel::2/note_6.png::ru::zh,ru,zh,dependent,0,0,0,0,0,0,0,0,0
qwen,rel::2/note_6.png,rel::2/note_6.png::th::en,th,en,dependent,0,0,0,0,0,0,0,0,0
qwen,rel::2/note_6.png,rel::2/note_6.png::th::ru,th,ru,dependent,0,0,0,0,0,0,0,0,0
qwen,rel::2/note_6.png,rel::2/note_6.png::th::zh,th,zh,dependent,0,0,0,0,0,0,0,0,0
qwen,rel::2/note_6.png,rel::2/note_6.png::zh::en,zh,en,dependent,0,0,0,0,0,0,0,0,0
qwen,rel::2/note_6.png,rel::2/note_6.png::zh::ru,zh,ru,dependent,0,1,0,0,1,0,0,-1,-1
qwen,rel::2/note_6.png,rel::2/note_6.png::zh::th,zh,th,dependent,0,1,0,1,1,1,0,0,0
qwen,rel::2/note_8.png,rel::2/note_8.png::en::ru,en,ru,dependent,0,1,1,1,1,0,1,0,-1
qwen,rel::2/note_8.png,rel::2/note_8.png::en::th,en,th,dependent,0,1,0,1,1,1,0,0,0
qwen,rel::2/note_8.png,rel::2/note_8.png::en::zh,en,zh,dependent,1,1,1,1,0,0,0,0,0
qwen,rel::2/note_8.png,rel::2/note_8.png::ru::en,ru,en,dependent,1,1,1,1,0,0,0,0,0
qwen,rel::2/note_8.png,rel::2/note_8.png::ru::th,ru,th,dependent,0,1,0,1,1,1,0,0,0
qwen,rel::2/note_8.png,rel::2/note_8.png::ru::zh,ru,zh,dependent,0,1,1,1,1,0,1,0,-1
qwen,rel::2/note_8.png,rel::2/note_8.png::th::en,th,en,dependent,1,1,1,1,0,0,0,0,0
qwen,rel::2/note_8.png,rel::2/note_8.png::th::ru,th,ru,dependent,1,1,0,1,0,1,-1,0,1
qwen,rel::2/note_8.png,rel::2/note_8.png::th::zh,th,zh,dependent,1,1,1,1,0,0,0,0,0
qwen,rel::2/note_8.png,rel::2/note_8.png::zh::en,zh,en,dependent,1,1,1,1,0,0,0,0,0
qwen,rel::2/note_8.png,rel::2/note_8.png::zh::ru,zh,ru,dependent,1,1,1,1,0,0,0,0,0
qwen,rel::2/note_8.png,rel::2/note_8.png::zh::th,zh,th,dependent,0,1,0,1,1,1,0,0,0
qwen,rel::2/note_9.png,rel::2/note_9.png::en::ru,en,ru,dependent,0,0,0,0,0,0,0,0,0
qwen,rel::2/note_9.png,rel::2/note_9.png::en::th,en,th,dependent,1,1,1,0,0,-1,0,-1,-1
qwen,rel::2/note_9.png,rel::2/note_9.png::en::zh,en,zh,dependent,0,0,1,1,0,0,1,1,0
qwen,rel::2/note_9.png,rel::2/note_9.png::ru::en,ru,en,dependent,0,0,0,0,0,0,0,0,0
qwen,rel::2/note_9.png,rel::2/note_9.png::ru::th,ru,th,dependent,0,0,1,0,0,-1,1,0,-1
qwen,rel::2/note_9.png,rel::2/note_9.png::ru::zh,ru,zh,dependent,0,0,1,1,0,0,1,1,0
qwen,rel::2/note_9.png,rel::2/note_9.png::th::en,th,en,dependent,0,0,0,0,0,0,0,0,0
qwen,rel::2/note_9.png,rel::2/note_9.png::th::ru,th,ru,dependent,0,0,0,0,0,0,0,0,0
qwen,rel::2/note_9.png,rel::2/note_9.png::th::zh,th,zh,dependent,0,0,1,1,0,0,1,1,0
qwen,rel::2/note_9.png,rel::2/note_9.png::zh::en,zh,en,dependent,1,1,0,0,0,0,-1,-1,0
qwen,rel::2/note_9.png,rel::2/note_9.png::zh::ru,zh,ru,dependent,1,1,1,0,0,-1,0,-1,-1
qwen,rel::2/note_9.png,rel::2/note_9.png::zh::th,zh,th,dependent,1,1,1,0,0,-1,0,-1,-1
qwen,rel::2/setting_1.png,rel::2/setting_1.png::en::ru,en,ru,dependent,1,1,1,1,0,0,0,0,0
qwen,rel::2/setting_1.png,rel::2/setting_1.png::en::th,en,th,dependent,0,0,0,1,0,1,0,1,1
qwen,rel::2/setting_1.png,rel::2/setting_1.png::en::zh,en,zh,dependent,1,1,1,1,0,0,0,0,0
qwen,rel::2/setting_1.png,rel::2/setting_1.png::ru::en,ru,en,dependent,1,1,1,1,0,0,0,0,0
qwen,rel::2/setting_1.png,rel::2/setting_1.png::ru::th,ru,th,dependent,0,1,0,1,1,1,0,0,0
qwen,rel::2/setting_1.png,rel::2/setting_1.png::ru::zh,ru,zh,dependent,1,1,1,1,0,0,0,0,0
qwen,rel::2/setting_1.png,rel::2/setting_1.png::th::en,th,en,dependent,0,1,0,1,1,1,0,0,0
qwen,rel::2/setting_1.png,rel::2/setting_1.png::th::ru,th,ru,dependent,0,1,0,1,1,1,0,0,0
qwen,rel::2/setting_1.png,rel::2/setting_1.png::th::zh,th,zh,dependent,0,1,0,1,1,1,0,0,0
qwen,rel::2/setting_1.png,rel::2/setting_1.png::zh::en,zh,en,dependent,1,1,0,1,0,1,-1,0,1
qwen,rel::2/setting_1.png,rel::2/setting_1.png::zh::ru,zh,ru,dependent,1,1,1,1,0,0,0,0,0
qwen,rel::2/setting_1.png,rel::2/setting_1.png::zh::th,zh,th,dependent,0,1,0,1,1,1,0,0,0
qwen,rel::2/setting_10.png,rel::2/setting_10.png::en::ru,en,ru,dependent,1,1,1,1,0,0,0,0,0
qwen,rel::2/setting_10.png,rel::2/setting_10.png::en::th,en,th,dependent,0,1,0,1,1,1,0,0,0
qwen,rel::2/setting_10.png,rel::2/setting_10.png::en::zh,en,zh,dependent,0,1,0,1,1,1,0,0,0
qwen,rel::2/setting_10.png,rel::2/setting_10.png::ru::en,ru,en,dependent,1,1,1,1,0,0,0,0,0
qwen,rel::2/setting_10.png,rel::2/setting_10.png::ru::th,ru,th,dependent,0,1,0,1,1,1,0,0,0
qwen,rel::2/setting_10.png,rel::2/setting_10.png::ru::zh,ru,zh,dependent,0,1,1,1,1,0,1,0,-1
qwen,rel::2/setting_10.png,rel::2/setting_10.png::th::en,th,en,dependent,1,1,1,1,0,0,0,0,0
qwen,rel::2/setting_10.png,rel::2/setting_10.png::th::ru,th,ru,dependent,1,1,1,1,0,0,0,0,0
qwen,rel::2/setting_10.png,rel::2/setting_10.png::th::zh,th,zh,dependent,0,1,0,1,1,1,0,0,0
qwen,rel::2/setting_10.png,rel::2/setting_10.png::zh::en,zh,en,dependent,0,1,1,1,1,0,1,0,-1
qwen,rel::2/setting_10.png,rel::2/setting_10.png::zh::ru,zh,ru,dependent,0,1,0,1,1,1,0,0,0
qwen,rel::2/setting_10.png,rel::2/setting_10.png::zh::th,zh,th,dependent,0,1,0,1,1,1,0,0,0
qwen,rel::2/setting_11.png,rel::2/setting_11.png::en::ru,en,ru,dependent,0,0,0,1,0,1,0,1,1
qwen,rel::2/setting_11.png,rel::2/setting_11.png::en::th,en,th,dependent,0,0,0,1,0,1,0,1,1
qwen,rel::2/setting_11.png,rel::2/setting_11.png::en::zh,en,zh,dependent,0,0,0,1,0,1,0,1,1
qwen,rel::2/setting_11.png,rel::2/setting_11.png::ru::en,ru,en,dependent,0,1,0,1,1,1,0,0,0
qwen,rel::2/setting_11.png,rel::2/setting_11.png::ru::th,ru,th,dependent,1,1,0,1,0,1,-1,0,1
qwen,rel::2/setting_11.png,rel::2/setting_11.png::ru::zh,ru,zh,dependent,0,0,0,1,0,1,0,1,1
qwen,rel::2/setting_11.png,rel::2/setting_11.png::th::en,th,en,dependent,0,0,0,1,0,1,0,1,1
qwen,rel::2/setting_11.png,rel::2/setting_11.png::th::ru,th,ru,dependent,0,0,1,1,0,0,1,1,0
qwen,rel::2/setting_11.png,rel::2/setting_11.png::th::zh,th,zh,dependent,0,0,0,1,0,1,0,1,1
qwen,rel::2/setting_11.png,rel::2/setting_11.png::zh::en,zh,en,dependent,0,1,0,1,1,1,0,0,0
qwen,rel::2/setting_11.png,rel::2/setting_11.png::zh::ru,zh,ru,dependent,0,1,0,1,1,1,0,0,0
qwen,rel::2/setting_11.png,rel::2/setting_11.png::zh::th,zh,th,dependent,0,0,0,1,0,1,0,1,1
qwen,rel::2/setting_2.png,rel::2/setting_2.png::en::ru,en,ru,dependent,1,1,1,1,0,0,0,0,0
qwen,rel::2/setting_2.png,rel::2/setting_2.png::en::th,en,th,dependent,0,1,0,1,1,1,0,0,0
qwen,rel::2/setting_2.png,rel::2/setting_2.png::en::zh,en,zh,dependent,1,1,1,1,0,0,0,0,0
qwen,rel::2/setting_2.png,rel::2/setting_2.png::ru::en,ru,en,dependent,1,1,1,1,0,0,0,0,0
qwen,rel::2/setting_2.png,rel::2/setting_2.png::ru::th,ru,th,dependent,0,1,1,1,1,0,1,0,-1
qwen,rel::2/setting_2.png,rel::2/setting_2.png::ru::zh,ru,zh,dependent,0,1,1,1,1,0,1,0,-1
qwen,rel::2/setting_2.png,rel::2/setting_2.png::th::en,th,en,dependent,1,1,1,1,0,0,0,0,0
qwen,rel::2/setting_2.png,rel::2/setting_2.png::th::ru,th,ru,dependent,0,1,1,1,1,0,1,0,-1
qwen,rel::2/setting_2.png,rel::2/setting_2.png::th::zh,th,zh,dependent,1,1,0,1,0,1,-1,0,1
qwen,rel::2/setting_2.png,rel::2/setting_2.png::zh::en,zh,en,dependent,0,1,1,1,1,0,1,0,-1
qwen,rel::2/setting_2.png,rel::2/setting_2.png::zh::ru,zh,ru,dependent,0,1,1,1,1,0,1,0,-1
qwen,rel::2/setting_2.png,rel::2/setting_2.png::zh::th,zh,th,dependent,0,1,0,1,1,1,0,0,0
qwen,rel::2/setting_3.png,rel::2/setting_3.png::en::ru,en,ru,dependent,0,1,0,0,1,0,0,-1,-1
qwen,rel::2/setting_3.png,rel::2/setting_3.png::en::th,en,th,dependent,0,0,0,0,0,0,0,0,0
qwen,rel::2/setting_3.png,rel::2/setting_3.png::en::zh,en,zh,dependent,1,0,0,1,-1,1,-1,1,2
qwen,rel::2/setting_3.png,rel::2/setting_3.png::ru::en,ru,en,dependent,1,0,1,1,-1,0,0,1,1
qwen,rel::2/setting_3.png,rel::2/setting_3.png::ru::th,ru,th,dependent,0,1,0,0,1,0,0,-1,-1
qwen,rel::2/setting_3.png,rel::2/setting_3.png::ru::zh,ru,zh,dependent,0,0,0,1,0,1,0,1,1
qwen,rel::2/setting_3.png,rel::2/setting_3.png::th::en,th,en,dependent,0,0,0,1,0,1,0,1,1
qwen,rel::2/setting_3.png,rel::2/setting_3.png::th::ru,th,ru,dependent,0,1,0,0,1,0,0,-1,-1
qwen,rel::2/setting_3.png,rel::2/setting_3.png::th::zh,th,zh,dependent,0,0,0,1,0,1,0,1,1
qwen,rel::2/setting_3.png,rel::2/setting_3.png::zh::en,zh,en,dependent,1,1,1,1,0,0,0,0,0
qwen,rel::2/setting_3.png,rel::2/setting_3.png::zh::ru,zh,ru,dependent,0,1,1,0,1,-1,1,-1,-2
qwen,rel::2/setting_3.png,rel::2/setting_3.png::zh::th,zh,th,dependent,0,0,0,0,0,0,0,0,0
qwen,rel::2/setting_4.png,rel::2/setting_4.png::en::ru,en,ru,dependent,1,1,1,1,0,0,0,0,0
qwen,rel::2/setting_4.png,rel::2/setting_4.png::en::th,en,th,dependent,1,1,0,1,0,1,-1,0,1
qwen,rel::2/setting_4.png,rel::2/setting_4.png::en::zh,en,zh,dependent,1,1,1,1,0,0,0,0,0
qwen,rel::2/setting_4.png,rel::2/setting_4.png::ru::en,ru,en,dependent,0,1,0,1,1,1,0,0,0
qwen,rel::2/setting_4.png,rel::2/setting_4.png::ru::th,ru,th,dependent,1,1,0,1,0,1,-1,0,1
qwen,rel::2/setting_4.png,rel::2/setting_4.png::ru::zh,ru,zh,dependent,0,1,0,1,1,1,0,0,0
qwen,rel::2/setting_4.png,rel::2/setting_4.png::th::en,th,en,dependent,0,0,1,1,0,0,1,1,0
qwen,rel::2/setting_4.png,rel::2/setting_4.png::th::ru,th,ru,dependent,0,0,0,1,0,1,0,1,1
qwen,rel::2/setting_4.png,rel::2/setting_4.png::th::zh,th,zh,dependent,0,0,0,1,0,1,0,1,1
qwen,rel::2/setting_4.png,rel::2/setting_4.png::zh::en,zh,en,dependent,1,1,0,1,0,1,-1,0,1
qwen,rel::2/setting_4.png,rel::2/setting_4.png::zh::ru,zh,ru,dependent,0,1,0,1,1,1,0,0,0
qwen,rel::2/setting_4.png,rel::2/setting_4.png::zh::th,zh,th,dependent,0,1,0,1,1,1,0,0,0
qwen,rel::2/setting_5.png,rel::2/setting_5.png::en::ru,en,ru,dependent,1,1,1,1,0,0,0,0,0
qwen,rel::2/setting_5.png,rel::2/setting_5.png::en::th,en,th,dependent,1,1,0,1,0,1,-1,0,1
qwen,rel::2/setting_5.png,rel::2/setting_5.png::en::zh,en,zh,dependent,1,1,1,1,0,0,0,0,0
qwen,rel::2/setting_5.png,rel::2/setting_5.png::ru::en,ru,en,dependent,1,1,1,1,0,0,0,0,0
qwen,rel::2/setting_5.png,rel::2/setting_5.png::ru::th,ru,th,dependent,0,1,0,1,1,1,0,0,0
qwen,rel::2/setting_5.png,rel::2/setting_5.png::ru::zh,ru,zh,dependent,1,1,1,1,0,0,0,0,0
qwen,rel::2/setting_5.png,rel::2/setting_5.png::th::en,th,en,dependent,1,1,1,1,0,0,0,0,0
qwen,rel::2/setting_5.png,rel::2/setting_5.png::th::ru,th,ru,dependent,1,1,1,1,0,0,0,0,0
qwen,rel::2/setting_5.png,rel::2/setting_5.png::th::zh,th,zh,dependent,1,1,1,1,0,0,0,0,0
qwen,rel::2/setting_5.png,rel::2/setting_5.png::zh::en,zh,en,dependent,1,1,1,1,0,0,0,0,0
qwen,rel::2/setting_5.png,rel::2/setting_5.png::zh::ru,zh,ru,dependent,1,1,1,1,0,0,0,0,0
qwen,rel::2/setting_5.png,rel::2/setting_5.png::zh::th,zh,th,dependent,0,1,0,1,1,1,0,0,0
qwen,rel::2/setting_6.png,rel::2/setting_6.png::en::ru,en,ru,dependent,1,1,1,1,0,0,0,0,0
qwen,rel::2/setting_6.png,rel::2/setting_6.png::en::th,en,th,dependent,1,1,1,1,0,0,0,0,0
qwen,rel::2/setting_6.png,rel::2/setting_6.png::en::zh,en,zh,dependent,1,1,1,1,0,0,0,0,0
qwen,rel::2/setting_6.png,rel::2/setting_6.png::ru::en,ru,en,dependent,1,1,1,1,0,0,0,0,0
qwen,rel::2/setting_6.png,rel::2/setting_6.png::ru::th,ru,th,dependent,0,1,0,1,1,1,0,0,0
qwen,rel::2/setting_6.png,rel::2/setting_6.png::ru::zh,ru,zh,dependent,0,1,1,1,1,0,1,0,-1
qwen,rel::2/setting_6.png,rel::2/setting_6.png::th::en,th,en,dependent,1,1,0,1,0,1,-1,0,1
qwen,rel::2/setting_6.png,rel::2/setting_6.png::th::ru,th,ru,dependent,0,1,0,1,1,1,0,0,0
qwen,rel::2/setting_6.png,rel::2/setting_6.png::th::zh,th,zh,dependent,1,1,1,1,0,0,0,0,0
qwen,rel::2/setting_6.png,rel::2/setting_6.png::zh::en,zh,en,dependent,1,1,0,1,0,1,-1,0,1
qwen,rel::2/setting_6.png,rel::2/setting_6.png::zh::ru,zh,ru,dependent,1,1,0,1,0,1,-1,0,1
qwen,rel::2/setting_6.png,rel::2/setting_6.png::zh::th,zh,th,dependent,0,1,0,1,1,1,0,0,0
qwen,rel::2/setting_7.png,rel::2/setting_7.png::en::ru,en,ru,dependent,1,1,0,1,0,1,-1,0,1
qwen,rel::2/setting_7.png,rel::2/setting_7.png::en::th,en,th,dependent,0,1,0,1,1,1,0,0,0
qwen,rel::2/setting_7.png,rel::2/setting_7.png::en::zh,en,zh,dependent,0,1,0,1,1,1,0,0,0
qwen,rel::2/setting_7.png,rel::2/setting_7.png::ru::en,ru,en,dependent,0,0,0,1,0,1,0,1,1
qwen,rel::2/setting_7.png,rel::2/setting_7.png::ru::th,ru,th,dependent,0,1,0,1,1,1,0,0,0
qwen,rel::2/setting_7.png,rel::2/setting_7.png::ru::zh,ru,zh,dependent,0,1,0,1,1,1,0,0,0
qwen,rel::2/setting_7.png,rel::2/setting_7.png::th::en,th,en,dependent,1,1,0,1,0,1,-1,0,1
qwen,rel::2/setting_7.png,rel::2/setting_7.png::th::ru,th,ru,dependent,1,1,1,1,0,0,0,0,0
qwen,rel::2/setting_7.png,rel::2/setting_7.png::th::zh,th,zh,dependent,0,1,0,1,1,1,0,0,0
qwen,rel::2/setting_7.png,rel::2/setting_7.png::zh::en,zh,en,dependent,0,0,0,1,0,1,0,1,1
qwen,rel::2/setting_7.png,rel::2/setting_7.png::zh::ru,zh,ru,dependent,0,1,0,1,1,1,0,0,0
qwen,rel::2/setting_7.png,rel::2/setting_7.png::zh::th,zh,th,dependent,1,1,0,1,0,1,-1,0,1
qwen,rel::2/setting_8.png,rel::2/setting_8.png::en::ru,en,ru,dependent,1,1,0,1,0,1,-1,0,1
qwen,rel::2/setting_8.png,rel::2/setting_8.png::en::th,en,th,dependent,0,0,0,0,0,0,0,0,0
qwen,rel::2/setting_8.png,rel::2/setting_8.png::en::zh,en,zh,dependent,1,1,1,1,0,0,0,0,0
qwen,rel::2/setting_8.png,rel::2/setting_8.png::ru::en,ru,en,dependent,1,0,1,1,-1,0,0,1,1
qwen,rel::2/setting_8.png,rel::2/setting_8.png::ru::th,ru,th,dependent,0,0,0,0,0,0,0,0,0
qwen,rel::2/setting_8.png,rel::2/setting_8.png::ru::zh,ru,zh,dependent,1,0,1,1,-1,0,0,1,1
qwen,rel::2/setting_8.png,rel::2/setting_8.png::th::en,th,en,dependent,1,0,1,1,-1,0,0,1,1
qwen,rel::2/setting_8.png,rel::2/setting_8.png::th::ru,th,ru,dependent,1,0,1,1,-1,0,0,1,1
qwen,rel::2/setting_8.png,rel::2/setting_8.png::th::zh,th,zh,dependent,1,0,1,1,-1,0,0,1,1
qwen,rel::2/setting_8.png,rel::2/setting_8.png::zh::en,zh,en,dependent,1,1,1,1,0,0,0,0,0
qwen,rel::2/setting_8.png,rel::2/setting_8.png::zh::ru,zh,ru,dependent,1,1,0,1,0,1,-1,0,1
qwen,rel::2/setting_8.png,rel::2/setting_8.png::zh::th,zh,th,dependent,0,0,0,0,0,0,0,0,0
qwen,rel::2/setting_9.png,rel::2/setting_9.png::en::ru,en,ru,dependent,1,1,1,1,0,0,0,0,0
qwen,rel::2/setting_9.png,rel::2/setting_9.png::en::th,en,th,dependent,0,0,0,0,0,0,0,0,0
qwen,rel::2/setting_9.png,rel::2/setting_9.png::en::zh,en,zh,dependent,1,1,0,0,0,0,-1,-1,0
qwen,rel::2/setting_9.png,rel::2/setting_9.png::ru::en,ru,en,dependent,1,1,1,1,0,0,0,0,0
qwen,rel::2/setting_9.png,rel::2/setting_9.png::ru::th,ru,th,dependent,0,0,0,0,0,0,0,0,0
qwen,rel::2/setting_9.png,rel::2/setting_9.png::ru::zh,ru,zh,dependent,0,0,0,0,0,0,0,0,0
qwen,rel::2/setting_9.png,rel::2/setting_9.png::th::en,th,en,dependent,0,1,1,1,1,0,1,0,-1
qwen,rel::2/setting_9.png,rel::2/setting_9.png::th::ru,th,ru,dependent,0,0,0,1,0,1,0,1,1
qwen,rel::2/setting_9.png,rel::2/setting_9.png::th::zh,th,zh,dependent,0,0,0,0,0,0,0,0,0
qwen,rel::2/setting_9.png,rel::2/setting_9.png::zh::en,zh,en,dependent,0,0,1,1,0,0,1,1,0
qwen,rel::2/setting_9.png,rel::2/setting_9.png::zh::ru,zh,ru,dependent,0,0,0,1,0,1,0,1,1
qwen,rel::2/setting_9.png,rel::2/setting_9.png::zh::th,zh,th,dependent,0,0,0,0,0,0,0,0,0
qwen,rel::2/weather_1.png,rel::2/weather_1.png::en::ru,en,ru,dependent,1,1,1,1,0,0,0,0,0
qwen,rel::2/weather_1.png,rel::2/weather_1.png::en::th,en,th,dependent,1,1,1,1,0,0,0,0,0
qwen,rel::2/weather_1.png,rel::2/weather_1.png::en::zh,en,zh,dependent,1,1,1,1,0,0,0,0,0
qwen,rel::2/weather_1.png,rel::2/weather_1.png::ru::en,ru,en,dependent,1,1,1,1,0,0,0,0,0
qwen,rel::2/weather_1.png,rel::2/weather_1.png::ru::th,ru,th,dependent,1,1,1,1,0,0,0,0,0
qwen,rel::2/weather_1.png,rel::2/weather_1.png::ru::zh,ru,zh,dependent,1,1,1,1,0,0,0,0,0
qwen,rel::2/weather_1.png,rel::2/weather_1.png::th::en,th,en,dependent,1,1,1,1,0,0,0,0,0
qwen,rel::2/weather_1.png,rel::2/weather_1.png::th::ru,th,ru,dependent,1,1,1,1,0,0,0,0,0
qwen,rel::2/weather_1.png,rel::2/weather_1.png::th::zh,th,zh,dependent,1,1,1,1,0,0,0,0,0
qwen,rel::2/weather_1.png,rel::2/weather_1.png::zh::en,zh,en,dependent,1,1,1,1,0,0,0,0,0
qwen,rel::2/weather_1.png,rel::2/weather_1.png::zh::ru,zh,ru,dependent,1,1,1,1,0,0,0,0,0
qwen,rel::2/weather_1.png,rel::2/weather_1.png::zh::th,zh,th,dependent,1,1,0,1,0,1,-1,0,1
qwen,rel::2/weather_10.png,rel::2/weather_10.png::en::ru,en,ru,dependent,0,1,1,1,1,0,1,0,-1
qwen,rel::2/weather_10.png,rel::2/weather_10.png::en::th,en,th,dependent,0,1,1,1,1,0,1,0,-1
qwen,rel::2/weather_10.png,rel::2/weather_10.png::en::zh,en,zh,dependent,1,1,1,1,0,0,0,0,0
qwen,rel::2/weather_10.png,rel::2/weather_10.png::ru::en,ru,en,dependent,1,1,1,1,0,0,0,0,0
qwen,rel::2/weather_10.png,rel::2/weather_10.png::ru::th,ru,th,dependent,1,1,1,1,0,0,0,0,0
qwen,rel::2/weather_10.png,rel::2/weather_10.png::ru::zh,ru,zh,dependent,1,1,1,1,0,0,0,0,0
qwen,rel::2/weather_10.png,rel::2/weather_10.png::th::en,th,en,dependent,1,1,1,1,0,0,0,0,0
qwen,rel::2/weather_10.png,rel::2/weather_10.png::th::ru,th,ru,dependent,0,0,1,1,0,0,1,1,0
qwen,rel::2/weather_10.png,rel::2/weather_10.png::th::zh,th,zh,dependent,1,1,1,1,0,0,0,0,0
qwen,rel::2/weather_10.png,rel::2/weather_10.png::zh::en,zh,en,dependent,1,1,0,1,0,1,-1,0,1
qwen,rel::2/weather_10.png,rel::2/weather_10.png::zh::ru,zh,ru,dependent,1,1,1,1,0,0,0,0,0
qwen,rel::2/weather_10.png,rel::2/weather_10.png::zh::th,zh,th,dependent,1,1,1,1,0,0,0,0,0
qwen,rel::2/weather_2.png,rel::2/weather_2.png::en::ru,en,ru,dependent,0,0,1,0,0,-1,1,0,-1
qwen,rel::2/weather_2.png,rel::2/weather_2.png::en::th,en,th,dependent,0,1,0,0,1,0,0,-1,-1
qwen,rel::2/weather_2.png,rel::2/weather_2.png::en::zh,en,zh,dependent,0,0,1,0,0,-1,1,0,-1
qwen,rel::2/weather_2.png,rel::2/weather_2.png::ru::en,ru,en,dependent,0,0,0,0,0,0,0,0,0
qwen,rel::2/weather_2.png,rel::2/weather_2.png::ru::th,ru,th,dependent,0,1,0,0,1,0,0,-1,-1
qwen,rel::2/weather_2.png,rel::2/weather_2.png::ru::zh,ru,zh,dependent,0,0,0,0,0,0,0,0,0
qwen,rel::2/weather_2.png,rel::2/weather_2.png::th::en,th,en,dependent,0,0,0,0,0,0,0,0,0
qwen,rel::2/weather_2.png,rel::2/weather_2.png::th::ru,th,ru,dependent,0,0,0,0,0,0,0,0,0
qwen,rel::2/weather_2.png,rel::2/weather_2.png::th::zh,th,zh,dependent,0,0,1,0,0,-1,1,0,-1
qwen,rel::2/weather_2.png,rel::2/weather_2.png::zh::en,zh,en,dependent,0,0,0,0,0,0,0,0,0
qwen,rel::2/weather_2.png,rel::2/weather_2.png::zh::ru,zh,ru,dependent,0,0,0,0,0,0,0,0,0
qwen,rel::2/weather_2.png,rel::2/weather_2.png::zh::th,zh,th,dependent,0,1,0,0,1,0,0,-1,-1
qwen,rel::2/weather_3.png,rel::2/weather_3.png::en::ru,en,ru,dependent,1,1,1,1,0,0,0,0,0
qwen,rel::2/weather_3.png,rel::2/weather_3.png::en::th,en,th,dependent,1,1,1,1,0,0,0,0,0
qwen,rel::2/weather_3.png,rel::2/weather_3.png::en::zh,en,zh,dependent,1,1,1,1,0,0,0,0,0
qwen,rel::2/weather_3.png,rel::2/weather_3.png::ru::en,ru,en,dependent,0,1,0,1,1,1,0,0,0
qwen,rel::2/weather_3.png,rel::2/weather_3.png::ru::th,ru,th,dependent,1,1,1,1,0,0,0,0,0
qwen,rel::2/weather_3.png,rel::2/weather_3.png::ru::zh,ru,zh,dependent,0,1,0,1,1,1,0,0,0
qwen,rel::2/weather_3.png,rel::2/weather_3.png::th::en,th,en,dependent,1,1,1,1,0,0,0,0,0
qwen,rel::2/weather_3.png,rel::2/weather_3.png::th::ru,th,ru,dependent,1,1,1,1,0,0,0,0,0
qwen,rel::2/weather_3.png,rel::2/weather_3.png::th::zh,th,zh,dependent,1,1,0,1,0,1,-1,0,1
qwen,rel::2/weather_3.png,rel::2/weather_3.png::zh::en,zh,en,dependent,1,1,1,1,0,0,0,0,0
qwen,rel::2/weather_3.png,rel::2/weather_3.png::zh::ru,zh,ru,dependent,1,1,1,1,0,0,0,0,0
qwen,rel::2/weather_3.png,rel::2/weather_3.png::zh::th,zh,th,dependent,1,1,1,1,0,0,0,0,0
qwen,rel::2/weather_4.png,rel::2/weather_4.png::en::ru,en,ru,dependent,0,0,1,1,0,0,1,1,0
qwen,rel::2/weather_4.png,rel::2/weather_4.png::en::th,en,th,dependent,0,0,1,1,0,0,1,1,0
qwen,rel::2/weather_4.png,rel::2/weather_4.png::en::zh,en,zh,dependent,0,0,1,1,0,0,1,1,0
qwen,rel::2/weather_4.png,rel::2/weather_4.png::ru::en,ru,en,dependent,1,1,0,0,0,0,-1,-1,0
qwen,rel::2/weather_4.png,rel::2/weather_4.png::ru::th,ru,th,dependent,1,1,1,1,0,0,0,0,0
qwen,rel::2/weather_4.png,rel::2/weather_4.png::ru::zh,ru,zh,dependent,0,0,1,1,0,0,1,1,0
qwen,rel::2/weather_4.png,rel::2/weather_4.png::th::en,th,en,dependent,1,1,0,0,0,0,-1,-1,0
qwen,rel::2/weather_4.png,rel::2/weather_4.png::th::ru,th,ru,dependent,1,1,1,1,0,0,0,0,0
qwen,rel::2/weather_4.png,rel::2/weather_4.png::th::zh,th,zh,dependent,1,1,1,1,0,0,0,0,0
qwen,rel::2/weather_4.png,rel::2/weather_4.png::zh::en,zh,en,dependent,1,1,0,0,0,0,-1,-1,0
qwen,rel::2/weather_4.png,rel::2/weather_4.png::zh::ru,zh,ru,dependent,1,1,1,1,0,0,0,0,0
qwen,rel::2/weather_4.png,rel::2/weather_4.png::zh::th,zh,th,dependent,1,1,1,1,0,0,0,0,0
qwen,rel::2/weather_5.png,rel::2/weather_5.png::en::ru,en,ru,independent,0,1,0,1,1,1,0,0,0
qwen,rel::2/weather_5.png,rel::2/weather_5.png::en::th,en,th,independent,0,1,0,1,1,1,0,0,0
qwen,rel::2/weather_5.png,rel::2/weather_5.png::en::zh,en,zh,independent,1,1,1,1,0,0,0,0,0
qwen,rel::2/weather_5.png,rel::2/weather_5.png::ru::en,ru,en,independent,1,1,1,1,0,0,0,0,0
qwen,rel::2/weather_5.png,rel::2/weather_5.png::ru::th,ru,th,independent,1,0,0,1,-1,1,-1,1,2
qwen,rel::2/weather_5.png,rel::2/weather_5.png::ru::zh,ru,zh,independent,1,1,1,1,0,0,0,0,0
qwen,rel::2/weather_5.png,rel::2/weather_5.png::th::en,th,en,independent,1,1,0,1,0,1,-1,0,1
qwen,rel::2/weather_5.png,rel::2/weather_5.png::th::ru,th,ru,independent,1,1,0,1,0,1,-1,0,1
qwen,rel::2/weather_5.png,rel::2/weather_5.png::th::zh,th,zh,independent,1,1,1,1,0,0,0,0,0
qwen,rel::2/weather_5.png,rel::2/weather_5.png::zh::en,zh,en,independent,1,1,0,1,0,1,-1,0,1
qwen,rel::2/weather_5.png,rel::2/weather_5.png::zh::ru,zh,ru,independent,1,1,0,1,0,1,-1,0,1
qwen,rel::2/weather_5.png,rel::2/weather_5.png::zh::th,zh,th,independent,1,1,1,1,0,0,0,0,0
qwen,rel::2/weather_6.png,rel::2/weather_6.png::en::ru,en,ru,dependent,1,0,1,1,-1,0,0,1,1
qwen,rel::2/weather_6.png,rel::2/weather_6.png::en::th,en,th,dependent,1,0,0,0,-1,0,-1,0,1
qwen,rel::2/weather_6.png,rel::2/weather_6.png::en::zh,en,zh,dependent,1,1,1,1,0,0,0,0,0
qwen,rel::2/weather_6.png,rel::2/weather_6.png::ru::en,ru,en,dependent,1,1,0,0,0,0,-1,-1,0
qwen,rel::2/weather_6.png,rel::2/weather_6.png::ru::th,ru,th,dependent,1,1,0,0,0,0,-1,-1,0
qwen,rel::2/weather_6.png,rel::2/weather_6.png::ru::zh,ru,zh,dependent,1,1,1,1,0,0,0,0,0
qwen,rel::2/weather_6.png,rel::2/weather_6.png::th::en,th,en,dependent,0,0,0,0,0,0,0,0,0
qwen,rel::2/weather_6.png,rel::2/weather_6.png::th::ru,th,ru,dependent,0,0,1,1,0,0,1,1,0
qwen,rel::2/weather_6.png,rel::2/weather_6.png::th::zh,th,zh,dependent,0,0,1,1,0,0,1,1,0
qwen,rel::2/weather_6.png,rel::2/weather_6.png::zh::en,zh,en,dependent,1,1,1,0,0,-1,0,-1,-1
qwen,rel::2/weather_6.png,rel::2/weather_6.png::zh::ru,zh,ru,dependent,1,0,1,1,-1,0,0,1,1
qwen,rel::2/weather_6.png,rel::2/weather_6.png::zh::th,zh,th,dependent,1,1,0,0,0,0,-1,-1,0
qwen,rel::2/weather_7.png,rel::2/weather_7.png::en::ru,en,ru,dependent,1,1,1,1,0,0,0,0,0
qwen,rel::2/weather_7.png,rel::2/weather_7.png::en::th,en,th,dependent,1,1,1,1,0,0,0,0,0
qwen,rel::2/weather_7.png,rel::2/weather_7.png::en::zh,en,zh,dependent,1,1,1,1,0,0,0,0,0
qwen,rel::2/weather_7.png,rel::2/weather_7.png::ru::en,ru,en,dependent,0,1,1,1,1,0,1,0,-1
qwen,rel::2/weather_7.png,rel::2/weather_7.png::ru::th,ru,th,dependent,1,1,1,1,0,0,0,0,0
qwen,rel::2/weather_7.png,rel::2/weather_7.png::ru::zh,ru,zh,dependent,0,1,1,1,1,0,1,0,-1
qwen,rel::2/weather_7.png,rel::2/weather_7.png::th::en,th,en,dependent,1,1,1,1,0,0,0,0,0
qwen,rel::2/weather_7.png,rel::2/weather_7.png::th::ru,th,ru,dependent,1,1,1,1,0,0,0,0,0
qwen,rel::2/weather_7.png,rel::2/weather_7.png::th::zh,th,zh,dependent,1,1,1,1,0,0,0,0,0
qwen,rel::2/weather_7.png,rel::2/weather_7.png::zh::en,zh,en,dependent,1,1,1,1,0,0,0,0,0
qwen,rel::2/weather_7.png,rel::2/weather_7.png::zh::ru,zh,ru,dependent,1,1,1,1,0,0,0,0,0
qwen,rel::2/weather_7.png,rel::2/weather_7.png::zh::th,zh,th,dependent,1,1,1,1,0,0,0,0,0
qwen,rel::2/weather_8.png,rel::2/weather_8.png::en::ru,en,ru,dependent,1,1,1,1,0,0,0,0,0
qwen,rel::2/weather_8.png,rel::2/weather_8.png::en::th,en,th,dependent,1,1,1,1,0,0,0,0,0
qwen,rel::2/weather_8.png,rel::2/weather_8.png::en::zh,en,zh,dependent,1,1,1,1,0,0,0,0,0
qwen,rel::2/weather_8.png,rel::2/weather_8.png::ru::en,ru,en,dependent,1,1,0,1,0,1,-1,0,1
qwen,rel::2/weather_8.png,rel::2/weather_8.png::ru::th,ru,th,dependent,1,1,1,1,0,0,0,0,0
qwen,rel::2/weather_8.png,rel::2/weather_8.png::ru::zh,ru,zh,dependent,1,0,1,1,-1,0,0,1,1
qwen,rel::2/weather_8.png,rel::2/weather_8.png::th::en,th,en,dependent,1,1,1,1,0,0,0,0,0
qwen,rel::2/weather_8.png,rel::2/weather_8.png::th::ru,th,ru,dependent,1,1,1,1,0,0,0,0,0
qwen,rel::2/weather_8.png,rel::2/weather_8.png::th::zh,th,zh,dependent,1,1,1,1,0,0,0,0,0
qwen,rel::2/weather_8.png,rel::2/weather_8.png::zh::en,zh,en,dependent,1,1,0,1,0,1,-1,0,1
qwen,rel::2/weather_8.png,rel::2/weather_8.png::zh::ru,zh,ru,dependent,1,1,1,1,0,0,0,0,0
qwen,rel::2/weather_8.png,rel::2/weather_8.png::zh::th,zh,th,dependent,1,1,1,1,0,0,0,0,0
qwen,rel::2/weather_9.png,rel::2/weather_9.png::en::ru,en,ru,dependent,1,1,1,1,0,0,0,0,0
qwen,rel::2/weather_9.png,rel::2/weather_9.png::en::th,en,th,dependent,0,1,0,0,1,0,0,-1,-1
qwen,rel::2/weather_9.png,rel::2/weather_9.png::en::zh,en,zh,dependent,0,1,0,0,1,0,0,-1,-1
qwen,rel::2/weather_9.png,rel::2/weather_9.png::ru::en,ru,en,dependent,1,1,1,1,0,0,0,0,0
qwen,rel::2/weather_9.png,rel::2/weather_9.png::ru::th,ru,th,dependent,0,1,0,0,1,0,0,-1,-1
qwen,rel::2/weather_9.png,rel::2/weather_9.png::ru::zh,ru,zh,dependent,1,1,1,0,0,-1,0,-1,-1
qwen,rel::2/weather_9.png,rel::2/weather_9.png::th::en,th,en,dependent,1,1,1,1,0,0,0,0,0
qwen,rel::2/weather_9.png,rel::2/weather_9.png::th::ru,th,ru,dependent,0,1,1,1,1,0,1,0,-1
qwen,rel::2/weather_9.png,rel::2/weather_9.png::th::zh,th,zh,dependent,0,1,0,0,1,0,0,-1,-1
qwen,rel::2/weather_9.png,rel::2/weather_9.png::zh::en,zh,en,dependent,1,1,1,1,0,0,0,0,0
qwen,rel::2/weather_9.png,rel::2/weather_9.png::zh::ru,zh,ru,dependent,0,1,1,1,1,0,1,0,-1
qwen,rel::2/weather_9.png,rel::2/weather_9.png::zh::th,zh,th,dependent,0,1,0,0,1,0,0,-1,-1
qwen,rel::3/backend_1.jpg,rel::3/backend_1.jpg::en::ru,en,ru,dependent,1,1,1,1,0,0,0,0,0
qwen,rel::3/backend_1.jpg,rel::3/backend_1.jpg::en::th,en,th,dependent,1,1,1,1,0,0,0,0,0
qwen,rel::3/backend_1.jpg,rel::3/backend_1.jpg::en::zh,en,zh,dependent,1,1,1,1,0,0,0,0,0
qwen,rel::3/backend_1.jpg,rel::3/backend_1.jpg::ru::en,ru,en,dependent,1,1,1,1,0,0,0,0,0
qwen,rel::3/backend_1.jpg,rel::3/backend_1.jpg::ru::th,ru,th,dependent,1,1,1,1,0,0,0,0,0
qwen,rel::3/backend_1.jpg,rel::3/backend_1.jpg::ru::zh,ru,zh,dependent,1,1,1,1,0,0,0,0,0
qwen,rel::3/backend_1.jpg,rel::3/backend_1.jpg::th::en,th,en,dependent,1,1,1,1,0,0,0,0,0
qwen,rel::3/backend_1.jpg,rel::3/backend_1.jpg::th::ru,th,ru,dependent,1,1,1,1,0,0,0,0,0
qwen,rel::3/backend_1.jpg,rel::3/backend_1.jpg::th::zh,th,zh,dependent,1,1,1,1,0,0,0,0,0
qwen,rel::3/backend_1.jpg,rel::3/backend_1.jpg::zh::en,zh,en,dependent,1,1,1,1,0,0,0,0,0
qwen,rel::3/backend_1.jpg,rel::3/backend_1.jpg::zh::ru,zh,ru,dependent,1,1,0,1,0,1,-1,0,1
qwen,rel::3/backend_1.jpg,rel::3/backend_1.jpg::zh::th,zh,th,dependent,1,1,1,1,0,0,0,0,0
qwen,rel::3/backend_10.jpg,rel::3/backend_10.jpg::en::ru,en,ru,dependent,0,0,0,0,0,0,0,0,0
qwen,rel::3/backend_10.jpg,rel::3/backend_10.jpg::en::th,en,th,dependent,0,0,0,0,0,0,0,0,0
qwen,rel::3/backend_10.jpg,rel::3/backend_10.jpg::en::zh,en,zh,dependent,0,0,0,0,0,0,0,0,0
qwen,rel::3/backend_10.jpg,rel::3/backend_10.jpg::ru::en,ru,en,dependent,0,0,0,0,0,0,0,0,0
qwen,rel::3/backend_10.jpg,rel::3/backend_10.jpg::ru::th,ru,th,dependent,0,0,0,0,0,0,0,0,0
qwen,rel::3/backend_10.jpg,rel::3/backend_10.jpg::ru::zh,ru,zh,dependent,0,0,0,0,0,0,0,0,0
qwen,rel::3/backend_10.jpg,rel::3/backend_10.jpg::th::en,th,en,dependent,0,0,0,0,0,0,0,0,0
qwen,rel::3/backend_10.jpg,rel::3/backend_10.jpg::th::ru,th,ru,dependent,0,0,0,0,0,0,0,0,0
qwen,rel::3/backend_10.jpg,rel::3/backend_10.jpg::th::zh,th,zh,dependent,0,0,0,0,0,0,0,0,0
qwen,rel::3/backend_10.jpg,rel::3/backend_10.jpg::zh::en,zh,en,dependent,0,0,0,0,0,0,0,0,0
qwen,rel::3/backend_10.jpg,rel::3/backend_10.jpg::zh::ru,zh,ru,dependent,0,0,0,0,0,0,0,0,0
qwen,rel::3/backend_10.jpg,rel::3/backend_10.jpg::zh::th,zh,th,dependent,0,0,0,0,0,0,0,0,0
qwen,rel::3/backend_2.jpg,rel::3/backend_2.jpg::en::ru,en,ru,dependent,1,1,1,1,0,0,0,0,0
qwen,rel::3/backend_2.jpg,rel::3/backend_2.jpg::en::th,en,th,dependent,0,1,0,0,1,0,0,-1,-1
qwen,rel::3/backend_2.jpg,rel::3/backend_2.jpg::en::zh,en,zh,dependent,1,1,0,0,0,0,-1,-1,0
qwen,rel::3/backend_2.jpg,rel::3/backend_2.jpg::ru::en,ru,en,dependent,1,1,1,1,0,0,0,0,0
qwen,rel::3/backend_2.jpg,rel::3/backend_2.jpg::ru::th,ru,th,dependent,1,1,0,0,0,0,-1,-1,0
qwen,rel::3/backend_2.jpg,rel::3/backend_2.jpg::ru::zh,ru,zh,dependent,1,1,0,0,0,0,-1,-1,0
qwen,rel::3/backend_2.jpg,rel::3/backend_2.jpg::th::en,th,en,dependent,0,0,1,1,0,0,1,1,0
qwen,rel::3/backend_2.jpg,rel::3/backend_2.jpg::th::ru,th,ru,dependent,0,1,1,1,1,0,1,0,-1
qwen,rel::3/backend_2.jpg,rel::3/backend_2.jpg::th::zh,th,zh,dependent,0,0,0,0,0,0,0,0,0
qwen,rel::3/backend_2.jpg,rel::3/backend_2.jpg::zh::en,zh,en,dependent,0,0,1,1,0,0,1,1,0
qwen,rel::3/backend_2.jpg,rel::3/backend_2.jpg::zh::ru,zh,ru,dependent,1,1,1,1,0,0,0,0,0
qwen,rel::3/backend_2.jpg,rel::3/backend_2.jpg::zh::th,zh,th,dependent,0,0,0,0,0,0,0,0,0
qwen,rel::3/backend_3.jpg,rel::3/backend_3.jpg::en::zh,en,zh,independent,1,1,1,1,0,0,0,0,0
qwen,rel::3/backend_3.jpg,rel::3/backend_3.jpg::zh::en,zh,en,independent,1,1,1,1,0,0,0,0,0
qwen,rel::3/backend_4.jpg,rel::3/backend_4.jpg::en::ru,en,ru,independent,1,1,1,1,0,0,0,0,0
qwen,rel::3/backend_4.jpg,rel::3/backend_4.jpg::en::th,en,th,independent,1,1,1,1,0,0,0,0,0
qwen,rel::3/backend_4.jpg,rel::3/backend_4.jpg::en::zh,en,zh,independent,1,1,1,1,0,0,0,0,0
qwen,rel::3/backend_4.jpg,rel::3/backend_4.jpg::ru::en,ru,en,independent,1,1,1,1,0,0,0,0,0
qwen,rel::3/backend_4.jpg,rel::3/backend_4.jpg::ru::th,ru,th,independent,1,1,1,1,0,0,0,0,0
qwen,rel::3/backend_4.jpg,rel::3/backend_4.jpg::ru::zh,ru,zh,independent,1,1,1,1,0,0,0,0,0
qwen,rel::3/backend_4.jpg,rel::3/backend_4.jpg::th::en,th,en,independent,1,1,1,1,0,0,0,0,0
qwen,rel::3/backend_4.jpg,rel::3/backend_4.jpg::th::ru,th,ru,independent,1,1,1,1,0,0,0,0,0
qwen,rel::3/backend_4.jpg,rel::3/backend_4.jpg::th::zh,th,zh,independent,1,1,1,1,0,0,0,0,0
qwen,rel::3/backend_4.jpg,rel::3/backend_4.jpg::zh::en,zh,en,independent,1,1,1,1,0,0,0,0,0
qwen,rel::3/backend_4.jpg,rel::3/backend_4.jpg::zh::ru,zh,ru,independent,1,1,1,1,0,0,0,0,0
qwen,rel::3/backend_4.jpg,rel::3/backend_4.jpg::zh::th,zh,th,independent,1,1,1,1,0,0,0,0,0
qwen,rel::3/backend_5.jpg,rel::3/backend_5.jpg::en::ru,en,ru,independent,1,1,1,1,0,0,0,0,0
qwen,rel::3/backend_5.jpg,rel::3/backend_5.jpg::en::th,en,th,independent,1,1,1,1,0,0,0,0,0
qwen,rel::3/backend_5.jpg,rel::3/backend_5.jpg::en::zh,en,zh,independent,1,1,1,1,0,0,0,0,0
qwen,rel::3/backend_5.jpg,rel::3/backend_5.jpg::ru::en,ru,en,independent,1,1,1,1,0,0,0,0,0
qwen,rel::3/backend_5.jpg,rel::3/backend_5.jpg::ru::th,ru,th,independent,1,1,1,1,0,0,0,0,0
qwen,rel::3/backend_5.jpg,rel::3/backend_5.jpg::ru::zh,ru,zh,independent,1,1,1,1,0,0,0,0,0
qwen,rel::3/backend_5.jpg,rel::3/backend_5.jpg::th::en,th,en,independent,1,1,1,1,0,0,0,0,0
qwen,rel::3/backend_5.jpg,rel::3/backend_5.jpg::th::ru,th,ru,independent,1,1,1,1,0,0,0,0,0
qwen,rel::3/backend_5.jpg,rel::3/backend_5.jpg::th::zh,th,zh,independent,1,1,1,1,0,0,0,0,0
qwen,rel::3/backend_5.jpg,rel::3/backend_5.jpg::zh::en,zh,en,independent,1,1,1,1,0,0,0,0,0
qwen,rel::3/backend_5.jpg,rel::3/backend_5.jpg::zh::ru,zh,ru,independent,1,1,1,1,0,0,0,0,0
qwen,rel::3/backend_5.jpg,rel::3/backend_5.jpg::zh::th,zh,th,independent,1,1,1,1,0,0,0,0,0
qwen,rel::3/backend_6.jpg,rel::3/backend_6.jpg::en::ru,en,ru,independent,1,1,0,0,0,0,-1,-1,0
qwen,rel::3/backend_6.jpg,rel::3/backend_6.jpg::en::th,en,th,independent,0,1,0,0,1,0,0,-1,-1
qwen,rel::3/backend_6.jpg,rel::3/backend_6.jpg::en::zh,en,zh,independent,0,0,0,0,0,0,0,0,0
qwen,rel::3/backend_6.jpg,rel::3/backend_6.jpg::ru::en,ru,en,independent,0,0,1,1,0,0,1,1,0
qwen,rel::3/backend_6.jpg,rel::3/backend_6.jpg::ru::th,ru,th,independent,0,0,0,0,0,0,0,0,0
qwen,rel::3/backend_6.jpg,rel::3/backend_6.jpg::ru::zh,ru,zh,independent,0,0,0,0,0,0,0,0,0
qwen,rel::3/backend_6.jpg,rel::3/backend_6.jpg::th::en,th,en,independent,1,0,1,1,-1,0,0,1,1
qwen,rel::3/backend_6.jpg,rel::3/backend_6.jpg::th::ru,th,ru,independent,1,1,1,0,0,-1,0,-1,-1
qwen,rel::3/backend_6.jpg,rel::3/backend_6.jpg::th::zh,th,zh,independent,0,0,0,0,0,0,0,0,0
qwen,rel::3/backend_6.jpg,rel::3/backend_6.jpg::zh::en,zh,en,independent,1,0,1,0,-1,-1,0,0,0
qwen,rel::3/backend_6.jpg,rel::3/backend_6.jpg::zh::ru,zh,ru,independent,0,0,0,0,0,0,0,0,0
qwen,rel::3/backend_6.jpg,rel::3/backend_6.jpg::zh::th,zh,th,independent,0,0,0,0,0,0,0,0,0
qwen,rel::3/backend_7.jpg,rel::3/backend_7.jpg::en::ru,en,ru,dependent,1,0,0,0,-1,0,-1,0,1
qwen,rel::3/backend_7.jpg,rel::3/backend_7.jpg::en::th,en,th,dependent,1,0,0,0,-1,0,-1,0,1
qwen,rel::3/backend_7.jpg,rel::3/backend_7.jpg::en::zh,en,zh,dependent,0,0,0,0,0,0,0,0,0
qwen,rel::3/backend_7.jpg,rel::3/backend_7.jpg::ru::en,ru,en,dependent,1,0,1,0,-1,-1,0,0,0
qwen,rel::3/backend_7.jpg,rel::3/backend_7.jpg::ru::th,ru,th,dependent,1,0,0,0,-1,0,-1,0,1
qwen,rel::3/backend_7.jpg,rel::3/backend_7.jpg::ru::zh,ru,zh,dependent,1,0,0,0,-1,0,-1,0,1
qwen,rel::3/backend_7.jpg,rel::3/backend_7.jpg::th::en,th,en,dependent,0,0,0,0,0,0,0,0,0
qwen,rel::3/backend_7.jpg,rel::3/backend_7.jpg::th::ru,th,ru,dependent,1,0,1,0,-1,-1,0,0,0
qwen,rel::3/backend_7.jpg,rel::3/backend_7.jpg::th::zh,th,zh,dependent,1,0,0,0,-1,0,-1,0,1
qwen,rel::3/backend_7.jpg,rel::3/backend_7.jpg::zh::en,zh,en,dependent,0,0,0,0,0,0,0,0,0
qwen,rel::3/backend_7.jpg,rel::3/backend_7.jpg::zh::ru,zh,ru,dependent,0,0,0,0,0,0,0,0,0
qwen,rel::3/backend_7.jpg,rel::3/backend_7.jpg::zh::th,zh,th,dependent,0,0,0,0,0,0,0,0,0
qwen,rel::3/backend_8.jpg,rel::3/backend_8.jpg::en::ru,en,ru,dependent,1,1,1,1,0,0,0,0,0
qwen,rel::3/backend_8.jpg,rel::3/backend_8.jpg::en::th,en,th,dependent,0,1,0,1,1,1,0,0,0
qwen,rel::3/backend_8.jpg,rel::3/backend_8.jpg::en::zh,en,zh,dependent,1,1,1,1,0,0,0,0,0
qwen,rel::3/backend_8.jpg,rel::3/backend_8.jpg::ru::en,ru,en,dependent,1,1,1,1,0,0,0,0,0
qwen,rel::3/backend_8.jpg,rel::3/backend_8.jpg::ru::th,ru,th,dependent,0,1,0,1,1,1,0,0,0
qwen,rel::3/backend_8.jpg,rel::3/backend_8.jpg::ru::zh,ru,zh,dependent,1,1,1,1,0,0,0,0,0
qwen,rel::3/backend_8.jpg,rel::3/backend_8.jpg::th::en,th,en,dependent,1,1,1,1,0,0,0,0,0
qwen,rel::3/backend_8.jpg,rel::3/backend_8.jpg::th::ru,th,ru,dependent,1,1,1,1,0,0,0,0,0
qwen,rel::3/backend_8.jpg,rel::3/backend_8.jpg::th::zh,th,zh,dependent,1,1,1,1,0,0,0,0,0
qwen,rel::3/backend_8.jpg,rel::3/backend_8.jpg::zh::en,zh,en,dependent,1,1,1,1,0,0,0,0,0
qwen,rel::3/backend_8.jpg,rel::3/backend_8.jpg::zh::ru,zh,ru,dependent,1,1,1,1,0,0,0,0,0
qwen,rel::3/backend_8.jpg,rel::3/backend_8.jpg::zh::th,zh,th,dependent,1,1,1,1,0,0,0,0,0
qwen,rel::3/backend_9.jpg,rel::3/backend_9.jpg::en::ru,en,ru,dependent,1,1,1,1,0,0,0,0,0
qwen,rel::3/backend_9.jpg,rel::3/backend_9.jpg::en::th,en,th,dependent,1,1,1,1,0,0,0,0,0
qwen,rel::3/backend_9.jpg,rel::3/backend_9.jpg::en::zh,en,zh,dependent,1,1,1,1,0,0,0,0,0
qwen,rel::3/backend_9.jpg,rel::3/backend_9.jpg::ru::en,ru,en,dependent,1,1,1,1,0,0,0,0,0
qwen,rel::3/backend_9.jpg,rel::3/backend_9.jpg::ru::th,ru,th,dependent,1,1,1,1,0,0,0,0,0
qwen,rel::3/backend_9.jpg,rel::3/backend_9.jpg::ru::zh,ru,zh,dependent,1,1,1,1,0,0,0,0,0
qwen,rel::3/backend_9.jpg,rel::3/backend_9.jpg::th::en,th,en,dependent,1,1,1,1,0,0,0,0,0
qwen,rel::3/backend_9.jpg,rel::3/backend_9.jpg::th::ru,th,ru,dependent,1,1,1,1,0,0,0,0,0
qwen,rel::3/backend_9.jpg,rel::3/backend_9.jpg::th::zh,th,zh,dependent,1,1,1,1,0,0,0,0,0
qwen,rel::3/backend_9.jpg,rel::3/backend_9.jpg::zh::en,zh,en,dependent,1,1,1,1,0,0,0,0,0
qwen,rel::3/backend_9.jpg,rel::3/backend_9.jpg::zh::ru,zh,ru,dependent,1,1,1,1,0,0,0,0,0
qwen,rel::3/backend_9.jpg,rel::3/backend_9.jpg::zh::th,zh,th,dependent,1,1,1,1,0,0,0,0,0
qwen,rel::3/calendar_1.jpg,rel::3/calendar_1.jpg::en::ru,en,ru,dependent,0,1,0,1,1,1,0,0,0
qwen,rel::3/calendar_1.jpg,rel::3/calendar_1.jpg::en::th,en,th,dependent,1,0,0,0,-1,0,-1,0,1
qwen,rel::3/calendar_1.jpg,rel::3/calendar_1.jpg::en::zh,en,zh,dependent,0,1,0,1,1,1,0,0,0
qwen,rel::3/calendar_1.jpg,rel::3/calendar_1.jpg::ru::en,ru,en,dependent,1,1,0,1,0,1,-1,0,1
qwen,rel::3/calendar_1.jpg,rel::3/calendar_1.jpg::ru::th,ru,th,dependent,1,0,0,0,-1,0,-1,0,1
qwen,rel::3/calendar_1.jpg,rel::3/calendar_1.jpg::ru::zh,ru,zh,dependent,1,1,0,1,0,1,-1,0,1
qwen,rel::3/calendar_1.jpg,rel::3/calendar_1.jpg::th::en,th,en,dependent,0,0,0,1,0,1,0,1,1
qwen,rel::3/calendar_1.jpg,rel::3/calendar_1.jpg::th::ru,th,ru,dependent,0,0,0,1,0,1,0,1,1
qwen,rel::3/calendar_1.jpg,rel::3/calendar_1.jpg::th::zh,th,zh,dependent,0,0,0,1,0,1,0,1,1
qwen,rel::3/calendar_1.jpg,rel::3/calendar_1.jpg::zh::en,zh,en,dependent,0,1,0,1,1,1,0,0,0
qwen,rel::3/calendar_1.jpg,rel::3/calendar_1.jpg::zh::ru,zh,ru,dependent,1,0,1,1,-1,0,0,1,1
qwen,rel::3/calendar_1.jpg,rel::3/calendar_1.jpg::zh::th,zh,th,dependent,0,0,0,0,0,0,0,0,0
qwen,rel::3/calendar_2.jpg,rel::3/calendar_2.jpg::en::ru,en,ru,dependent,1,1,1,1,0,0,0,0,0
qwen,rel::3/calendar_2.jpg,rel::3/calendar_2.jpg::en::th,en,th,dependent,1,1,1,1,0,0,0,0,0
qwen,rel::3/calendar_2.jpg,rel::3/calendar_2.jpg::en::zh,en,zh,dependent,1,1,1,1,0,0,0,0,0
qwen,rel::3/calendar_2.jpg,rel::3/calendar_2.jpg::ru::en,ru,en,dependent,1,1,1,1,0,0,0,0,0
qwen,rel::3/calendar_2.jpg,rel::3/calendar_2.jpg::ru::th,ru,th,dependent,1,1,1,1,0,0,0,0,0
qwen,rel::3/calendar_2.jpg,rel::3/calendar_2.jpg::ru::zh,ru,zh,dependent,1,1,1,1,0,0,0,0,0
qwen,rel::3/calendar_2.jpg,rel::3/calendar_2.jpg::th::en,th,en,dependent,1,1,1,1,0,0,0,0,0
qwen,rel::3/calendar_2.jpg,rel::3/calendar_2.jpg::th::ru,th,ru,dependent,1,1,1,1,0,0,0,0,0
qwen,rel::3/calendar_2.jpg,rel::3/calendar_2.jpg::th::zh,th,zh,dependent,1,1,1,1,0,0,0,0,0
qwen,rel::3/calendar_2.jpg,rel::3/calendar_2.jpg::zh::en,zh,en,dependent,1,1,1,1,0,0,0,0,0
qwen,rel::3/calendar_2.jpg,rel::3/calendar_2.jpg::zh::ru,zh,ru,dependent,1,1,1,1,0,0,0,0,0
qwen,rel::3/calendar_2.jpg,rel::3/calendar_2.jpg::zh::th,zh,th,dependent,1,1,1,1,0,0,0,0,0
qwen,rel::3/calendar_3.jpg,rel::3/calendar_3.jpg::en::ru,en,ru,independent,1,1,1,1,0,0,0,0,0
qwen,rel::3/calendar_3.jpg,rel::3/calendar_3.jpg::en::th,en,th,independent,1,1,0,0,0,0,-1,-1,0
qwen,rel::3/calendar_3.jpg,rel::3/calendar_3.jpg::en::zh,en,zh,independent,1,1,1,1,0,0,0,0,0
qwen,rel::3/calendar_3.jpg,rel::3/calendar_3.jpg::ru::en,ru,en,independent,1,1,1,1,0,0,0,0,0
qwen,rel::3/calendar_3.jpg,rel::3/calendar_3.jpg::ru::th,ru,th,independent,1,1,0,0,0,0,-1,-1,0
qwen,rel::3/calendar_3.jpg,rel::3/calendar_3.jpg::ru::zh,ru,zh,independent,1,1,1,1,0,0,0,0,0
qwen,rel::3/calendar_3.jpg,rel::3/calendar_3.jpg::th::en,th,en,independent,0,0,1,1,0,0,1,1,0
qwen,rel::3/calendar_3.jpg,rel::3/calendar_3.jpg::th::ru,th,ru,independent,0,0,1,1,0,0,1,1,0
qwen,rel::3/calendar_3.jpg,rel::3/calendar_3.jpg::th::zh,th,zh,independent,0,0,1,1,0,0,1,1,0
qwen,rel::3/calendar_3.jpg,rel::3/calendar_3.jpg::zh::en,zh,en,independent,1,1,1,1,0,0,0,0,0
qwen,rel::3/calendar_3.jpg,rel::3/calendar_3.jpg::zh::ru,zh,ru,independent,1,1,1,1,0,0,0,0,0
qwen,rel::3/calendar_3.jpg,rel::3/calendar_3.jpg::zh::th,zh,th,independent,1,1,0,0,0,0,-1,-1,0
qwen,rel::3/calendar_4.jpg,rel::3/calendar_4.jpg::en::ru,en,ru,dependent,1,1,1,1,0,0,0,0,0
qwen,rel::3/calendar_4.jpg,rel::3/calendar_4.jpg::en::th,en,th,dependent,1,1,1,1,0,0,0,0,0
qwen,rel::3/calendar_4.jpg,rel::3/calendar_4.jpg::en::zh,en,zh,dependent,1,1,1,1,0,0,0,0,0
qwen,rel::3/calendar_4.jpg,rel::3/calendar_4.jpg::ru::en,ru,en,dependent,1,1,1,1,0,0,0,0,0
qwen,rel::3/calendar_4.jpg,rel::3/calendar_4.jpg::ru::th,ru,th,dependent,1,1,1,1,0,0,0,0,0
qwen,rel::3/calendar_4.jpg,rel::3/calendar_4.jpg::ru::zh,ru,zh,dependent,1,1,1,1,0,0,0,0,0
qwen,rel::3/calendar_4.jpg,rel::3/calendar_4.jpg::th::en,th,en,dependent,1,1,1,1,0,0,0,0,0
qwen,rel::3/calendar_4.jpg,rel::3/calendar_4.jpg::th::ru,th,ru,dependent,1,1,1,1,0,0,0,0,0
qwen,rel::3/calendar_4.jpg,rel::3/calendar_4.jpg::th::zh,th,zh,dependent,1,1,1,1,0,0,0,0,0
qwen,rel::3/calendar_4.jpg,rel::3/calendar_4.jpg::zh::en,zh,en,dependent,1,1,1,1,0,0,0,0,0
qwen,rel::3/calendar_4.jpg,rel::3/calendar_4.jpg::zh::ru,zh,ru,dependent,1,1,1,1,0,0,0,0,0
qwen,rel::3/calendar_4.jpg,rel::3/calendar_4.jpg::zh::th,zh,th,dependent,1,1,1,1,0,0,0,0,0
qwen,rel::3/calendar_5.jpg,rel::3/calendar_5.jpg::en::ru,en,ru,dependent,1,0,0,0,-1,0,-1,0,1
qwen,rel::3/calendar_5.jpg,rel::3/calendar_5.jpg::en::th,en,th,dependent,1,0,0,0,-1,0,-1,0,1
qwen,rel::3/calendar_5.jpg,rel::3/calendar_5.jpg::en::zh,en,zh,dependent,1,1,1,1,0,0,0,0,0
qwen,rel::3/calendar_5.jpg,rel::3/calendar_5.jpg::ru::en,ru,en,dependent,0,0,1,0,0,-1,1,0,-1
qwen,rel::3/calendar_5.jpg,rel::3/calendar_5.jpg::ru::th,ru,th,dependent,0,0,0,0,0,0,0,0,0
qwen,rel::3/calendar_5.jpg,rel::3/calendar_5.jpg::ru::zh,ru,zh,dependent,0,0,1,1,0,0,1,1,0
qwen,rel::3/calendar_5.jpg,rel::3/calendar_5.jpg::th::en,th,en,dependent,0,0,1,0,0,-1,1,0,-1
qwen,rel::3/calendar_5.jpg,rel::3/calendar_5.jpg::th::ru,th,ru,dependent,0,0,1,0,0,-1,1,0,-1
qwen,rel::3/calendar_5.jpg,rel::3/calendar_5.jpg::th::zh,th,zh,dependent,0,0,1,1,0,0,1,1,0
qwen,rel::3/calendar_5.jpg,rel::3/calendar_5.jpg::zh::en,zh,en,dependent,0,0,1,0,0,-1,1,0,-1
qwen,rel::3/calendar_5.jpg,rel::3/calendar_5.jpg::zh::ru,zh,ru,dependent,0,0,0,0,0,0,0,0,0
qwen,rel::3/calendar_5.jpg,rel::3/calendar_5.jpg::zh::th,zh,th,dependent,1,0,0,0,-1,0,-1,0,1
qwen,rel::3/clock_1.jpg,rel::3/clock_1.jpg::en::ru,en,ru,independent,1,1,1,1,0,0,0,0,0
qwen,rel::3/clock_1.jpg,rel::3/clock_1.jpg::en::th,en,th,independent,1,1,0,0,0,0,-1,-1,0
qwen,rel::3/clock_1.jpg,rel::3/clock_1.jpg::en::zh,en,zh,independent,1,1,1,1,0,0,0,0,0
qwen,rel::3/clock_1.jpg,rel::3/clock_1.jpg::ru::en,ru,en,independent,1,1,1,1,0,0,0,0,0
qwen,rel::3/clock_1.jpg,rel::3/clock_1.jpg::ru::th,ru,th,independent,1,1,0,0,0,0,-1,-1,0
qwen,rel::3/clock_1.jpg,rel::3/clock_1.jpg::ru::zh,ru,zh,independent,1,1,1,1,0,0,0,0,0
qwen,rel::3/clock_1.jpg,rel::3/clock_1.jpg::th::en,th,en,independent,0,0,1,1,0,0,1,1,0
qwen,rel::3/clock_1.jpg,rel::3/clock_1.jpg::th::ru,th,ru,independent,0,0,1,1,0,0,1,1,0
qwen,rel::3/clock_1.jpg,rel::3/clock_1.jpg::th::zh,th,zh,independent,0,0,1,1,0,0,1,1,0
qwen,rel::3/clock_1.jpg,rel::3/clock_1.jpg::zh::en,zh,en,independent,1,1,1,1,0,0,0,0,0
qwen,rel::3/clock_1.jpg,rel::3/clock_1.jpg::zh::ru,zh,ru,independent,1,1,1,1,0,0,0,0,0
qwen,rel::3/clock_1.jpg,rel::3/clock_1.jpg::zh::th,zh,th,independent,1,1,0,0,0,0,-1,-1,0
qwen,rel::3/clock_10.jpg,rel::3/clock_10.jpg::en::ru,en,ru,dependent,1,1,1,1,0,0,0,0,0
qwen,rel::3/clock_10.jpg,rel::3/clock_10.jpg::en::th,en,th,dependent,0,1,0,0,1,0,0,-1,-1
qwen,rel::3/clock_10.jpg,rel::3/clock_10.jpg::en::zh,en,zh,dependent,1,1,1,1,0,0,0,0,0
qwen,rel::3/clock_10.jpg,rel::3/clock_10.jpg::ru::en,ru,en,dependent,1,1,1,1,0,0,0,0,0
qwen,rel::3/clock_10.jpg,rel::3/clock_10.jpg::ru::th,ru,th,dependent,0,1,0,0,1,0,0,-1,-1
qwen,rel::3/clock_10.jpg,rel::3/clock_10.jpg::ru::zh,ru,zh,dependent,1,1,0,1,0,1,-1,0,1
qwen,rel::3/clock_10.jpg,rel::3/clock_10.jpg::th::en,th,en,dependent,1,1,1,1,0,0,0,0,0
qwen,rel::3/clock_10.jpg,rel::3/clock_10.jpg::th::ru,th,ru,dependent,1,0,1,1,-1,0,0,1,1
qwen,rel::3/clock_10.jpg,rel::3/clock_10.jpg::th::zh,th,zh,dependent,1,1,0,1,0,1,-1,0,1
qwen,rel::3/clock_10.jpg,rel::3/clock_10.jpg::zh::en,zh,en,dependent,1,1,1,1,0,0,0,0,0
qwen,rel::3/clock_10.jpg,rel::3/clock_10.jpg::zh::ru,zh,ru,dependent,1,1,1,1,0,0,0,0,0
qwen,rel::3/clock_10.jpg,rel::3/clock_10.jpg::zh::th,zh,th,dependent,0,1,0,0,1,0,0,-1,-1
qwen,rel::3/clock_2.jpg,rel::3/clock_2.jpg::en::ru,en,ru,dependent,1,1,0,1,0,1,-1,0,1
qwen,rel::3/clock_2.jpg,rel::3/clock_2.jpg::en::th,en,th,dependent,1,1,1,1,0,0,0,0,0
qwen,rel::3/clock_2.jpg,rel::3/clock_2.jpg::en::zh,en,zh,dependent,1,1,1,1,0,0,0,0,0
qwen,rel::3/clock_2.jpg,rel::3/clock_2.jpg::ru::en,ru,en,dependent,1,1,1,1,0,0,0,0,0
qwen,rel::3/clock_2.jpg,rel::3/clock_2.jpg::ru::th,ru,th,dependent,0,1,0,1,1,1,0,0,0
qwen,rel::3/clock_2.jpg,rel::3/clock_2.jpg::ru::zh,ru,zh,dependent,0,1,0,1,1,1,0,0,0
qwen,rel::3/clock_2.jpg,rel::3/clock_2.jpg::th::en,th,en,dependent,1,1,1,1,0,0,0,0,0
qwen,rel::3/clock_2.jpg,rel::3/clock_2.jpg::th::ru,th,ru,dependent,0,1,0,1,1,1,0,0,0
qwen,rel::3/clock_2.jpg,rel::3/clock_2.jpg::th::zh,th,zh,dependent,1,1,1,1,0,0,0,0,0
qwen,rel::3/clock_2.jpg,rel::3/clock_2.jpg::zh::en,zh,en,dependent,1,1,0,1,0,1,-1,0,1
qwen,rel::3/clock_2.jpg,rel::3/clock_2.jpg::zh::ru,zh,ru,dependent,0,1,0,1,1,1,0,0,0
qwen,rel::3/clock_2.jpg,rel::3/clock_2.jpg::zh::th,zh,th,dependent,0,1,0,1,1,1,0,0,0
qwen,rel::3/clock_3.jpg,rel::3/clock_3.jpg::en::ru,en,ru,dependent,1,1,1,1,0,0,0,0,0
qwen,rel::3/clock_3.jpg,rel::3/clock_3.jpg::en::th,en,th,dependent,1,1,0,1,0,1,-1,0,1
qwen,rel::3/clock_3.jpg,rel::3/clock_3.jpg::en::zh,en,zh,dependent,1,1,1,1,0,0,0,0,0
qwen,rel::3/clock_3.jpg,rel::3/clock_3.jpg::ru::en,ru,en,dependent,1,1,1,1,0,0,0,0,0
qwen,rel::3/clock_3.jpg,rel::3/clock_3.jpg::ru::th,ru,th,dependent,0,1,0,1,1,1,0,0,0
qwen,rel::3/clock_3.jpg,rel::3/clock_3.jpg::ru::zh,ru,zh,dependent,1,1,1,1,0,0,0,0,0
qwen,rel::3/clock_3.jpg,rel::3/clock_3.jpg::th::en,th,en,dependent,1,1,1,1,0,0,0,0,0
qwen,rel::3/clock_3.jpg,rel::3/clock_3.jpg::th::ru,th,ru,dependent,1,1,1,1,0,0,0,0,0
qwen,rel::3/clock_3.jpg,rel::3/clock_3.jpg::th::zh,th,zh,dependent,1,1,1,1,0,0,0,0,0
qwen,rel::3/clock_3.jpg,rel::3/clock_3.jpg::zh::en,zh,en,dependent,1,1,1,1,0,0,0,0,0
qwen,rel::3/clock_3.jpg,rel::3/clock_3.jpg::zh::ru,zh,ru,dependent,1,1,1,1,0,0,0,0,0
qwen,rel::3/clock_3.jpg,rel::3/clock_3.jpg::zh::th,zh,th,dependent,0,1,0,1,1,1,0,0,0
qwen,rel::3/clock_4.jpg,rel::3/clock_4.jpg::en::ru,en,ru,dependent,1,1,1,1,0,0,0,0,0
qwen,rel::3/clock_4.jpg,rel::3/clock_4.jpg::en::th,en,th,dependent,1,1,1,1,0,0,0,0,0
qwen,rel::3/clock_4.jpg,rel::3/clock_4.jpg::en::zh,en,zh,dependent,1,1,1,1,0,0,0,0,0
qwen,rel::3/clock_4.jpg,rel::3/clock_4.jpg::ru::en,ru,en,dependent,1,1,1,1,0,0,0,0,0
qwen,rel::3/clock_4.jpg,rel::3/clock_4.jpg::ru::th,ru,th,dependent,1,1,1,1,0,0,0,0,0
qwen,rel::3/clock_4.jpg,rel::3/clock_4.jpg::ru::zh,ru,zh,dependent,0,1,0,1,1,1,0,0,0
qwen,rel::3/clock_4.jpg,rel::3/clock_4.jpg::th::en,th,en,dependent,0,1,1,1,1,0,1,0,-1
qwen,rel::3/clock_4.jpg,rel::3/clock_4.jpg::th::ru,th,ru,dependent,1,1,1,1,0,0,0,0,0
qwen,rel::3/clock_4.jpg,rel::3/clock_4.jpg::th::zh,th,zh,dependent,0,1,1,1,1,0,1,0,-1
qwen,rel::3/clock_4.jpg,rel::3/clock_4.jpg::zh::en,zh,en,dependent,0,1,0,1,1,1,0,0,0
qwen,rel::3/clock_4.jpg,rel::3/clock_4.jpg::zh::ru,zh,ru,dependent,0,1,0,1,1,1,0,0,0
qwen,rel::3/clock_4.jpg,rel::3/clock_4.jpg::zh::th,zh,th,dependent,0,1,1,1,1,0,1,0,-1
qwen,rel::3/clock_5.jpg,rel::3/clock_5.jpg::en::ru,en,ru,dependent,1,1,1,0,0,-1,0,-1,-1
qwen,rel::3/clock_5.jpg,rel::3/clock_5.jpg::en::th,en,th,dependent,0,1,0,0,1,0,0,-1,-1
qwen,rel::3/clock_5.jpg,rel::3/clock_5.jpg::en::zh,en,zh,dependent,1,1,0,0,0,0,-1,-1,0
qwen,rel::3/clock_5.jpg,rel::3/clock_5.jpg::ru::en,ru,en,dependent,1,0,1,1,-1,0,0,1,1
qwen,rel::3/clock_5.jpg,rel::3/clock_5.jpg::ru::th,ru,th,dependent,0,0,0,0,0,0,0,0,0
qwen,rel::3/clock_5.jpg,rel::3/clock_5.jpg::ru::zh,ru,zh,dependent,1,0,0,0,-1,0,-1,0,1
qwen,rel::3/clock_5.jpg,rel::3/clock_5.jpg::th::en,th,en,dependent,0,0,1,1,0,0,1,1,0
qwen,rel::3/clock_5.jpg,rel::3/clock_5.jpg::th::ru,th,ru,dependent,1,0,1,0,-1,-1,0,0,0
qwen,rel::3/clock_5.jpg,rel::3/clock_5.jpg::th::zh,th,zh,dependent,1,0,0,0,-1,0,-1,0,1
qwen,rel::3/clock_5.jpg,rel::3/clock_5.jpg::zh::en,zh,en,dependent,0,0,0,1,0,1,0,1,1
qwen,rel::3/clock_5.jpg,rel::3/clock_5.jpg::zh::ru,zh,ru,dependent,0,1,0,0,1,0,0,-1,-1
qwen,rel::3/clock_5.jpg,rel::3/clock_5.jpg::zh::th,zh,th,dependent,1,0,0,0,-1,0,-1,0,1
qwen,rel::3/clock_6.jpg,rel::3/clock_6.jpg::en::ru,en,ru,dependent,1,1,1,1,0,0,0,0,0
qwen,rel::3/clock_6.jpg,rel::3/clock_6.jpg::en::th,en,th,dependent,1,1,1,1,0,0,0,0,0
qwen,rel::3/clock_6.jpg,rel::3/clock_6.jpg::en::zh,en,zh,dependent,1,1,1,1,0,0,0,0,0
qwen,rel::3/clock_6.jpg,rel::3/clock_6.jpg::ru::en,ru,en,dependent,1,1,1,1,0,0,0,0,0
qwen,rel::3/clock_6.jpg,rel::3/clock_6.jpg::ru::th,ru,th,dependent,1,1,1,1,0,0,0,0,0
qwen,rel::3/clock_6.jpg,rel::3/clock_6.jpg::ru::zh,ru,zh,dependent,1,1,1,1,0,0,0,0,0
qwen,rel::3/clock_6.jpg,rel::3/clock_6.jpg::th::en,th,en,dependent,1,1,1,1,0,0,0,0,0
qwen,rel::3/clock_6.jpg,rel::3/clock_6.jpg::th::ru,th,ru,dependent,1,1,0,1,0,1,-1,0,1
qwen,rel::3/clock_6.jpg,rel::3/clock_6.jpg::th::zh,th,zh,dependent,1,1,1,1,0,0,0,0,0
qwen,rel::3/clock_6.jpg,rel::3/clock_6.jpg::zh::en,zh,en,dependent,1,1,1,1,0,0,0,0,0
qwen,rel::3/clock_6.jpg,rel::3/clock_6.jpg::zh::ru,zh,ru,dependent,1,1,0,1,0,1,-1,0,1
qwen,rel::3/clock_6.jpg,rel::3/clock_6.jpg::zh::th,zh,th,dependent,1,1,1,1,0,0,0,0,0
qwen,rel::3/clock_7.jpg,rel::3/clock_7.jpg::en::ru,en,ru,dependent,1,1,0,1,0,1,-1,0,1
qwen,rel::3/clock_7.jpg,rel::3/clock_7.jpg::en::th,en,th,dependent,1,1,1,1,0,0,0,0,0
qwen,rel::3/clock_7.jpg,rel::3/clock_7.jpg::en::zh,en,zh,dependent,1,1,0,0,0,0,-1,-1,0
qwen,rel::3/clock_7.jpg,rel::3/clock_7.jpg::ru::en,ru,en,dependent,1,1,1,1,0,0,0,0,0
qwen,rel::3/clock_7.jpg,rel::3/clock_7.jpg::ru::th,ru,th,dependent,1,1,1,1,0,0,0,0,0
qwen,rel::3/clock_7.jpg,rel::3/clock_7.jpg::ru::zh,ru,zh,dependent,1,1,0,0,0,0,-1,-1,0
qwen,rel::3/clock_7.jpg,rel::3/clock_7.jpg::th::en,th,en,dependent,1,1,1,1,0,0,0,0,0
qwen,rel::3/clock_7.jpg,rel::3/clock_7.jpg::th::ru,th,ru,dependent,0,1,1,1,1,0,1,0,-1
qwen,rel::3/clock_7.jpg,rel::3/clock_7.jpg::th::zh,th,zh,dependent,0,1,0,0,1,0,0,-1,-1
qwen,rel::3/clock_7.jpg,rel::3/clock_7.jpg::zh::en,zh,en,dependent,0,1,1,1,1,0,1,0,-1
qwen,rel::3/clock_7.jpg,rel::3/clock_7.jpg::zh::ru,zh,ru,dependent,0,1,0,1,1,1,0,0,0
qwen,rel::3/clock_7.jpg,rel::3/clock_7.jpg::zh::th,zh,th,dependent,1,1,1,1,0,0,0,0,0
qwen,rel::3/clock_8.jpg,rel::3/clock_8.jpg::en::ru,en,ru,independent,0,0,0,0,0,0,0,0,0
qwen,rel::3/clock_8.jpg,rel::3/clock_8.jpg::en::th,en,th,independent,0,0,0,0,0,0,0,0,0
qwen,rel::3/clock_8.jpg,rel::3/clock_8.jpg::en::zh,en,zh,independent,0,0,0,0,0,0,0,0,0
qwen,rel::3/clock_8.jpg,rel::3/clock_8.jpg::ru::en,ru,en,independent,0,0,0,0,0,0,0,0,0
qwen,rel::3/clock_8.jpg,rel::3/clock_8.jpg::ru::th,ru,th,independent,0,0,0,0,0,0,0,0,0
qwen,rel::3/clock_8.jpg,rel::3/clock_8.jpg::ru::zh,ru,zh,independent,0,0,0,0,0,0,0,0,0
qwen,rel::3/clock_8.jpg,rel::3/clock_8.jpg::th::en,th,en,independent,0,0,0,0,0,0,0,0,0
qwen,rel::3/clock_8.jpg,rel::3/clock_8.jpg::th::ru,th,ru,independent,0,0,0,0,0,0,0,0,0
qwen,rel::3/clock_8.jpg,rel::3/clock_8.jpg::th::zh,th,zh,independent,0,0,0,0,0,0,0,0,0
qwen,rel::3/clock_8.jpg,rel::3/clock_8.jpg::zh::en,zh,en,independent,0,0,0,0,0,0,0,0,0
qwen,rel::3/clock_8.jpg,rel::3/clock_8.jpg::zh::ru,zh,ru,independent,0,0,0,0,0,0,0,0,0
qwen,rel::3/clock_8.jpg,rel::3/clock_8.jpg::zh::th,zh,th,independent,0,0,0,0,0,0,0,0,0
qwen,rel::3/clock_9.jpg,rel::3/clock_9.jpg::en::ru,en,ru,dependent,0,1,0,1,1,1,0,0,0
qwen,rel::3/clock_9.jpg,rel::3/clock_9.jpg::en::th,en,th,dependent,0,0,0,0,0,0,0,0,0
qwen,rel::3/clock_9.jpg,rel::3/clock_9.jpg::en::zh,en,zh,dependent,0,1,0,1,1,1,0,0,0
qwen,rel::3/clock_9.jpg,rel::3/clock_9.jpg::ru::en,ru,en,dependent,0,0,0,0,0,0,0,0,0
qwen,rel::3/clock_9.jpg,rel::3/clock_9.jpg::ru::th,ru,th,dependent,0,0,0,0,0,0,0,0,0
qwen,rel::3/clock_9.jpg,rel::3/clock_9.jpg::ru::zh,ru,zh,dependent,0,1,0,1,1,1,0,0,0
qwen,rel::3/clock_9.jpg,rel::3/clock_9.jpg::th::en,th,en,dependent,0,0,0,0,0,0,0,0,0
qwen,rel::3/clock_9.jpg,rel::3/clock_9.jpg::th::ru,th,ru,dependent,0,0,0,1,0,1,0,1,1
qwen,rel::3/clock_9.jpg,rel::3/clock_9.jpg::th::zh,th,zh,dependent,0,1,0,1,1,1,0,0,0
qwen,rel::3/clock_9.jpg,rel::3/clock_9.jpg::zh::en,zh,en,dependent,0,1,0,0,1,0,0,-1,-1
qwen,rel::3/clock_9.jpg,rel::3/clock_9.jpg::zh::ru,zh,ru,dependent,0,0,0,1,0,1,0,1,1
qwen,rel::3/clock_9.jpg,rel::3/clock_9.jpg::zh::th,zh,th,dependent,0,1,0,0,1,0,0,-1,-1
qwen,rel::3/homescreen_1.jpg,rel::3/homescreen_1.jpg::en::ru,en,ru,independent,0,0,0,0,0,0,0,0,0
qwen,rel::3/homescreen_1.jpg,rel::3/homescreen_1.jpg::en::th,en,th,independent,0,0,0,0,0,0,0,0,0
qwen,rel::3/homescreen_1.jpg,rel::3/homescreen_1.jpg::en::zh,en,zh,independent,0,0,0,0,0,0,0,0,0
qwen,rel::3/homescreen_1.jpg,rel::3/homescreen_1.jpg::ru::en,ru,en,independent,0,0,0,0,0,0,0,0,0
qwen,rel::3/homescreen_1.jpg,rel::3/homescreen_1.jpg::ru::th,ru,th,independent,0,0,0,0,0,0,0,0,0
qwen,rel::3/homescreen_1.jpg,rel::3/homescreen_1.jpg::ru::zh,ru,zh,independent,0,0,0,0,0,0,0,0,0
qwen,rel::3/homescreen_1.jpg,rel::3/homescreen_1.jpg::th::en,th,en,independent,0,0,0,0,0,0,0,0,0
qwen,rel::3/homescreen_1.jpg,rel::3/homescreen_1.jpg::th::ru,th,ru,independent,0,0,0,0,0,0,0,0,0
qwen,rel::3/homescreen_1.jpg,rel::3/homescreen_1.jpg::th::zh,th,zh,independent,0,0,0,0,0,0,0,0,0
qwen,rel::3/homescreen_1.jpg,rel::3/homescreen_1.jpg::zh::en,zh,en,independent,0,0,0,0,0,0,0,0,0
qwen,rel::3/homescreen_1.jpg,rel::3/homescreen_1.jpg::zh::ru,zh,ru,independent,0,0,0,0,0,0,0,0,0
qwen,rel::3/homescreen_1.jpg,rel::3/homescreen_1.jpg::zh::th,zh,th,independent,0,0,0,0,0,0,0,0,0
qwen,rel::3/homescreen_10.jpg,rel::3/homescreen_10.jpg::en::ru,en,ru,dependent,1,1,1,1,0,0,0,0,0
qwen,rel::3/homescreen_10.jpg,rel::3/homescreen_10.jpg::en::th,en,th,dependent,1,1,1,1,0,0,0,0,0
qwen,rel::3/homescreen_10.jpg,rel::3/homescreen_10.jpg::en::zh,en,zh,dependent,1,1,0,1,0,1,-1,0,1
qwen,rel::3/homescreen_10.jpg,rel::3/homescreen_10.jpg::ru::en,ru,en,dependent,0,0,1,1,0,0,1,1,0
qwen,rel::3/homescreen_10.jpg,rel::3/homescreen_10.jpg::ru::th,ru,th,dependent,0,1,1,1,1,0,1,0,-1
qwen,rel::3/homescreen_10.jpg,rel::3/homescreen_10.jpg::ru::zh,ru,zh,dependent,0,1,1,1,1,0,1,0,-1
qwen,rel::3/homescreen_10.jpg,rel::3/homescreen_10.jpg::th::en,th,en,dependent,1,1,1,1,0,0,0,0,0
qwen,rel::3/homescreen_10.jpg,rel::3/homescreen_10.jpg::th::ru,th,ru,dependent,1,1,1,1,0,0,0,0,0
qwen,rel::3/homescreen_10.jpg,rel::3/homescreen_10.jpg::th::zh,th,zh,dependent,1,1,1,1,0,0,0,0,0
qwen,rel::3/homescreen_10.jpg,rel::3/homescreen_10.jpg::zh::en,zh,en,dependent,1,1,1,1,0,0,0,0,0
qwen,rel::3/homescreen_10.jpg,rel::3/homescreen_10.jpg::zh::ru,zh,ru,dependent,1,1,1,1,0,0,0,0,0
qwen,rel::3/homescreen_10.jpg,rel::3/homescreen_10.jpg::zh::th,zh,th,dependent,0,1,1,1,1,0,1,0,-1
qwen,rel::3/homescreen_2.jpg,rel::3/homescreen_2.jpg::en::ru,en,ru,independent,1,1,1,1,0,0,0,0,0
qwen,rel::3/homescreen_2.jpg,rel::3/homescreen_2.jpg::en::th,en,th,independent,1,1,1,1,0,0,0,0,0
qwen,rel::3/homescreen_2.jpg,rel::3/homescreen_2.jpg::en::zh,en,zh,independent,1,1,1,1,0,0,0,0,0
qwen,rel::3/homescreen_2.jpg,rel::3/homescreen_2.jpg::ru::en,ru,en,independent,1,1,1,1,0,0,0,0,0
qwen,rel::3/homescreen_2.jpg,rel::3/homescreen_2.jpg::ru::th,ru,th,independent,0,1,0,1,1,1,0,0,0
qwen,rel::3/homescreen_2.jpg,rel::3/homescreen_2.jpg::ru::zh,ru,zh,independent,1,1,1,1,0,0,0,0,0
qwen,rel::3/homescreen_2.jpg,rel::3/homescreen_2.jpg::th::en,th,en,independent,1,1,1,1,0,0,0,0,0
qwen,rel::3/homescreen_2.jpg,rel::3/homescreen_2.jpg::th::ru,th,ru,independent,1,1,1,1,0,0,0,0,0
qwen,rel::3/homescreen_2.jpg,rel::3/homescreen_2.jpg::th::zh,th,zh,independent,1,1,1,1,0,0,0,0,0
qwen,rel::3/homescreen_2.jpg,rel::3/homescreen_2.jpg::zh::en,zh,en,independent,1,1,1,1,0,0,0,0,0
qwen,rel::3/homescreen_2.jpg,rel::3/homescreen_2.jpg::zh::ru,zh,ru,independent,1,1,1,1,0,0,0,0,0
qwen,rel::3/homescreen_2.jpg,rel::3/homescreen_2.jpg::zh::th,zh,th,independent,0,1,0,1,1,1,0,0,0
qwen,rel::3/homescreen_3.jpg,rel::3/homescreen_3.jpg::en::ru,en,ru,dependent,1,1,1,1,0,0,0,0,0
qwen,rel::3/homescreen_3.jpg,rel::3/homescreen_3.jpg::en::th,en,th,dependent,1,1,1,1,0,0,0,0,0
qwen,rel::3/homescreen_3.jpg,rel::3/homescreen_3.jpg::en::zh,en,zh,dependent,1,1,1,1,0,0,0,0,0
qwen,rel::3/homescreen_3.jpg,rel::3/homescreen_3.jpg::ru::en,ru,en,dependent,1,1,1,1,0,0,0,0,0
qwen,rel::3/homescreen_3.jpg,rel::3/homescreen_3.jpg::ru::th,ru,th,dependent,0,1,0,1,1,1,0,0,0
qwen,rel::3/homescreen_3.jpg,rel::3/homescreen_3.jpg::ru::zh,ru,zh,dependent,1,1,1,1,0,0,0,0,0
qwen,rel::3/homescreen_3.jpg,rel::3/homescreen_3.jpg::th::en,th,en,dependent,1,1,1,1,0,0,0,0,0
qwen,rel::3/homescreen_3.jpg,rel::3/homescreen_3.jpg::th::ru,th,ru,dependent,1,1,1,1,0,0,0,0,0
qwen,rel::3/homescreen_3.jpg,rel::3/homescreen_3.jpg::th::zh,th,zh,dependent,1,1,1,1,0,0,0,0,0
qwen,rel::3/homescreen_3.jpg,rel::3/homescreen_3.jpg::zh::en,zh,en,dependent,1,1,1,1,0,0,0,0,0
qwen,rel::3/homescreen_3.jpg,rel::3/homescreen_3.jpg::zh::ru,zh,ru,dependent,1,1,1,1,0,0,0,0,0
qwen,rel::3/homescreen_3.jpg,rel::3/homescreen_3.jpg::zh::th,zh,th,dependent,1,1,0,1,0,1,-1,0,1
qwen,rel::3/homescreen_4.jpg,rel::3/homescreen_4.jpg::en::ru,en,ru,independent,1,1,1,1,0,0,0,0,0
qwen,rel::3/homescreen_4.jpg,rel::3/homescreen_4.jpg::en::th,en,th,independent,1,1,1,1,0,0,0,0,0
qwen,rel::3/homescreen_4.jpg,rel::3/homescreen_4.jpg::en::zh,en,zh,independent,1,1,1,1,0,0,0,0,0
qwen,rel::3/homescreen_4.jpg,rel::3/homescreen_4.jpg::ru::en,ru,en,independent,1,1,1,1,0,0,0,0,0
qwen,rel::3/homescreen_4.jpg,rel::3/homescreen_4.jpg::ru::th,ru,th,independent,1,1,1,1,0,0,0,0,0
qwen,rel::3/homescreen_4.jpg,rel::3/homescreen_4.jpg::ru::zh,ru,zh,independent,1,1,1,1,0,0,0,0,0
qwen,rel::3/homescreen_4.jpg,rel::3/homescreen_4.jpg::th::en,th,en,independent,1,1,1,1,0,0,0,0,0
qwen,rel::3/homescreen_4.jpg,rel::3/homescreen_4.jpg::th::ru,th,ru,independent,1,1,1,1,0,0,0,0,0
qwen,rel::3/homescreen_4.jpg,rel::3/homescreen_4.jpg::th::zh,th,zh,independent,1,1,1,1,0,0,0,0,0
qwen,rel::3/homescreen_4.jpg,rel::3/homescreen_4.jpg::zh::en,zh,en,independent,1,1,1,1,0,0,0,0,0
qwen,rel::3/homescreen_4.jpg,rel::3/homescreen_4.jpg::zh::ru,zh,ru,independent,1,1,1,1,0,0,0,0,0
qwen,rel::3/homescreen_4.jpg,rel::3/homescreen_4.jpg::zh::th,zh,th,independent,1,1,0,1,0,1,-1,0,1
qwen,rel::3/homescreen_5.jpg,rel::3/homescreen_5.jpg::en::ru,en,ru,dependent,0,1,0,0,1,0,0,-1,-1
qwen,rel::3/homescreen_5.jpg,rel::3/homescreen_5.jpg::en::th,en,th,dependent,1,0,0,0,-1,0,-1,0,1
qwen,rel::3/homescreen_5.jpg,rel::3/homescreen_5.jpg::en::zh,en,zh,dependent,0,0,0,0,0,0,0,0,0
qwen,rel::3/homescreen_5.jpg,rel::3/homescreen_5.jpg::ru::en,ru,en,dependent,0,0,0,0,0,0,0,0,0
qwen,rel::3/homescreen_5.jpg,rel::3/homescreen_5.jpg::ru::th,ru,th,dependent,0,0,1,0,0,-1,1,0,-1
qwen,rel::3/homescreen_5.jpg,rel::3/homescreen_5.jpg::ru::zh,ru,zh,dependent,0,0,0,0,0,0,0,0,0
qwen,rel::3/homescreen_5.jpg,rel::3/homescreen_5.jpg::th::en,th,en,dependent,1,0,1,0,-1,-1,0,0,0
qwen,rel::3/homescreen_5.jpg,rel::3/homescreen_5.jpg::th::ru,th,ru,dependent,0,0,0,0,0,0,0,0,0
qwen,rel::3/homescreen_5.jpg,rel::3/homescreen_5.jpg::th::zh,th,zh,dependent,0,0,1,0,0,-1,1,0,-1
qwen,rel::3/homescreen_5.jpg,rel::3/homescreen_5.jpg::zh::en,zh,en,dependent,0,0,0,0,0,0,0,0,0
qwen,rel::3/homescreen_5.jpg,rel::3/homescreen_5.jpg::zh::ru,zh,ru,dependent,1,0,1,0,-1,-1,0,0,0
qwen,rel::3/homescreen_5.jpg,rel::3/homescreen_5.jpg::zh::th,zh,th,dependent,1,0,1,0,-1,-1,0,0,0
qwen,rel::3/homescreen_6.jpg,rel::3/homescreen_6.jpg::en::ru,en,ru,dependent,0,0,0,0,0,0,0,0,0
qwen,rel::3/homescreen_6.jpg,rel::3/homescreen_6.jpg::en::th,en,th,dependent,0,0,0,1,0,1,0,1,1
qwen,rel::3/homescreen_6.jpg,rel::3/homescreen_6.jpg::en::zh,en,zh,dependent,0,0,0,0,0,0,0,0,0
qwen,rel::3/homescreen_6.jpg,rel::3/homescreen_6.jpg::ru::en,ru,en,dependent,0,1,1,0,1,-1,1,-1,-2
qwen,rel::3/homescreen_6.jpg,rel::3/homescreen_6.jpg::ru::th,ru,th,dependent,0,0,1,1,0,0,1,1,0
qwen,rel::3/homescreen_6.jpg,rel::3/homescreen_6.jpg::ru::zh,ru,zh,dependent,0,0,0,0,0,0,0,0,0
qwen,rel::3/homescreen_6.jpg,rel::3/homescreen_6.jpg::th::en,th,en,dependent,0,1,0,0,1,0,0,-1,-1
qwen,rel::3/homescreen_6.jpg,rel::3/homescreen_6.jpg::th::ru,th,ru,dependent,1,1,1,0,0,-1,0,-1,-1
qwen,rel::3/homescreen_6.jpg,rel::3/homescreen_6.jpg::th::zh,th,zh,dependent,0,0,0,0,0,0,0,0,0
qwen,rel::3/homescreen_6.jpg,rel::3/homescreen_6.jpg::zh::en,zh,en,dependent,0,0,1,0,0,-1,1,0,-1
qwen,rel::3/homescreen_6.jpg,rel::3/homescreen_6.jpg::zh::ru,zh,ru,dependent,0,0,1,0,0,-1,1,0,-1
qwen,rel::3/homescreen_6.jpg,rel::3/homescreen_6.jpg::zh::th,zh,th,dependent,0,0,1,1,0,0,1,1,0
qwen,rel::3/homescreen_7.jpg,rel::3/homescreen_7.jpg::en::ru,en,ru,dependent,0,0,0,0,0,0,0,0,0
qwen,rel::3/homescreen_7.jpg,rel::3/homescreen_7.jpg::en::th,en,th,dependent,0,0,0,0,0,0,0,0,0
qwen,rel::3/homescreen_7.jpg,rel::3/homescreen_7.jpg::en::zh,en,zh,dependent,0,0,0,0,0,0,0,0,0
qwen,rel::3/homescreen_7.jpg,rel::3/homescreen_7.jpg::ru::en,ru,en,dependent,0,0,0,0,0,0,0,0,0
qwen,rel::3/homescreen_7.jpg,rel::3/homescreen_7.jpg::ru::th,ru,th,dependent,0,0,0,0,0,0,0,0,0
qwen,rel::3/homescreen_7.jpg,rel::3/homescreen_7.jpg::ru::zh,ru,zh,dependent,0,0,0,0,0,0,0,0,0
qwen,rel::3/homescreen_7.jpg,rel::3/homescreen_7.jpg::th::en,th,en,dependent,0,0,0,0,0,0,0,0,0
qwen,rel::3/homescreen_7.jpg,rel::3/homescreen_7.jpg::th::ru,th,ru,dependent,0,0,0,0,0,0,0,0,0
qwen,rel::3/homescreen_7.jpg,rel::3/homescreen_7.jpg::th::zh,th,zh,dependent,0,0,0,0,0,0,0,0,0
qwen,rel::3/homescreen_7.jpg,rel::3/homescreen_7.jpg::zh::en,zh,en,dependent,0,0,0,0,0,0,0,0,0
qwen,rel::3/homescreen_7.jpg,rel::3/homescreen_7.jpg::zh::ru,zh,ru,dependent,0,0,0,0,0,0,0,0,0
qwen,rel::3/homescreen_7.jpg,rel::3/homescreen_7.jpg::zh::th,zh,th,dependent,0,0,0,0,0,0,0,0,0
qwen,rel::3/homescreen_8.jpg,rel::3/homescreen_8.jpg::en::ru,en,ru,dependent,0,0,0,0,0,0,0,0,0
qwen,rel::3/homescreen_8.jpg,rel::3/homescreen_8.jpg::en::th,en,th,dependent,0,0,0,0,0,0,0,0,0
qwen,rel::3/homescreen_8.jpg,rel::3/homescreen_8.jpg::en::zh,en,zh,dependent,1,1,0,0,0,0,-1,-1,0
qwen,rel::3/homescreen_8.jpg,rel::3/homescreen_8.jpg::ru::en,ru,en,dependent,0,0,0,0,0,0,0,0,0
qwen,rel::3/homescreen_8.jpg,rel::3/homescreen_8.jpg::ru::th,ru,th,dependent,0,0,0,0,0,0,0,0,0
qwen,rel::3/homescreen_8.jpg,rel::3/homescreen_8.jpg::ru::zh,ru,zh,dependent,0,0,0,0,0,0,0,0,0
qwen,rel::3/homescreen_8.jpg,rel::3/homescreen_8.jpg::th::en,th,en,dependent,0,0,0,0,0,0,0,0,0
qwen,rel::3/homescreen_8.jpg,rel::3/homescreen_8.jpg::th::ru,th,ru,dependent,0,0,0,0,0,0,0,0,0
qwen,rel::3/homescreen_8.jpg,rel::3/homescreen_8.jpg::th::zh,th,zh,dependent,0,0,0,0,0,0,0,0,0
qwen,rel::3/homescreen_8.jpg,rel::3/homescreen_8.jpg::zh::en,zh,en,dependent,0,0,1,0,0,-1,1,0,-1
qwen,rel::3/homescreen_8.jpg,rel::3/homescreen_8.jpg::zh::ru,zh,ru,dependent,0,0,0,0,0,0,0,0,0
qwen,rel::3/homescreen_8.jpg,rel::3/homescreen_8.jpg::zh::th,zh,th,dependent,0,0,0,0,0,0,0,0,0
qwen,rel::3/homescreen_9.jpg,rel::3/homescreen_9.jpg::en::ru,en,ru,dependent,0,1,0,1,1,1,0,0,0
qwen,rel::3/homescreen_9.jpg,rel::3/homescreen_9.jpg::en::th,en,th,dependent,0,1,0,1,1,1,0,0,0
qwen,rel::3/homescreen_9.jpg,rel::3/homescreen_9.jpg::en::zh,en,zh,dependent,1,1,1,1,0,0,0,0,0
qwen,rel::3/homescreen_9.jpg,rel::3/homescreen_9.jpg::ru::en,ru,en,dependent,0,1,0,1,1,1,0,0,0
qwen,rel::3/homescreen_9.jpg,rel::3/homescreen_9.jpg::ru::th,ru,th,dependent,0,1,0,1,1,1,0,0,0
qwen,rel::3/homescreen_9.jpg,rel::3/homescreen_9.jpg::ru::zh,ru,zh,dependent,0,1,0,1,1,1,0,0,0
qwen,rel::3/homescreen_9.jpg,rel::3/homescreen_9.jpg::th::en,th,en,dependent,0,1,0,1,1,1,0,0,0
qwen,rel::3/homescreen_9.jpg,rel::3/homescreen_9.jpg::th::ru,th,ru,dependent,0,1,0,1,1,1,0,0,0
qwen,rel::3/homescreen_9.jpg,rel::3/homescreen_9.jpg::th::zh,th,zh,dependent,0,1,0,1,1,1,0,0,0
qwen,rel::3/homescreen_9.jpg,rel::3/homescreen_9.jpg::zh::en,zh,en,dependent,1,1,0,1,0,1,-1,0,1
qwen,rel::3/homescreen_9.jpg,rel::3/homescreen_9.jpg::zh::ru,zh,ru,dependent,0,1,0,1,1,1,0,0,0
qwen,rel::3/homescreen_9.jpg,rel::3/homescreen_9.jpg::zh::th,zh,th,dependent,0,0,0,1,0,1,0,1,1
qwen,rel::3/map_10.jpg,rel::3/map_10.jpg::en::ru,en,ru,dependent,1,1,1,1,0,0,0,0,0
qwen,rel::3/map_10.jpg,rel::3/map_10.jpg::en::th,en,th,dependent,1,1,0,1,0,1,-1,0,1
qwen,rel::3/map_10.jpg,rel::3/map_10.jpg::en::zh,en,zh,dependent,0,1,1,1,1,0,1,0,-1
qwen,rel::3/map_10.jpg,rel::3/map_10.jpg::ru::en,ru,en,dependent,0,0,1,0,0,-1,1,0,-1
qwen,rel::3/map_10.jpg,rel::3/map_10.jpg::ru::th,ru,th,dependent,1,0,1,1,-1,0,0,1,1
qwen,rel::3/map_10.jpg,rel::3/map_10.jpg::ru::zh,ru,zh,dependent,0,0,1,1,0,0,1,1,0
qwen,rel::3/map_10.jpg,rel::3/map_10.jpg::th::en,th,en,dependent,0,0,1,0,0,-1,1,0,-1
qwen,rel::3/map_10.jpg,rel::3/map_10.jpg::th::ru,th,ru,dependent,0,1,1,1,1,0,1,0,-1
qwen,rel::3/map_10.jpg,rel::3/map_10.jpg::th::zh,th,zh,dependent,0,0,1,1,0,0,1,1,0
qwen,rel::3/map_10.jpg,rel::3/map_10.jpg::zh::en,zh,en,dependent,1,1,0,0,0,0,-1,-1,0
qwen,rel::3/map_10.jpg,rel::3/map_10.jpg::zh::ru,zh,ru,dependent,1,1,1,1,0,0,0,0,0
qwen,rel::3/map_10.jpg,rel::3/map_10.jpg::zh::th,zh,th,dependent,1,1,0,1,0,1,-1,0,1
qwen,rel::3/map_2.jpg,rel::3/map_2.jpg::en::ru,en,ru,dependent,1,1,1,1,0,0,0,0,0
qwen,rel::3/map_2.jpg,rel::3/map_2.jpg::en::th,en,th,dependent,1,1,0,0,0,0,-1,-1,0
qwen,rel::3/map_2.jpg,rel::3/map_2.jpg::en::zh,en,zh,dependent,0,1,0,1,1,1,0,0,0
qwen,rel::3/map_2.jpg,rel::3/map_2.jpg::ru::en,ru,en,dependent,1,1,1,1,0,0,0,0,0
qwen,rel::3/map_2.jpg,rel::3/map_2.jpg::ru::th,ru,th,dependent,1,1,0,0,0,0,-1,-1,0
qwen,rel::3/map_2.jpg,rel::3/map_2.jpg::ru::zh,ru,zh,dependent,1,1,1,1,0,0,0,0,0
qwen,rel::3/map_2.jpg,rel::3/map_2.jpg::th::en,th,en,dependent,1,1,1,1,0,0,0,0,0
qwen,rel::3/map_2.jpg,rel::3/map_2.jpg::th::ru,th,ru,dependent,1,1,0,1,0,1,-1,0,1
qwen,rel::3/map_2.jpg,rel::3/map_2.jpg::th::zh,th,zh,dependent,1,1,0,1,0,1,-1,0,1
qwen,rel::3/map_2.jpg,rel::3/map_2.jpg::zh::en,zh,en,dependent,1,1,1,1,0,0,0,0,0
qwen,rel::3/map_2.jpg,rel::3/map_2.jpg::zh::ru,zh,ru,dependent,1,1,1,1,0,0,0,0,0
qwen,rel::3/map_2.jpg,rel::3/map_2.jpg::zh::th,zh,th,dependent,1,1,0,0,0,0,-1,-1,0
qwen,rel::3/map_3.jpg,rel::3/map_3.jpg::en::ru,en,ru,dependent,1,1,1,1,0,0,0,0,0
qwen,rel::3/map_3.jpg,rel::3/map_3.jpg::en::th,en,th,dependent,0,0,0,0,0,0,0,0,0
qwen,rel::3/map_3.jpg,rel::3/map_3.jpg::en::zh,en,zh,dependent,1,1,1,1,0,0,0,0,0
qwen,rel::3/map_3.jpg,rel::3/map_3.jpg::ru::en,ru,en,dependent,1,1,1,1,0,0,0,0,0
qwen,rel::3/map_3.jpg,rel::3/map_3.jpg::ru::th,ru,th,dependent,0,0,0,0,0,0,0,0,0
qwen,rel::3/map_3.jpg,rel::3/map_3.jpg::ru::zh,ru,zh,dependent,1,1,1,1,0,0,0,0,0
qwen,rel::3/map_3.jpg,rel::3/map_3.jpg::th::en,th,en,dependent,0,1,1,1,1,0,1,0,-1
qwen,rel::3/map_3.jpg,rel::3/map_3.jpg::th::ru,th,ru,dependent,0,1,0,1,1,1,0,0,0
qwen,rel::3/map_3.jpg,rel::3/map_3.jpg::th::zh,th,zh,dependent,0,1,1,1,1,0,1,0,-1
qwen,rel::3/map_3.jpg,rel::3/map_3.jpg::zh::en,zh,en,dependent,1,1,1,1,0,0,0,0,0
qwen,rel::3/map_3.jpg,rel::3/map_3.jpg::zh::ru,zh,ru,dependent,1,1,1,1,0,0,0,0,0
qwen,rel::3/map_3.jpg,rel::3/map_3.jpg::zh::th,zh,th,dependent,0,0,0,0,0,0,0,0,0
qwen,rel::3/map_4.jpg,rel::3/map_4.jpg::en::ru,en,ru,dependent,0,1,1,1,1,0,1,0,-1
qwen,rel::3/map_4.jpg,rel::3/map_4.jpg::en::th,en,th,dependent,0,1,1,1,1,0,1,0,-1
qwen,rel::3/map_4.jpg,rel::3/map_4.jpg::en::zh,en,zh,dependent,0,0,1,1,0,0,1,1,0
qwen,rel::3/map_4.jpg,rel::3/map_4.jpg::ru::en,ru,en,dependent,1,1,1,0,0,-1,0,-1,-1
qwen,rel::3/map_4.jpg,rel::3/map_4.jpg::ru::th,ru,th,dependent,1,1,0,1,0,1,-1,0,1
qwen,rel::3/map_4.jpg,rel::3/map_4.jpg::ru::zh,ru,zh,dependent,1,1,0,1,0,1,-1,0,1
qwen,rel::3/map_4.jpg,rel::3/map_4.jpg::th::en,th,en,dependent,1,1,1,0,0,-1,0,-1,-1
qwen,rel::3/map_4.jpg,rel::3/map_4.jpg::th::ru,th,ru,dependent,1,1,1,1,0,0,0,0,0
qwen,rel::3/map_4.jpg,rel::3/map_4.jpg::th::zh,th,zh,dependent,1,1,1,1,0,0,0,0,0
qwen,rel::3/map_4.jpg,rel::3/map_4.jpg::zh::en,zh,en,dependent,1,1,1,0,0,-1,0,-1,-1
qwen,rel::3/map_4.jpg,rel::3/map_4.jpg::zh::ru,zh,ru,dependent,1,1,1,1,0,0,0,0,0
qwen,rel::3/map_4.jpg,rel::3/map_4.jpg::zh::th,zh,th,dependent,1,1,1,1,0,0,0,0,0
qwen,rel::3/map_5.jpg,rel::3/map_5.jpg::en::ru,en,ru,dependent,0,1,1,0,1,-1,1,-1,-2
qwen,rel::3/map_5.jpg,rel::3/map_5.jpg::en::th,en,th,dependent,0,0,0,0,0,0,0,0,0
qwen,rel::3/map_5.jpg,rel::3/map_5.jpg::en::zh,en,zh,dependent,0,1,0,1,1,1,0,0,0
qwen,rel::3/map_5.jpg,rel::3/map_5.jpg::ru::en,ru,en,dependent,1,1,1,1,0,0,0,0,0
qwen,rel::3/map_5.jpg,rel::3/map_5.jpg::ru::th,ru,th,dependent,1,0,0,0,-1,0,-1,0,1
qwen,rel::3/map_5.jpg,rel::3/map_5.jpg::ru::zh,ru,zh,dependent,1,1,1,1,0,0,0,0,0
qwen,rel::3/map_5.jpg,rel::3/map_5.jpg::th::en,th,en,dependent,0,0,0,1,0,1,0,1,1
qwen,rel::3/map_5.jpg,rel::3/map_5.jpg::th::ru,th,ru,dependent,0,0,1,0,0,-1,1,0,-1
qwen,rel::3/map_5.jpg,rel::3/map_5.jpg::th::zh,th,zh,dependent,0,0,1,1,0,0,1,1,0
qwen,rel::3/map_5.jpg,rel::3/map_5.jpg::zh::en,zh,en,dependent,1,1,0,1,0,1,-1,0,1
qwen,rel::3/map_5.jpg,rel::3/map_5.jpg::zh::ru,zh,ru,dependent,1,1,1,0,0,-1,0,-1,-1
qwen,rel::3/map_5.jpg,rel::3/map_5.jpg::zh::th,zh,th,dependent,0,1,0,0,1,0,0,-1,-1
qwen,rel::3/map_6.jpg,rel::3/map_6.jpg::en::ru,en,ru,dependent,1,1,1,1,0,0,0,0,0
qwen,rel::3/map_6.jpg,rel::3/map_6.jpg::en::th,en,th,dependent,1,1,1,1,0,0,0,0,0
qwen,rel::3/map_6.jpg,rel::3/map_6.jpg::en::zh,en,zh,dependent,1,1,1,1,0,0,0,0,0
qwen,rel::3/map_6.jpg,rel::3/map_6.jpg::ru::en,ru,en,dependent,1,1,1,1,0,0,0,0,0
qwen,rel::3/map_6.jpg,rel::3/map_6.jpg::ru::th,ru,th,dependent,1,1,0,1,0,1,-1,0,1
qwen,rel::3/map_6.jpg,rel::3/map_6.jpg::ru::zh,ru,zh,dependent,1,1,1,1,0,0,0,0,0
qwen,rel::3/map_6.jpg,rel::3/map_6.jpg::th::en,th,en,dependent,1,1,1,1,0,0,0,0,0
qwen,rel::3/map_6.jpg,rel::3/map_6.jpg::th::ru,th,ru,dependent,1,1,1,1,0,0,0,0,0
qwen,rel::3/map_6.jpg,rel::3/map_6.jpg::th::zh,th,zh,dependent,1,1,1,1,0,0,0,0,0
qwen,rel::3/map_6.jpg,rel::3/map_6.jpg::zh::en,zh,en,dependent,1,1,1,1,0,0,0,0,0
qwen,rel::3/map_6.jpg,rel::3/map_6.jpg::zh::ru,zh,ru,dependent,1,1,1,1,0,0,0,0,0
qwen,rel::3/map_6.jpg,rel::3/map_6.jpg::zh::th,zh,th,dependent,0,1,0,1,1,1,0,0,0
qwen,rel::3/map_7.jpg,rel::3/map_7.jpg::en::ru,en,ru,dependent,0,1,0,1,1,1,0,0,0
qwen,rel::3/map_7.jpg,rel::3/map_7.jpg::en::th,en,th,dependent,0,1,0,0,1,0,0,-1,-1
qwen,rel::3/map_7.jpg,rel::3/map_7.jpg::en::zh,en,zh,dependent,0,1,0,0,1,0,0,-1,-1
qwen,rel::3/map_7.jpg,rel::3/map_7.jpg::ru::en,ru,en,dependent,0,1,0,1,1,1,0,0,0
qwen,rel::3/map_7.jpg,rel::3/map_7.jpg::ru::th,ru,th,dependent,1,0,1,0,-1,-1,0,0,0
qwen,rel::3/map_7.jpg,rel::3/map_7.jpg::ru::zh,ru,zh,dependent,0,0,0,0,0,0,0,0,0
qwen,rel::3/map_7.jpg,rel::3/map_7.jpg::th::en,th,en,dependent,1,1,1,1,0,0,0,0,0
qwen,rel::3/map_7.jpg,rel::3/map_7.jpg::th::ru,th,ru,dependent,0,1,0,1,1,1,0,0,0
qwen,rel::3/map_7.jpg,rel::3/map_7.jpg::th::zh,th,zh,dependent,0,0,1,0,0,-1,1,0,-1
qwen,rel::3/map_7.jpg,rel::3/map_7.jpg::zh::en,zh,en,dependent,0,1,1,1,1,0,1,0,-1
qwen,rel::3/map_7.jpg,rel::3/map_7.jpg::zh::ru,zh,ru,dependent,0,1,0,1,1,1,0,0,0
qwen,rel::3/map_7.jpg,rel::3/map_7.jpg::zh::th,zh,th,dependent,0,0,0,1,0,1,0,1,1
qwen,rel::3/map_8.jpg,rel::3/map_8.jpg::en::ru,en,ru,dependent,1,0,1,0,-1,-1,0,0,0
qwen,rel::3/map_8.jpg,rel::3/map_8.jpg::en::th,en,th,dependent,1,1,0,0,0,0,-1,-1,0
qwen,rel::3/map_8.jpg,rel::3/map_8.jpg::en::zh,en,zh,dependent,1,0,0,0,-1,0,-1,0,1
qwen,rel::3/map_8.jpg,rel::3/map_8.jpg::ru::en,ru,en,dependent,0,0,1,1,0,0,1,1,0
qwen,rel::3/map_8.jpg,rel::3/map_8.jpg::ru::th,ru,th,dependent,0,0,0,0,0,0,0,0,0
qwen,rel::3/map_8.jpg,rel::3/map_8.jpg::ru::zh,ru,zh,dependent,0,0,0,0,0,0,0,0,0
qwen,rel::3/map_8.jpg,rel::3/map_8.jpg::th::en,th,en,dependent,1,0,1,1,-1,0,0,1,1
qwen,rel::3/map_8.jpg,rel::3/map_8.jpg::th::ru,th,ru,dependent,1,0,0,0,-1,0,-1,0,1
qwen,rel::3/map_8.jpg,rel::3/map_8.jpg::th::zh,th,zh,dependent,0,0,0,0,0,0,0,0,0
qwen,rel::3/map_8.jpg,rel::3/map_8.jpg::zh::en,zh,en,dependent,0,0,0,1,0,1,0,1,1
qwen,rel::3/map_8.jpg,rel::3/map_8.jpg::zh::ru,zh,ru,dependent,0,0,0,0,0,0,0,0,0
qwen,rel::3/map_8.jpg,rel::3/map_8.jpg::zh::th,zh,th,dependent,0,0,0,0,0,0,0,0,0
qwen,rel::3/map_9.jpg,rel::3/map_9.jpg::en::ru,en,ru,dependent,1,1,1,1,0,0,0,0,0
qwen,rel::3/map_9.jpg,rel::3/map_9.jpg::en::th,en,th,dependent,1,1,0,0,0,0,-1,-1,0
qwen,rel::3/map_9.jpg,rel::3/map_9.jpg::en::zh,en,zh,dependent,1,1,0,1,0,1,-1,0,1
qwen,rel::3/map_9.jpg,rel::3/map_9.jpg::ru::en,ru,en,dependent,0,1,1,1,1,0,1,0,-1
qwen,rel::3/map_9.jpg,rel::3/map_9.jpg::ru::th,ru,th,dependent,0,1,0,0,1,0,0,-1,-1
qwen,rel::3/map_9.jpg,rel::3/map_9.jpg::ru::zh,ru,zh,dependent,0,1,0,1,1,1,0,0,0
qwen,rel::3/map_9.jpg,rel::3/map_9.jpg::th::en,th,en,dependent,0,0,1,1,0,0,1,1,0
qwen,rel::3/map_9.jpg,rel::3/map_9.jpg::th::ru,th,ru,dependent,0,0,0,1,0,1,0,1,1
qwen,rel::3/map_9.jpg,rel::3/map_9.jpg::th::zh,th,zh,dependent,0,0,0,1,0,1,0,1,1
qwen,rel::3/map_9.jpg,rel::3/map_9.jpg::zh::en,zh,en,dependent,0,1,1,1,1,0,1,0,-1
qwen,rel::3/map_9.jpg,rel::3/map_9.jpg::zh::ru,zh,ru,dependent,1,1,1,1,0,0,0,0,0
qwen,rel::3/map_9.jpg,rel::3/map_9.jpg::zh::th,zh,th,dependent,0,1,0,0,1,0,0,-1,-1
qwen,rel::3/music_1.jpg,rel::3/music_1.jpg::en::ru,en,ru,dependent,1,1,0,0,0,0,-1,-1,0
qwen,rel::3/music_1.jpg,rel::3/music_1.jpg::en::th,en,th,dependent,1,1,0,1,0,1,-1,0,1
qwen,rel::3/music_1.jpg,rel::3/music_1.jpg::en::zh,en,zh,dependent,1,1,1,1,0,0,0,0,0
qwen,rel::3/music_1.jpg,rel::3/music_1.jpg::ru::en,ru,en,dependent,0,0,1,1,0,0,1,1,0
qwen,rel::3/music_1.jpg,rel::3/music_1.jpg::ru::th,ru,th,dependent,0,0,0,1,0,1,0,1,1
qwen,rel::3/music_1.jpg,rel::3/music_1.jpg::ru::zh,ru,zh,dependent,0,0,0,1,0,1,0,1,1
qwen,rel::3/music_1.jpg,rel::3/music_1.jpg::th::en,th,en,dependent,0,0,1,1,0,0,1,1,0
qwen,rel::3/music_1.jpg,rel::3/music_1.jpg::th::ru,th,ru,dependent,0,1,0,0,1,0,0,-1,-1
qwen,rel::3/music_1.jpg,rel::3/music_1.jpg::th::zh,th,zh,dependent,0,1,0,1,1,1,0,0,0
qwen,rel::3/music_1.jpg,rel::3/music_1.jpg::zh::en,zh,en,dependent,1,1,1,1,0,0,0,0,0
qwen,rel::3/music_1.jpg,rel::3/music_1.jpg::zh::ru,zh,ru,dependent,0,0,0,0,0,0,0,0,0
qwen,rel::3/music_1.jpg,rel::3/music_1.jpg::zh::th,zh,th,dependent,1,1,0,1,0,1,-1,0,1
qwen,rel::3/music_10.jpg,rel::3/music_10.jpg::en::ru,en,ru,dependent,1,1,1,1,0,0,0,0,0
qwen,rel::3/music_10.jpg,rel::3/music_10.jpg::en::th,en,th,dependent,1,0,1,1,-1,0,0,1,1
qwen,rel::3/music_10.jpg,rel::3/music_10.jpg::en::zh,en,zh,dependent,1,1,1,1,0,0,0,0,0
qwen,rel::3/music_10.jpg,rel::3/music_10.jpg::ru::en,ru,en,dependent,1,1,1,1,0,0,0,0,0
qwen,rel::3/music_10.jpg,rel::3/music_10.jpg::ru::th,ru,th,dependent,1,1,1,1,0,0,0,0,0
qwen,rel::3/music_10.jpg,rel::3/music_10.jpg::ru::zh,ru,zh,dependent,1,1,1,1,0,0,0,0,0
qwen,rel::3/music_10.jpg,rel::3/music_10.jpg::th::en,th,en,dependent,1,1,1,1,0,0,0,0,0
qwen,rel::3/music_10.jpg,rel::3/music_10.jpg::th::ru,th,ru,dependent,1,0,1,1,-1,0,0,1,1
qwen,rel::3/music_10.jpg,rel::3/music_10.jpg::th::zh,th,zh,dependent,1,1,1,1,0,0,0,0,0
qwen,rel::3/music_10.jpg,rel::3/music_10.jpg::zh::en,zh,en,dependent,1,1,0,1,0,1,-1,0,1
qwen,rel::3/music_10.jpg,rel::3/music_10.jpg::zh::ru,zh,ru,dependent,1,1,0,1,0,1,-1,0,1
qwen,rel::3/music_10.jpg,rel::3/music_10.jpg::zh::th,zh,th,dependent,1,1,1,1,0,0,0,0,0
qwen,rel::3/music_2.jpg,rel::3/music_2.jpg::en::ru,en,ru,independent,0,0,0,0,0,0,0,0,0
qwen,rel::3/music_2.jpg,rel::3/music_2.jpg::en::th,en,th,independent,0,0,0,0,0,0,0,0,0
qwen,rel::3/music_2.jpg,rel::3/music_2.jpg::en::zh,en,zh,independent,0,0,0,0,0,0,0,0,0
qwen,rel::3/music_2.jpg,rel::3/music_2.jpg::ru::en,ru,en,independent,0,0,0,0,0,0,0,0,0
qwen,rel::3/music_2.jpg,rel::3/music_2.jpg::ru::th,ru,th,independent,0,0,0,0,0,0,0,0,0
qwen,rel::3/music_2.jpg,rel::3/music_2.jpg::ru::zh,ru,zh,independent,0,0,0,0,0,0,0,0,0
qwen,rel::3/music_2.jpg,rel::3/music_2.jpg::th::en,th,en,independent,0,0,0,0,0,0,0,0,0
qwen,rel::3/music_2.jpg,rel::3/music_2.jpg::th::ru,th,ru,independent,0,0,0,0,0,0,0,0,0
qwen,rel::3/music_2.jpg,rel::3/music_2.jpg::th::zh,th,zh,independent,0,0,0,0,0,0,0,0,0
qwen,rel::3/music_2.jpg,rel::3/music_2.jpg::zh::en,zh,en,independent,0,0,0,0,0,0,0,0,0
qwen,rel::3/music_2.jpg,rel::3/music_2.jpg::zh::ru,zh,ru,independent,0,0,0,0,0,0,0,0,0
qwen,rel::3/music_2.jpg,rel::3/music_2.jpg::zh::th,zh,th,independent,0,0,0,0,0,0,0,0,0
qwen,rel::3/music_3.jpg,rel::3/music_3.jpg::en::ru,en,ru,dependent,0,1,1,1,1,0,1,0,-1
qwen,rel::3/music_3.jpg,rel::3/music_3.jpg::en::th,en,th,dependent,1,1,1,1,0,0,0,0,0
qwen,rel::3/music_3.jpg,rel::3/music_3.jpg::en::zh,en,zh,dependent,1,1,1,1,0,0,0,0,0
qwen,rel::3/music_3.jpg,rel::3/music_3.jpg::ru::en,ru,en,dependent,1,1,1,1,0,0,0,0,0
qwen,rel::3/music_3.jpg,rel::3/music_3.jpg::ru::th,ru,th,dependent,1,1,1,1,0,0,0,0,0
qwen,rel::3/music_3.jpg,rel::3/music_3.jpg::ru::zh,ru,zh,dependent,1,1,1,1,0,0,0,0,0
qwen,rel::3/music_3.jpg,rel::3/music_3.jpg::th::en,th,en,dependent,1,1,1,1,0,0,0,0,0
qwen,rel::3/music_3.jpg,rel::3/music_3.jpg::th::ru,th,ru,dependent,1,1,1,1,0,0,0,0,0
qwen,rel::3/music_3.jpg,rel::3/music_3.jpg::th::zh,th,zh,dependent,1,1,0,1,0,1,-1,0,1
qwen,rel::3/music_3.jpg,rel::3/music_3.jpg::zh::en,zh,en,dependent,1,1,1,1,0,0,0,0,0
qwen,rel::3/music_3.jpg,rel::3/music_3.jpg::zh::ru,zh,ru,dependent,0,1,1,1,1,0,1,0,-1
qwen,rel::3/music_3.jpg,rel::3/music_3.jpg::zh::th,zh,th,dependent,1,1,0,1,0,1,-1,0,1
qwen,rel::3/music_4.jpg,rel::3/music_4.jpg::en::ru,en,ru,dependent,1,1,1,0,0,-1,0,-1,-1
qwen,rel::3/music_4.jpg,rel::3/music_4.jpg::en::th,en,th,dependent,1,1,0,0,0,0,-1,-1,0
qwen,rel::3/music_4.jpg,rel::3/music_4.jpg::en::zh,en,zh,dependent,1,1,0,0,0,0,-1,-1,0
qwen,rel::3/music_4.jpg,rel::3/music_4.jpg::ru::en,ru,en,dependent,1,1,1,1,0,0,0,0,0
qwen,rel::3/music_4.jpg,rel::3/music_4.jpg::ru::th,ru,th,dependent,0,0,0,0,0,0,0,0,0
qwen,rel::3/music_4.jpg,rel::3/music_4.jpg::ru::zh,ru,zh,dependent,1,0,0,0,-1,0,-1,0,1
qwen,rel::3/music_4.jpg,rel::3/music_4.jpg::th::en,th,en,dependent,0,0,1,1,0,0,1,1,0
qwen,rel::3/music_4.jpg,rel::3/music_4.jpg::th::ru,th,ru,dependent,0,0,0,0,0,0,0,0,0
qwen,rel::3/music_4.jpg,rel::3/music_4.jpg::th::zh,th,zh,dependent,0,0,0,0,0,0,0,0,0
qwen,rel::3/music_4.jpg,rel::3/music_4.jpg::zh::en,zh,en,dependent,0,0,1,1,0,0,1,1,0
qwen,rel::3/music_4.jpg,rel::3/music_4.jpg::zh::ru,zh,ru,dependent,0,0,0,0,0,0,0,0,0
qwen,rel::3/music_4.jpg,rel::3/music_4.jpg::zh::th,zh,th,dependent,0,0,0,0,0,0,0,0,0
qwen,rel::3/music_5.jpg,rel::3/music_5.jpg::en::ru,en,ru,dependent,0,0,0,0,0,0,0,0,0
qwen,rel::3/music_5.jpg,rel::3/music_5.jpg::en::th,en,th,dependent,0,0,0,0,0,0,0,0,0
qwen,rel::3/music_5.jpg,rel::3/music_5.jpg::en::zh,en,zh,dependent,0,0,0,1,0,1,0,1,1
qwen,rel::3/music_5.jpg,rel::3/music_5.jpg::ru::en,ru,en,dependent,0,0,0,0,0,0,0,0,0
qwen,rel::3/music_5.jpg,rel::3/music_5.jpg::ru::th,ru,th,dependent,0,1,0,0,1,0,0,-1,-1
qwen,rel::3/music_5.jpg,rel::3/music_5.jpg::ru::zh,ru,zh,dependent,0,0,0,1,0,1,0,1,1
qwen,rel::3/music_5.jpg,rel::3/music_5.jpg::th::en,th,en,dependent,0,0,0,0,0,0,0,0,0
qwen,rel::3/music_5.jpg,rel::3/music_5.jpg::th::ru,th,ru,dependent,0,0,0,0,0,0,0,0,0
qwen,rel::3/music_5.jpg,rel::3/music_5.jpg::th::zh,th,zh,dependent,0,0,0,0,0,0,0,0,0
qwen,rel::3/music_5.jpg,rel::3/music_5.jpg::zh::en,zh,en,dependent,0,0,0,0,0,0,0,0,0
qwen,rel::3/music_5.jpg,rel::3/music_5.jpg::zh::ru,zh,ru,dependent,0,0,1,0,0,-1,1,0,-1
qwen,rel::3/music_5.jpg,rel::3/music_5.jpg::zh::th,zh,th,dependent,1,0,0,0,-1,0,-1,0,1
qwen,rel::3/music_6.jpg,rel::3/music_6.jpg::en::th,en,th,independent,1,1,1,1,0,0,0,0,0
qwen,rel::3/music_6.jpg,rel::3/music_6.jpg::en::zh,en,zh,independent,1,1,1,1,0,0,0,0,0
qwen,rel::3/music_6.jpg,rel::3/music_6.jpg::th::en,th,en,independent,1,1,1,1,0,0,0,0,0
qwen,rel::3/music_6.jpg,rel::3/music_6.jpg::th::zh,th,zh,independent,1,1,1,1,0,0,0,0,0
qwen,rel::3/music_6.jpg,rel::3/music_6.jpg::zh::en,zh,en,independent,1,1,1,1,0,0,0,0,0
qwen,rel::3/music_6.jpg,rel::3/music_6.jpg::zh::th,zh,th,independent,1,1,1,1,0,0,0,0,0
qwen,rel::3/music_7.jpg,rel::3/music_7.jpg::en::ru,en,ru,dependent,1,1,1,1,0,0,0,0,0
qwen,rel::3/music_7.jpg,rel::3/music_7.jpg::en::th,en,th,dependent,0,1,0,1,1,1,0,0,0
qwen,rel::3/music_7.jpg,rel::3/music_7.jpg::en::zh,en,zh,dependent,1,1,1,1,0,0,0,0,0
qwen,rel::3/music_7.jpg,rel::3/music_7.jpg::ru::en,ru,en,dependent,1,1,1,1,0,0,0,0,0
qwen,rel::3/music_7.jpg,rel::3/music_7.jpg::ru::th,ru,th,dependent,0,0,0,1,0,1,0,1,1
qwen,rel::3/music_7.jpg,rel::3/music_7.jpg::ru::zh,ru,zh,dependent,1,1,1,1,0,0,0,0,0
qwen,rel::3/music_7.jpg,rel::3/music_7.jpg::th::en,th,en,dependent,1,0,1,1,-1,0,0,1,1
qwen,rel::3/music_7.jpg,rel::3/music_7.jpg::th::ru,th,ru,dependent,1,1,1,1,0,0,0,0,0
qwen,rel::3/music_7.jpg,rel::3/music_7.jpg::th::zh,th,zh,dependent,1,1,1,1,0,0,0,0,0
qwen,rel::3/music_7.jpg,rel::3/music_7.jpg::zh::en,zh,en,dependent,1,1,1,1,0,0,0,0,0
qwen,rel::3/music_7.jpg,rel::3/music_7.jpg::zh::ru,zh,ru,dependent,1,1,1,1,0,0,0,0,0
qwen,rel::3/music_7.jpg,rel::3/music_7.jpg::zh::th,zh,th,dependent,1,1,0,1,0,1,-1,0,1
qwen,rel::3/music_8.jpg,rel::3/music_8.jpg::en::ru,en,ru,dependent,0,0,0,0,0,0,0,0,0
qwen,rel::3/music_8.jpg,rel::3/music_8.jpg::en::th,en,th,dependent,1,0,0,0,-1,0,-1,0,1
qwen,rel::3/music_8.jpg,rel::3/music_8.jpg::en::zh,en,zh,dependent,0,0,1,1,0,0,1,1,0
qwen,rel::3/music_8.jpg,rel::3/music_8.jpg::ru::en,ru,en,dependent,0,0,0,0,0,0,0,0,0
qwen,rel::3/music_8.jpg,rel::3/music_8.jpg::ru::th,ru,th,dependent,0,0,0,0,0,0,0,0,0
qwen,rel::3/music_8.jpg,rel::3/music_8.jpg::ru::zh,ru,zh,dependent,0,0,1,1,0,0,1,1,0
qwen,rel::3/music_8.jpg,rel::3/music_8.jpg::th::en,th,en,dependent,0,0,0,0,0,0,0,0,0
qwen,rel::3/music_8.jpg,rel::3/music_8.jpg::th::ru,th,ru,dependent,0,0,0,0,0,0,0,0,0
qwen,rel::3/music_8.jpg,rel::3/music_8.jpg::th::zh,th,zh,dependent,0,0,1,1,0,0,1,1,0
qwen,rel::3/music_8.jpg,rel::3/music_8.jpg::zh::en,zh,en,dependent,1,1,0,0,0,0,-1,-1,0
qwen,rel::3/music_8.jpg,rel::3/music_8.jpg::zh::ru,zh,ru,dependent,1,1,0,0,0,0,-1,-1,0
qwen,rel::3/music_8.jpg,rel::3/music_8.jpg::zh::th,zh,th,dependent,1,1,0,0,0,0,-1,-1,0
qwen,rel::3/music_9.jpg,rel::3/music_9.jpg::en::ru,en,ru,dependent,1,1,1,1,0,0,0,0,0
qwen,rel::3/music_9.jpg,rel::3/music_9.jpg::en::th,en,th,dependent,1,1,0,0,0,0,-1,-1,0
qwen,rel::3/music_9.jpg,rel::3/music_9.jpg::en::zh,en,zh,dependent,1,0,1,1,-1,0,0,1,1
qwen,rel::3/music_9.jpg,rel::3/music_9.jpg::ru::en,ru,en,dependent,1,1,0,0,0,0,-1,-1,0
qwen,rel::3/music_9.jpg,rel::3/music_9.jpg::ru::th,ru,th,dependent,1,1,0,0,0,0,-1,-1,0
qwen,rel::3/music_9.jpg,rel::3/music_9.jpg::ru::zh,ru,zh,dependent,1,1,1,1,0,0,0,0,0
qwen,rel::3/music_9.jpg,rel::3/music_9.jpg::th::en,th,en,dependent,0,0,0,0,0,0,0,0,0
qwen,rel::3/music_9.jpg,rel::3/music_9.jpg::th::ru,th,ru,dependent,0,0,1,1,0,0,1,1,0
qwen,rel::3/music_9.jpg,rel::3/music_9.jpg::th::zh,th,zh,dependent,0,0,1,1,0,0,1,1,0
qwen,rel::3/music_9.jpg,rel::3/music_9.jpg::zh::en,zh,en,dependent,1,1,1,0,0,-1,0,-1,-1
qwen,rel::3/music_9.jpg,rel::3/music_9.jpg::zh::ru,zh,ru,dependent,1,1,1,1,0,0,0,0,0
qwen,rel::3/music_9.jpg,rel::3/music_9.jpg::zh::th,zh,th,dependent,1,1,0,0,0,0,-1,-1,0
qwen,rel::3/note_1.jpg,rel::3/note_1.jpg::en::ru,en,ru,independent,1,1,1,1,0,0,0,0,0
qwen,rel::3/note_1.jpg,rel::3/note_1.jpg::en::th,en,th,independent,1,1,1,1,0,0,0,0,0
qwen,rel::3/note_1.jpg,rel::3/note_1.jpg::en::zh,en,zh,independent,1,1,1,1,0,0,0,0,0
qwen,rel::3/note_1.jpg,rel::3/note_1.jpg::ru::en,ru,en,independent,1,1,1,1,0,0,0,0,0
qwen,rel::3/note_1.jpg,rel::3/note_1.jpg::ru::th,ru,th,independent,1,1,1,1,0,0,0,0,0
qwen,rel::3/note_1.jpg,rel::3/note_1.jpg::ru::zh,ru,zh,independent,1,1,1,1,0,0,0,0,0
qwen,rel::3/note_1.jpg,rel::3/note_1.jpg::th::en,th,en,independent,1,1,1,1,0,0,0,0,0
qwen,rel::3/note_1.jpg,rel::3/note_1.jpg::th::ru,th,ru,independent,1,1,1,1,0,0,0,0,0
qwen,rel::3/note_1.jpg,rel::3/note_1.jpg::th::zh,th,zh,independent,1,1,1,1,0,0,0,0,0
qwen,rel::3/note_1.jpg,rel::3/note_1.jpg::zh::en,zh,en,independent,1,1,1,1,0,0,0,0,0
qwen,rel::3/note_1.jpg,rel::3/note_1.jpg::zh::ru,zh,ru,independent,1,1,1,1,0,0,0,0,0
qwen,rel::3/note_1.jpg,rel::3/note_1.jpg::zh::th,zh,th,independent,1,1,1,1,0,0,0,0,0
qwen,rel::3/note_10.jpg,rel::3/note_10.jpg::en::ru,en,ru,dependent,1,1,1,1,0,0,0,0,0
qwen,rel::3/note_10.jpg,rel::3/note_10.jpg::en::th,en,th,dependent,0,0,0,0,0,0,0,0,0
qwen,rel::3/note_10.jpg,rel::3/note_10.jpg::en::zh,en,zh,dependent,1,1,1,1,0,0,0,0,0
qwen,rel::3/note_10.jpg,rel::3/note_10.jpg::ru::en,ru,en,dependent,0,1,1,1,1,0,1,0,-1
qwen,rel::3/note_10.jpg,rel::3/note_10.jpg::ru::th,ru,th,dependent,0,0,0,0,0,0,0,0,0
qwen,rel::3/note_10.jpg,rel::3/note_10.jpg::ru::zh,ru,zh,dependent,1,1,1,1,0,0,0,0,0
qwen,rel::3/note_10.jpg,rel::3/note_10.jpg::th::en,th,en,dependent,1,1,1,1,0,0,0,0,0
qwen,rel::3/note_10.jpg,rel::3/note_10.jpg::th::ru,th,ru,dependent,0,1,0,1,1,1,0,0,0
qwen,rel::3/note_10.jpg,rel::3/note_10.jpg::th::zh,th,zh,dependent,1,1,0,1,0,1,-1,0,1
qwen,rel::3/note_10.jpg,rel::3/note_10.jpg::zh::en,zh,en,dependent,1,1,1,1,0,0,0,0,0
qwen,rel::3/note_10.jpg,rel::3/note_10.jpg::zh::ru,zh,ru,dependent,0,1,1,1,1,0,1,0,-1
qwen,rel::3/note_10.jpg,rel::3/note_10.jpg::zh::th,zh,th,dependent,0,1,0,0,1,0,0,-1,-1
qwen,rel::3/note_2.jpg,rel::3/note_2.jpg::en::ru,en,ru,independent,1,1,1,1,0,0,0,0,0
qwen,rel::3/note_2.jpg,rel::3/note_2.jpg::en::th,en,th,independent,1,1,1,1,0,0,0,0,0
qwen,rel::3/note_2.jpg,rel::3/note_2.jpg::ru::en,ru,en,independent,1,1,1,1,0,0,0,0,0
qwen,rel::3/note_2.jpg,rel::3/note_2.jpg::ru::th,ru,th,independent,1,1,1,1,0,0,0,0,0
qwen,rel::3/note_2.jpg,rel::3/note_2.jpg::th::en,th,en,independent,1,1,1,1,0,0,0,0,0
qwen,rel::3/note_2.jpg,rel::3/note_2.jpg::th::ru,th,ru,independent,1,1,1,1,0,0,0,0,0
qwen,rel::3/note_3.jpg,rel::3/note_3.jpg::en::ru,en,ru,independent,0,0,0,0,0,0,0,0,0
qwen,rel::3/note_3.jpg,rel::3/note_3.jpg::en::th,en,th,independent,0,0,0,0,0,0,0,0,0
qwen,rel::3/note_3.jpg,rel::3/note_3.jpg::en::zh,en,zh,independent,0,0,0,0,0,0,0,0,0
qwen,rel::3/note_3.jpg,rel::3/note_3.jpg::ru::en,ru,en,independent,0,0,0,0,0,0,0,0,0
qwen,rel::3/note_3.jpg,rel::3/note_3.jpg::ru::th,ru,th,independent,0,0,0,0,0,0,0,0,0
qwen,rel::3/note_3.jpg,rel::3/note_3.jpg::ru::zh,ru,zh,independent,0,0,0,0,0,0,0,0,0
qwen,rel::3/note_3.jpg,rel::3/note_3.jpg::th::en,th,en,independent,1,1,0,0,0,0,-1,-1,0
qwen,rel::3/note_3.jpg,rel::3/note_3.jpg::th::ru,th,ru,independent,1,1,0,0,0,0,-1,-1,0
qwen,rel::3/note_3.jpg,rel::3/note_3.jpg::th::zh,th,zh,independent,1,1,0,0,0,0,-1,-1,0
qwen,rel::3/note_3.jpg,rel::3/note_3.jpg::zh::en,zh,en,independent,0,0,0,0,0,0,0,0,0
qwen,rel::3/note_3.jpg,rel::3/note_3.jpg::zh::ru,zh,ru,independent,0,0,0,0,0,0,0,0,0
qwen,rel::3/note_3.jpg,rel::3/note_3.jpg::zh::th,zh,th,independent,0,0,0,0,0,0,0,0,0
qwen,rel::3/note_4.jpg,rel::3/note_4.jpg::en::ru,en,ru,dependent,0,0,0,0,0,0,0,0,0
qwen,rel::3/note_4.jpg,rel::3/note_4.jpg::en::th,en,th,dependent,0,0,0,0,0,0,0,0,0
qwen,rel::3/note_4.jpg,rel::3/note_4.jpg::en::zh,en,zh,dependent,0,0,0,0,0,0,0,0,0
qwen,rel::3/note_4.jpg,rel::3/note_4.jpg::ru::en,ru,en,dependent,0,0,0,0,0,0,0,0,0
qwen,rel::3/note_4.jpg,rel::3/note_4.jpg::ru::th,ru,th,dependent,0,0,0,0,0,0,0,0,0
qwen,rel::3/note_4.jpg,rel::3/note_4.jpg::ru::zh,ru,zh,dependent,0,0,0,0,0,0,0,0,0
qwen,rel::3/note_4.jpg,rel::3/note_4.jpg::th::en,th,en,dependent,0,0,0,0,0,0,0,0,0
qwen,rel::3/note_4.jpg,rel::3/note_4.jpg::th::ru,th,ru,dependent,0,0,0,0,0,0,0,0,0
qwen,rel::3/note_4.jpg,rel::3/note_4.jpg::th::zh,th,zh,dependent,0,0,0,0,0,0,0,0,0
qwen,rel::3/note_4.jpg,rel::3/note_4.jpg::zh::en,zh,en,dependent,0,0,0,0,0,0,0,0,0
qwen,rel::3/note_4.jpg,rel::3/note_4.jpg::zh::ru,zh,ru,dependent,0,0,0,0,0,0,0,0,0
qwen,rel::3/note_4.jpg,rel::3/note_4.jpg::zh::th,zh,th,dependent,0,0,0,0,0,0,0,0,0
qwen,rel::3/note_5.jpg,rel::3/note_5.jpg::en::ru,en,ru,dependent,1,1,1,1,0,0,0,0,0
qwen,rel::3/note_5.jpg,rel::3/note_5.jpg::en::th,en,th,dependent,0,1,1,1,1,0,1,0,-1
qwen,rel::3/note_5.jpg,rel::3/note_5.jpg::en::zh,en,zh,dependent,1,1,1,1,0,0,0,0,0
qwen,rel::3/note_5.jpg,rel::3/note_5.jpg::ru::en,ru,en,dependent,1,1,1,1,0,0,0,0,0
qwen,rel::3/note_5.jpg,rel::3/note_5.jpg::ru::th,ru,th,dependent,1,1,1,1,0,0,0,0,0
qwen,rel::3/note_5.jpg,rel::3/note_5.jpg::ru::zh,ru,zh,dependent,1,1,1,1,0,0,0,0,0
qwen,rel::3/note_5.jpg,rel::3/note_5.jpg::th::en,th,en,dependent,1,1,0,1,0,1,-1,0,1
qwen,rel::3/note_5.jpg,rel::3/note_5.jpg::th::ru,th,ru,dependent,1,1,1,1,0,0,0,0,0
qwen,rel::3/note_5.jpg,rel::3/note_5.jpg::th::zh,th,zh,dependent,1,1,1,1,0,0,0,0,0
qwen,rel::3/note_5.jpg,rel::3/note_5.jpg::zh::en,zh,en,dependent,1,1,0,1,0,1,-1,0,1
qwen,rel::3/note_5.jpg,rel::3/note_5.jpg::zh::ru,zh,ru,dependent,1,1,1,1,0,0,0,0,0
qwen,rel::3/note_5.jpg,rel::3/note_5.jpg::zh::th,zh,th,dependent,1,1,1,1,0,0,0,0,0
qwen,rel::3/note_6.jpg,rel::3/note_6.jpg::en::ru,en,ru,independent,1,1,1,1,0,0,0,0,0
qwen,rel::3/note_6.jpg,rel::3/note_6.jpg::en::th,en,th,independent,1,1,1,1,0,0,0,0,0
qwen,rel::3/note_6.jpg,rel::3/note_6.jpg::en::zh,en,zh,independent,1,1,1,1,0,0,0,0,0
qwen,rel::3/note_6.jpg,rel::3/note_6.jpg::ru::en,ru,en,independent,1,1,1,1,0,0,0,0,0
qwen,rel::3/note_6.jpg,rel::3/note_6.jpg::ru::th,ru,th,independent,1,1,1,1,0,0,0,0,0
qwen,rel::3/note_6.jpg,rel::3/note_6.jpg::ru::zh,ru,zh,independent,1,1,1,1,0,0,0,0,0
qwen,rel::3/note_6.jpg,rel::3/note_6.jpg::th::en,th,en,independent,1,1,1,1,0,0,0,0,0
qwen,rel::3/note_6.jpg,rel::3/note_6.jpg::th::ru,th,ru,independent,1,1,1,1,0,0,0,0,0
qwen,rel::3/note_6.jpg,rel::3/note_6.jpg::th::zh,th,zh,independent,1,1,1,1,0,0,0,0,0
qwen,rel::3/note_6.jpg,rel::3/note_6.jpg::zh::en,zh,en,independent,1,1,1,1,0,0,0,0,0
qwen,rel::3/note_6.jpg,rel::3/note_6.jpg::zh::ru,zh,ru,independent,1,1,1,1,0,0,0,0,0
qwen,rel::3/note_6.jpg,rel::3/note_6.jpg::zh::th,zh,th,independent,1,1,1,1,0,0,0,0,0
qwen,rel::3/note_7.jpg,rel::3/note_7.jpg::en::ru,en,ru,dependent,1,1,1,1,0,0,0,0,0
qwen,rel::3/note_7.jpg,rel::3/note_7.jpg::en::th,en,th,dependent,1,1,1,1,0,0,0,0,0
qwen,rel::3/note_7.jpg,rel::3/note_7.jpg::en::zh,en,zh,dependent,1,1,1,1,0,0,0,0,0
qwen,rel::3/note_7.jpg,rel::3/note_7.jpg::ru::en,ru,en,dependent,1,1,1,1,0,0,0,0,0
qwen,rel::3/note_7.jpg,rel::3/note_7.jpg::ru::th,ru,th,dependent,1,0,1,1,-1,0,0,1,1
qwen,rel::3/note_7.jpg,rel::3/note_7.jpg::ru::zh,ru,zh,dependent,0,1,1,1,1,0,1,0,-1
qwen,rel::3/note_7.jpg,rel::3/note_7.jpg::th::en,th,en,dependent,1,1,1,1,0,0,0,0,0
qwen,rel::3/note_7.jpg,rel::3/note_7.jpg::th::ru,th,ru,dependent,1,1,1,1,0,0,0,0,0
qwen,rel::3/note_7.jpg,rel::3/note_7.jpg::th::zh,th,zh,dependent,1,1,1,1,0,0,0,0,0
qwen,rel::3/note_7.jpg,rel::3/note_7.jpg::zh::en,zh,en,dependent,1,1,1,1,0,0,0,0,0
qwen,rel::3/note_7.jpg,rel::3/note_7.jpg::zh::ru,zh,ru,dependent,1,1,1,1,0,0,0,0,0
qwen,rel::3/note_7.jpg,rel::3/note_7.jpg::zh::th,zh,th,dependent,1,1,1,1,0,0,0,0,0
qwen,rel::3/note_8.jpg,rel::3/note_8.jpg::en::ru,en,ru,dependent,1,1,1,1,0,0,0,0,0
qwen,rel::3/note_8.jpg,rel::3/note_8.jpg::en::th,en,th,dependent,1,1,1,1,0,0,0,0,0
qwen,rel::3/note_8.jpg,rel::3/note_8.jpg::en::zh,en,zh,dependent,1,1,1,1,0,0,0,0,0
qwen,rel::3/note_8.jpg,rel::3/note_8.jpg::ru::en,ru,en,dependent,1,1,1,1,0,0,0,0,0
qwen,rel::3/note_8.jpg,rel::3/note_8.jpg::ru::th,ru,th,dependent,1,1,0,1,0,1,-1,0,1
qwen,rel::3/note_8.jpg,rel::3/note_8.jpg::ru::zh,ru,zh,dependent,1,1,1,1,0,0,0,0,0
qwen,rel::3/note_8.jpg,rel::3/note_8.jpg::th::en,th,en,dependent,1,1,1,1,0,0,0,0,0
qwen,rel::3/note_8.jpg,rel::3/note_8.jpg::th::ru,th,ru,dependent,1,1,1,1,0,0,0,0,0
qwen,rel::3/note_8.jpg,rel::3/note_8.jpg::th::zh,th,zh,dependent,1,1,1,1,0,0,0,0,0
qwen,rel::3/note_8.jpg,rel::3/note_8.jpg::zh::en,zh,en,dependent,1,1,1,1,0,0,0,0,0
qwen,rel::3/note_8.jpg,rel::3/note_8.jpg::zh::ru,zh,ru,dependent,1,1,1,1,0,0,0,0,0
qwen,rel::3/note_8.jpg,rel::3/note_8.jpg::zh::th,zh,th,dependent,1,1,1,1,0,0,0,0,0
qwen,rel::3/note_9.jpg,rel::3/note_9.jpg::en::ru,en,ru,dependent,1,0,0,1,-1,1,-1,1,2
qwen,rel::3/note_9.jpg,rel::3/note_9.jpg::en::th,en,th,dependent,0,1,0,0,1,0,0,-1,-1
qwen,rel::3/note_9.jpg,rel::3/note_9.jpg::en::zh,en,zh,dependent,1,1,0,1,0,1,-1,0,1
qwen,rel::3/note_9.jpg,rel::3/note_9.jpg::ru::en,ru,en,dependent,0,0,0,0,0,0,0,0,0
qwen,rel::3/note_9.jpg,rel::3/note_9.jpg::ru::th,ru,th,dependent,0,0,0,0,0,0,0,0,0
qwen,rel::3/note_9.jpg,rel::3/note_9.jpg::ru::zh,ru,zh,dependent,0,1,0,1,1,1,0,0,0
qwen,rel::3/note_9.jpg,rel::3/note_9.jpg::th::en,th,en,dependent,0,0,0,0,0,0,0,0,0
qwen,rel::3/note_9.jpg,rel::3/note_9.jpg::th::ru,th,ru,dependent,0,0,0,1,0,1,0,1,1
qwen,rel::3/note_9.jpg,rel::3/note_9.jpg::th::zh,th,zh,dependent,0,1,0,1,1,1,0,0,0
qwen,rel::3/note_9.jpg,rel::3/note_9.jpg::zh::en,zh,en,dependent,0,0,0,0,0,0,0,0,0
qwen,rel::3/note_9.jpg,rel::3/note_9.jpg::zh::ru,zh,ru,dependent,0,0,0,1,0,1,0,1,1
qwen,rel::3/note_9.jpg,rel::3/note_9.jpg::zh::th,zh,th,dependent,0,1,0,0,1,0,0,-1,-1
qwen,rel::3/settings_1.jpg,rel::3/settings_1.jpg::en::ru,en,ru,dependent,1,1,1,1,0,0,0,0,0
qwen,rel::3/settings_1.jpg,rel::3/settings_1.jpg::en::th,en,th,dependent,1,1,0,1,0,1,-1,0,1
qwen,rel::3/settings_1.jpg,rel::3/settings_1.jpg::en::zh,en,zh,dependent,1,1,1,1,0,0,0,0,0
qwen,rel::3/settings_1.jpg,rel::3/settings_1.jpg::ru::en,ru,en,dependent,1,1,1,1,0,0,0,0,0
qwen,rel::3/settings_1.jpg,rel::3/settings_1.jpg::ru::th,ru,th,dependent,1,1,0,1,0,1,-1,0,1
qwen,rel::3/settings_1.jpg,rel::3/settings_1.jpg::ru::zh,ru,zh,dependent,1,1,1,1,0,0,0,0,0
qwen,rel::3/settings_1.jpg,rel::3/settings_1.jpg::th::en,th,en,dependent,0,1,1,1,1,0,1,0,-1
qwen,rel::3/settings_1.jpg,rel::3/settings_1.jpg::th::ru,th,ru,dependent,1,1,1,1,0,0,0,0,0
qwen,rel::3/settings_1.jpg,rel::3/settings_1.jpg::th::zh,th,zh,dependent,0,1,1,1,1,0,1,0,-1
qwen,rel::3/settings_1.jpg,rel::3/settings_1.jpg::zh::en,zh,en,dependent,1,1,1,1,0,0,0,0,0
qwen,rel::3/settings_1.jpg,rel::3/settings_1.jpg::zh::ru,zh,ru,dependent,1,1,0,1,0,1,-1,0,1
qwen,rel::3/settings_1.jpg,rel::3/settings_1.jpg::zh::th,zh,th,dependent,1,1,1,1,0,0,0,0,0
qwen,rel::3/settings_10.jpg,rel::3/settings_10.jpg::en::ru,en,ru,dependent,1,1,1,1,0,0,0,0,0
qwen,rel::3/settings_10.jpg,rel::3/settings_10.jpg::en::th,en,th,dependent,1,1,1,1,0,0,0,0,0
qwen,rel::3/settings_10.jpg,rel::3/settings_10.jpg::en::zh,en,zh,dependent,1,1,1,1,0,0,0,0,0
qwen,rel::3/settings_10.jpg,rel::3/settings_10.jpg::ru::en,ru,en,dependent,1,1,1,1,0,0,0,0,0
qwen,rel::3/settings_10.jpg,rel::3/settings_10.jpg::ru::th,ru,th,dependent,1,1,1,1,0,0,0,0,0
qwen,rel::3/settings_10.jpg,rel::3/settings_10.jpg::ru::zh,ru,zh,dependent,1,1,1,1,0,0,0,0,0
qwen,rel::3/settings_10.jpg,rel::3/settings_10.jpg::th::en,th,en,dependent,1,1,1,1,0,0,0,0,0
qwen,rel::3/settings_10.jpg,rel::3/settings_10.jpg::th::ru,th,ru,dependent,1,1,1,1,0,0,0,0,0
qwen,rel::3/settings_10.jpg,rel::3/settings_10.jpg::th::zh,th,zh,dependent,1,1,1,1,0,0,0,0,0
qwen,rel::3/settings_10.jpg,rel::3/settings_10.jpg::zh::en,zh,en,dependent,1,1,1,1,0,0,0,0,0
qwen,rel::3/settings_10.jpg,rel::3/settings_10.jpg::zh::ru,zh,ru,dependent,1,1,1,1,0,0,0,0,0
qwen,rel::3/settings_10.jpg,rel::3/settings_10.jpg::zh::th,zh,th,dependent,1,1,1,1,0,0,0,0,0
qwen,rel::3/settings_2.jpg,rel::3/settings_2.jpg::en::ru,en,ru,dependent,1,1,1,1,0,0,0,0,0
qwen,rel::3/settings_2.jpg,rel::3/settings_2.jpg::en::th,en,th,dependent,0,1,0,1,1,1,0,0,0
qwen,rel::3/settings_2.jpg,rel::3/settings_2.jpg::en::zh,en,zh,dependent,1,1,1,1,0,0,0,0,0
qwen,rel::3/settings_2.jpg,rel::3/settings_2.jpg::ru::en,ru,en,dependent,1,1,1,1,0,0,0,0,0
qwen,rel::3/settings_2.jpg,rel::3/settings_2.jpg::ru::th,ru,th,dependent,0,0,0,1,0,1,0,1,1
qwen,rel::3/settings_2.jpg,rel::3/settings_2.jpg::ru::zh,ru,zh,dependent,0,1,1,1,1,0,1,0,-1
qwen,rel::3/settings_2.jpg,rel::3/settings_2.jpg::th::en,th,en,dependent,0,1,1,1,1,0,1,0,-1
qwen,rel::3/settings_2.jpg,rel::3/settings_2.jpg::th::ru,th,ru,dependent,0,1,1,1,1,0,1,0,-1
qwen,rel::3/settings_2.jpg,rel::3/settings_2.jpg::th::zh,th,zh,dependent,0,0,0,1,0,1,0,1,1
qwen,rel::3/settings_2.jpg,rel::3/settings_2.jpg::zh::en,zh,en,dependent,1,1,1,1,0,0,0,0,0
qwen,rel::3/settings_2.jpg,rel::3/settings_2.jpg::zh::ru,zh,ru,dependent,1,1,0,1,0,1,-1,0,1
qwen,rel::3/settings_2.jpg,rel::3/settings_2.jpg::zh::th,zh,th,dependent,0,1,0,1,1,1,0,0,0
qwen,rel::3/settings_3.jpg,rel::3/settings_3.jpg::en::ru,en,ru,dependent,0,0,0,0,0,0,0,0,0
qwen,rel::3/settings_3.jpg,rel::3/settings_3.jpg::en::th,en,th,dependent,1,0,1,0,-1,-1,0,0,0
qwen,rel::3/settings_3.jpg,rel::3/settings_3.jpg::en::zh,en,zh,dependent,1,1,0,1,0,1,-1,0,1
qwen,rel::3/settings_3.jpg,rel::3/settings_3.jpg::ru::en,ru,en,dependent,0,1,1,1,1,0,1,0,-1
qwen,rel::3/settings_3.jpg,rel::3/settings_3.jpg::ru::th,ru,th,dependent,1,0,0,0,-1,0,-1,0,1
qwen,rel::3/settings_3.jpg,rel::3/settings_3.jpg::ru::zh,ru,zh,dependent,1,1,1,1,0,0,0,0,0
qwen,rel::3/settings_3.jpg,rel::3/settings_3.jpg::th::en,th,en,dependent,1,1,1,1,0,0,0,0,0
qwen,rel::3/settings_3.jpg,rel::3/settings_3.jpg::th::ru,th,ru,dependent,1,1,0,0,0,0,-1,-1,0
qwen,rel::3/settings_3.jpg,rel::3/settings_3.jpg::th::zh,th,zh,dependent,1,1,1,1,0,0,0,0,0
qwen,rel::3/settings_3.jpg,rel::3/settings_3.jpg::zh::en,zh,en,dependent,0,1,1,1,1,0,1,0,-1
qwen,rel::3/settings_3.jpg,rel::3/settings_3.jpg::zh::ru,zh,ru,dependent,0,0,1,0,0,-1,1,0,-1
qwen,rel::3/settings_3.jpg,rel::3/settings_3.jpg::zh::th,zh,th,dependent,1,0,1,0,-1,-1,0,0,0
qwen,rel::3/settings_4.jpg,rel::3/settings_4.jpg::en::ru,en,ru,dependent,1,1,1,1,0,0,0,0,0
qwen,rel::3/settings_4.jpg,rel::3/settings_4.jpg::en::th,en,th,dependent,1,1,1,1,0,0,0,0,0
qwen,rel::3/settings_4.jpg,rel::3/settings_4.jpg::en::zh,en,zh,dependent,1,1,1,1,0,0,0,0,0
qwen,rel::3/settings_4.jpg,rel::3/settings_4.jpg::ru::en,ru,en,dependent,1,1,1,1,0,0,0,0,0
qwen,rel::3/settings_4.jpg,rel::3/settings_4.jpg::ru::th,ru,th,dependent,1,1,1,1,0,0,0,0,0
qwen,rel::3/settings_4.jpg,rel::3/settings_4.jpg::ru::zh,ru,zh,dependent,1,1,1,1,0,0,0,0,0
qwen,rel::3/settings_4.jpg,rel::3/settings_4.jpg::th::en,th,en,dependent,1,1,1,1,0,0,0,0,0
qwen,rel::3/settings_4.jpg,rel::3/settings_4.jpg::th::ru,th,ru,dependent,1,1,1,1,0,0,0,0,0
qwen,rel::3/settings_4.jpg,rel::3/settings_4.jpg::th::zh,th,zh,dependent,1,1,1,1,0,0,0,0,0
qwen,rel::3/settings_4.jpg,rel::3/settings_4.jpg::zh::en,zh,en,dependent,1,1,1,1,0,0,0,0,0
qwen,rel::3/settings_4.jpg,rel::3/settings_4.jpg::zh::ru,zh,ru,dependent,1,1,1,1,0,0,0,0,0
qwen,rel::3/settings_4.jpg,rel::3/settings_4.jpg::zh::th,zh,th,dependent,1,1,1,1,0,0,0,0,0
qwen,rel::3/settings_5.jpg,rel::3/settings_5.jpg::en::ru,en,ru,dependent,0,1,0,1,1,1,0,0,0
qwen,rel::3/settings_5.jpg,rel::3/settings_5.jpg::en::th,en,th,dependent,0,1,0,1,1,1,0,0,0
qwen,rel::3/settings_5.jpg,rel::3/settings_5.jpg::en::zh,en,zh,dependent,0,1,0,1,1,1,0,0,0
qwen,rel::3/settings_5.jpg,rel::3/settings_5.jpg::ru::en,ru,en,dependent,0,1,0,1,1,1,0,0,0
qwen,rel::3/settings_5.jpg,rel::3/settings_5.jpg::ru::th,ru,th,dependent,0,1,0,1,1,1,0,0,0
qwen,rel::3/settings_5.jpg,rel::3/settings_5.jpg::ru::zh,ru,zh,dependent,0,1,0,1,1,1,0,0,0
qwen,rel::3/settings_5.jpg,rel::3/settings_5.jpg::th::en,th,en,dependent,0,1,0,1,1,1,0,0,0
qwen,rel::3/settings_5.jpg,rel::3/settings_5.jpg::th::ru,th,ru,dependent,0,1,0,1,1,1,0,0,0
qwen,rel::3/settings_5.jpg,rel::3/settings_5.jpg::th::zh,th,zh,dependent,0,1,0,1,1,1,0,0,0
qwen,rel::3/settings_5.jpg,rel::3/settings_5.jpg::zh::en,zh,en,dependent,0,1,0,1,1,1,0,0,0
qwen,rel::3/settings_5.jpg,rel::3/settings_5.jpg::zh::ru,zh,ru,dependent,0,1,0,1,1,1,0,0,0
qwen,rel::3/settings_5.jpg,rel::3/settings_5.jpg::zh::th,zh,th,dependent,0,0,0,1,0,1,0,1,1
qwen,rel::3/settings_6.jpg,rel::3/settings_6.jpg::en::ru,en,ru,dependent,0,1,0,0,1,0,0,-1,-1
qwen,rel::3/settings_6.jpg,rel::3/settings_6.jpg::en::th,en,th,dependent,0,0,0,0,0,0,0,0,0
qwen,rel::3/settings_6.jpg,rel::3/settings_6.jpg::ru::en,ru,en,dependent,0,0,0,0,0,0,0,0,0
qwen,rel::3/settings_6.jpg,rel::3/settings_6.jpg::ru::th,ru,th,dependent,0,0,0,0,0,0,0,0,0
qwen,rel::3/settings_6.jpg,rel::3/settings_6.jpg::th::en,th,en,dependent,0,1,0,0,1,0,0,-1,-1
qwen,rel::3/settings_6.jpg,rel::3/settings_6.jpg::th::ru,th,ru,dependent,0,0,0,0,0,0,0,0,0
qwen,rel::3/settings_7.jpg,rel::3/settings_7.jpg::en::ru,en,ru,dependent,0,1,0,1,1,1,0,0,0
qwen,rel::3/settings_7.jpg,rel::3/settings_7.jpg::en::th,en,th,dependent,0,1,0,1,1,1,0,0,0
qwen,rel::3/settings_7.jpg,rel::3/settings_7.jpg::en::zh,en,zh,dependent,1,1,0,1,0,1,-1,0,1
qwen,rel::3/settings_7.jpg,rel::3/settings_7.jpg::ru::en,ru,en,dependent,1,1,1,1,0,0,0,0,0
qwen,rel::3/settings_7.jpg,rel::3/settings_7.jpg::ru::th,ru,th,dependent,1,1,0,1,0,1,-1,0,1
qwen,rel::3/settings_7.jpg,rel::3/settings_7.jpg::ru::zh,ru,zh,dependent,0,1,0,1,1,1,0,0,0
qwen,rel::3/settings_7.jpg,rel::3/settings_7.jpg::th::en,th,en,dependent,0,1,0,1,1,1,0,0,0
qwen,rel::3/settings_7.jpg,rel::3/settings_7.jpg::th::ru,th,ru,dependent,0,1,1,1,1,0,1,0,-1
qwen,rel::3/settings_7.jpg,rel::3/settings_7.jpg::th::zh,th,zh,dependent,0,1,0,1,1,1,0,0,0
qwen,rel::3/settings_7.jpg,rel::3/settings_7.jpg::zh::en,zh,en,dependent,0,1,1,1,1,0,1,0,-1
qwen,rel::3/settings_7.jpg,rel::3/settings_7.jpg::zh::ru,zh,ru,dependent,0,1,0,1,1,1,0,0,0
qwen,rel::3/settings_7.jpg,rel::3/settings_7.jpg::zh::th,zh,th,dependent,0,1,0,1,1,1,0,0,0
qwen,rel::3/settings_8.jpg,rel::3/settings_8.jpg::en::ru,en,ru,dependent,0,1,0,1,1,1,0,0,0
qwen,rel::3/settings_8.jpg,rel::3/settings_8.jpg::en::th,en,th,dependent,0,1,0,0,1,0,0,-1,-1
qwen,rel::3/settings_8.jpg,rel::3/settings_8.jpg::en::zh,en,zh,dependent,0,1,1,1,1,0,1,0,-1
qwen,rel::3/settings_8.jpg,rel::3/settings_8.jpg::ru::en,ru,en,dependent,0,0,0,0,0,0,0,0,0
qwen,rel::3/settings_8.jpg,rel::3/settings_8.jpg::ru::th,ru,th,dependent,0,1,0,0,1,0,0,-1,-1
qwen,rel::3/settings_8.jpg,rel::3/settings_8.jpg::ru::zh,ru,zh,dependent,0,0,1,1,0,0,1,1,0
qwen,rel::3/settings_8.jpg,rel::3/settings_8.jpg::th::en,th,en,dependent,0,0,0,0,0,0,0,0,0
qwen,rel::3/settings_8.jpg,rel::3/settings_8.jpg::th::ru,th,ru,dependent,0,0,0,1,0,1,0,1,1
qwen,rel::3/settings_8.jpg,rel::3/settings_8.jpg::th::zh,th,zh,dependent,0,0,1,1,0,0,1,1,0
qwen,rel::3/settings_8.jpg,rel::3/settings_8.jpg::zh::en,zh,en,dependent,0,0,0,0,0,0,0,0,0
qwen,rel::3/settings_8.jpg,rel::3/settings_8.jpg::zh::ru,zh,ru,dependent,1,1,0,1,0,1,-1,0,1
qwen,rel::3/settings_8.jpg,rel::3/settings_8.jpg::zh::th,zh,th,dependent,1,0,0,0,-1,0,-1,0,1
qwen,rel::3/settings_9.jpg,rel::3/settings_9.jpg::en::ru,en,ru,dependent,1,1,1,1,0,0,0,0,0
qwen,rel::3/settings_9.jpg,rel::3/settings_9.jpg::en::th,en,th,dependent,1,1,0,1,0,1,-1,0,1
qwen,rel::3/settings_9.jpg,rel::3/settings_9.jpg::en::zh,en,zh,dependent,1,1,1,1,0,0,0,0,0
qwen,rel::3/settings_9.jpg,rel::3/settings_9.jpg::ru::en,ru,en,dependent,1,1,1,1,0,0,0,0,0
qwen,rel::3/settings_9.jpg,rel::3/settings_9.jpg::ru::th,ru,th,dependent,0,1,0,1,1,1,0,0,0
qwen,rel::3/settings_9.jpg,rel::3/settings_9.jpg::ru::zh,ru,zh,dependent,0,1,0,1,1,1,0,0,0
qwen,rel::3/settings_9.jpg,rel::3/settings_9.jpg::th::en,th,en,dependent,1,1,1,1,0,0,0,0,0
qwen,rel::3/settings_9.jpg,rel::3/settings_9.jpg::th::ru,th,ru,dependent,0,1,1,1,1,0,1,0,-1
qwen,rel::3/settings_9.jpg,rel::3/settings_9.jpg::th::zh,th,zh,dependent,0,1,0,1,1,1,0,0,0
qwen,rel::3/settings_9.jpg,rel::3/settings_9.jpg::zh::en,zh,en,dependent,1,1,0,1,0,1,-1,0,1
qwen,rel::3/settings_9.jpg,rel::3/settings_9.jpg::zh::ru,zh,ru,dependent,1,1,1,1,0,0,0,0,0
qwen,rel::3/settings_9.jpg,rel::3/settings_9.jpg::zh::th,zh,th,dependent,0,1,0,1,1,1,0,0,0
qwen,rel::4/Gmail_4.jpg,rel::4/Gmail_4.jpg::en::ru,en,ru,dependent,1,1,1,1,0,0,0,0,0
qwen,rel::4/Gmail_4.jpg,rel::4/Gmail_4.jpg::en::th,en,th,dependent,0,1,0,1,1,1,0,0,0
qwen,rel::4/Gmail_4.jpg,rel::4/Gmail_4.jpg::en::zh,en,zh,dependent,1,1,1,1,0,0,0,0,0
qwen,rel::4/Gmail_4.jpg,rel::4/Gmail_4.jpg::ru::en,ru,en,dependent,1,1,1,1,0,0,0,0,0
qwen,rel::4/Gmail_4.jpg,rel::4/Gmail_4.jpg::ru::th,ru,th,dependent,0,1,0,1,1,1,0,0,0
qwen,rel::4/Gmail_4.jpg,rel::4/Gmail_4.jpg::ru::zh,ru,zh,dependent,1,1,1,1,0,0,0,0,0
qwen,rel::4/Gmail_4.jpg,rel::4/Gmail_4.jpg::th::en,th,en,dependent,1,1,1,1,0,0,0,0,0
qwen,rel::4/Gmail_4.jpg,rel::4/Gmail_4.jpg::th::ru,th,ru,dependent,1,1,1,1,0,0,0,0,0
qwen,rel::4/Gmail_4.jpg,rel::4/Gmail_4.jpg::th::zh,th,zh,dependent,1,1,1,1,0,0,0,0,0
qwen,rel::4/Gmail_4.jpg,rel::4/Gmail_4.jpg::zh::en,zh,en,dependent,1,1,1,1,0,0,0,0,0
qwen,rel::4/Gmail_4.jpg,rel::4/Gmail_4.jpg::zh::ru,zh,ru,dependent,1,1,1,1,0,0,0,0,0
qwen,rel::4/Gmail_4.jpg,rel::4/Gmail_4.jpg::zh::th,zh,th,dependent,0,1,0,1,1,1,0,0,0
qwen,rel::4/Gmail_5.jpg,rel::4/Gmail_5.jpg::en::ru,en,ru,dependent,0,0,0,0,0,0,0,0,0
qwen,rel::4/Gmail_5.jpg,rel::4/Gmail_5.jpg::en::th,en,th,dependent,0,0,0,0,0,0,0,0,0
qwen,rel::4/Gmail_5.jpg,rel::4/Gmail_5.jpg::en::zh,en,zh,dependent,0,0,0,0,0,0,0,0,0
qwen,rel::4/Gmail_5.jpg,rel::4/Gmail_5.jpg::ru::en,ru,en,dependent,0,0,0,0,0,0,0,0,0
qwen,rel::4/Gmail_5.jpg,rel::4/Gmail_5.jpg::ru::th,ru,th,dependent,0,0,0,0,0,0,0,0,0
qwen,rel::4/Gmail_5.jpg,rel::4/Gmail_5.jpg::ru::zh,ru,zh,dependent,0,0,0,0,0,0,0,0,0
qwen,rel::4/Gmail_5.jpg,rel::4/Gmail_5.jpg::th::en,th,en,dependent,0,0,0,0,0,0,0,0,0
qwen,rel::4/Gmail_5.jpg,rel::4/Gmail_5.jpg::th::ru,th,ru,dependent,0,0,0,0,0,0,0,0,0
qwen,rel::4/Gmail_5.jpg,rel::4/Gmail_5.jpg::th::zh,th,zh,dependent,0,0,0,0,0,0,0,0,0
qwen,rel::4/Gmail_5.jpg,rel::4/Gmail_5.jpg::zh::en,zh,en,dependent,0,0,0,0,0,0,0,0,0
qwen,rel::4/Gmail_5.jpg,rel::4/Gmail_5.jpg::zh::ru,zh,ru,dependent,0,0,0,0,0,0,0,0,0
qwen,rel::4/Gmail_5.jpg,rel::4/Gmail_5.jpg::zh::th,zh,th,dependent,0,0,0,0,0,0,0,0,0
qwen,rel::4/Gmail_6.jpg,rel::4/Gmail_6.jpg::en::ru,en,ru,dependent,1,1,1,1,0,0,0,0,0
qwen,rel::4/Gmail_6.jpg,rel::4/Gmail_6.jpg::en::th,en,th,dependent,0,1,0,0,1,0,0,-1,-1
qwen,rel::4/Gmail_6.jpg,rel::4/Gmail_6.jpg::en::zh,en,zh,dependent,1,1,1,1,0,0,0,0,0
qwen,rel::4/Gmail_6.jpg,rel::4/Gmail_6.jpg::ru::en,ru,en,dependent,1,1,1,1,0,0,0,0,0
qwen,rel::4/Gmail_6.jpg,rel::4/Gmail_6.jpg::ru::th,ru,th,dependent,0,1,0,0,1,0,0,-1,-1
qwen,rel::4/Gmail_6.jpg,rel::4/Gmail_6.jpg::ru::zh,ru,zh,dependent,0,1,0,1,1,1,0,0,0
qwen,rel::4/Gmail_6.jpg,rel::4/Gmail_6.jpg::th::en,th,en,dependent,1,1,1,1,0,0,0,0,0
qwen,rel::4/Gmail_6.jpg,rel::4/Gmail_6.jpg::th::ru,th,ru,dependent,0,0,1,1,0,0,1,1,0
qwen,rel::4/Gmail_6.jpg,rel::4/Gmail_6.jpg::th::zh,th,zh,dependent,1,0,1,1,-1,0,0,1,1
qwen,rel::4/Gmail_6.jpg,rel::4/Gmail_6.jpg::zh::en,zh,en,dependent,1,1,1,1,0,0,0,0,0
qwen,rel::4/Gmail_6.jpg,rel::4/Gmail_6.jpg::zh::ru,zh,ru,dependent,1,1,1,1,0,0,0,0,0
qwen,rel::4/Gmail_6.jpg,rel::4/Gmail_6.jpg::zh::th,zh,th,dependent,0,1,0,0,1,0,0,-1,-1
qwen,rel::4/Gmail_8.jpg,rel::4/Gmail_8.jpg::en::ru,en,ru,dependent,1,1,1,1,0,0,0,0,0
qwen,rel::4/Gmail_8.jpg,rel::4/Gmail_8.jpg::en::th,en,th,dependent,1,1,0,1,0,1,-1,0,1
qwen,rel::4/Gmail_8.jpg,rel::4/Gmail_8.jpg::en::zh,en,zh,dependent,1,1,0,0,0,0,-1,-1,0
qwen,rel::4/Gmail_8.jpg,rel::4/Gmail_8.jpg::ru::en,ru,en,dependent,1,1,1,1,0,0,0,0,0
qwen,rel::4/Gmail_8.jpg,rel::4/Gmail_8.jpg::ru::th,ru,th,dependent,1,1,0,1,0,1,-1,0,1
qwen,rel::4/Gmail_8.jpg,rel::4/Gmail_8.jpg::ru::zh,ru,zh,dependent,1,1,0,0,0,0,-1,-1,0
qwen,rel::4/Gmail_8.jpg,rel::4/Gmail_8.jpg::th::en,th,en,dependent,0,1,0,1,1,1,0,0,0
qwen,rel::4/Gmail_8.jpg,rel::4/Gmail_8.jpg::th::ru,th,ru,dependent,0,1,0,1,1,1,0,0,0
qwen,rel::4/Gmail_8.jpg,rel::4/Gmail_8.jpg::th::zh,th,zh,dependent,0,1,0,0,1,0,0,-1,-1
qwen,rel::4/Gmail_8.jpg,rel::4/Gmail_8.jpg::zh::en,zh,en,dependent,0,1,1,1,1,0,1,0,-1
qwen,rel::4/Gmail_8.jpg,rel::4/Gmail_8.jpg::zh::ru,zh,ru,dependent,0,1,1,1,1,0,1,0,-1
qwen,rel::4/Gmail_8.jpg,rel::4/Gmail_8.jpg::zh::th,zh,th,dependent,0,0,0,1,0,1,0,1,1
qwen,rel::4/Gmail_9.jpg,rel::4/Gmail_9.jpg::en::ru,en,ru,dependent,1,1,1,1,0,0,0,0,0
qwen,rel::4/Gmail_9.jpg,rel::4/Gmail_9.jpg::en::th,en,th,dependent,1,1,0,0,0,0,-1,-1,0
qwen,rel::4/Gmail_9.jpg,rel::4/Gmail_9.jpg::en::zh,en,zh,dependent,1,1,1,1,0,0,0,0,0
qwen,rel::4/Gmail_9.jpg,rel::4/Gmail_9.jpg::ru::en,ru,en,dependent,1,1,1,1,0,0,0,0,0
qwen,rel::4/Gmail_9.jpg,rel::4/Gmail_9.jpg::ru::th,ru,th,dependent,1,1,0,0,0,0,-1,-1,0
qwen,rel::4/Gmail_9.jpg,rel::4/Gmail_9.jpg::ru::zh,ru,zh,dependent,1,1,1,1,0,0,0,0,0
qwen,rel::4/Gmail_9.jpg,rel::4/Gmail_9.jpg::th::en,th,en,dependent,0,0,0,1,0,1,0,1,1
qwen,rel::4/Gmail_9.jpg,rel::4/Gmail_9.jpg::th::ru,th,ru,dependent,0,0,0,1,0,1,0,1,1
qwen,rel::4/Gmail_9.jpg,rel::4/Gmail_9.jpg::th::zh,th,zh,dependent,0,1,1,1,1,0,1,0,-1
qwen,rel::4/Gmail_9.jpg,rel::4/Gmail_9.jpg::zh::en,zh,en,dependent,1,1,1,1,0,0,0,0,0
qwen,rel::4/Gmail_9.jpg,rel::4/Gmail_9.jpg::zh::ru,zh,ru,dependent,1,1,1,1,0,0,0,0,0
qwen,rel::4/Gmail_9.jpg,rel::4/Gmail_9.jpg::zh::th,zh,th,dependent,1,1,0,0,0,0,-1,-1,0
qwen,rel::4/Youtube_1.jpg,rel::4/Youtube_1.jpg::en::ru,en,ru,dependent,1,1,1,1,0,0,0,0,0
qwen,rel::4/Youtube_1.jpg,rel::4/Youtube_1.jpg::en::zh,en,zh,dependent,1,1,1,1,0,0,0,0,0
qwen,rel::4/Youtube_1.jpg,rel::4/Youtube_1.jpg::ru::en,ru,en,dependent,1,1,1,1,0,0,0,0,0
qwen,rel::4/Youtube_1.jpg,rel::4/Youtube_1.jpg::ru::zh,ru,zh,dependent,1,1,1,1,0,0,0,0,0
qwen,rel::4/Youtube_1.jpg,rel::4/Youtube_1.jpg::zh::en,zh,en,dependent,1,1,1,1,0,0,0,0,0
qwen,rel::4/Youtube_1.jpg,rel::4/Youtube_1.jpg::zh::ru,zh,ru,dependent,1,1,1,1,0,0,0,0,0
qwen,rel::4/Youtube_2.jpg,rel::4/Youtube_2.jpg::en::ru,en,ru,dependent,1,1,1,1,0,0,0,0,0
qwen,rel::4/Youtube_2.jpg,rel::4/Youtube_2.jpg::en::th,en,th,dependent,1,1,1,1,0,0,0,0,0
qwen,rel::4/Youtube_2.jpg,rel::4/Youtube_2.jpg::en::zh,en,zh,dependent,1,1,1,1,0,0,0,0,0
qwen,rel::4/Youtube_2.jpg,rel::4/Youtube_2.jpg::ru::en,ru,en,dependent,1,1,1,1,0,0,0,0,0
qwen,rel::4/Youtube_2.jpg,rel::4/Youtube_2.jpg::ru::th,ru,th,dependent,1,1,1,1,0,0,0,0,0
qwen,rel::4/Youtube_2.jpg,rel::4/Youtube_2.jpg::ru::zh,ru,zh,dependent,1,1,1,1,0,0,0,0,0
qwen,rel::4/Youtube_2.jpg,rel::4/Youtube_2.jpg::th::en,th,en,dependent,1,1,1,1,0,0,0,0,0
qwen,rel::4/Youtube_2.jpg,rel::4/Youtube_2.jpg::th::ru,th,ru,dependent,1,1,1,1,0,0,0,0,0
qwen,rel::4/Youtube_2.jpg,rel::4/Youtube_2.jpg::th::zh,th,zh,dependent,1,1,1,1,0,0,0,0,0
qwen,rel::4/Youtube_2.jpg,rel::4/Youtube_2.jpg::zh::en,zh,en,dependent,1,1,1,1,0,0,0,0,0
qwen,rel::4/Youtube_2.jpg,rel::4/Youtube_2.jpg::zh::ru,zh,ru,dependent,1,1,1,1,0,0,0,0,0
qwen,rel::4/Youtube_2.jpg,rel::4/Youtube_2.jpg::zh::th,zh,th,dependent,1,1,1,1,0,0,0,0,0
qwen,rel::4/Youtube_3.jpg,rel::4/Youtube_3.jpg::en::ru,en,ru,independent,0,0,0,0,0,0,0,0,0
qwen,rel::4/Youtube_3.jpg,rel::4/Youtube_3.jpg::en::th,en,th,independent,0,0,0,0,0,0,0,0,0
qwen,rel::4/Youtube_3.jpg,rel::4/Youtube_3.jpg::en::zh,en,zh,independent,0,0,1,1,0,0,1,1,0
qwen,rel::4/Youtube_3.jpg,rel::4/Youtube_3.jpg::ru::en,ru,en,independent,0,0,0,1,0,1,0,1,1
qwen,rel::4/Youtube_3.jpg,rel::4/Youtube_3.jpg::ru::th,ru,th,independent,0,0,0,0,0,0,0,0,0
qwen,rel::4/Youtube_3.jpg,rel::4/Youtube_3.jpg::ru::zh,ru,zh,independent,0,0,1,1,0,0,1,1,0
qwen,rel::4/Youtube_3.jpg,rel::4/Youtube_3.jpg::th::en,th,en,independent,0,0,0,1,0,1,0,1,1
qwen,rel::4/Youtube_3.jpg,rel::4/Youtube_3.jpg::th::ru,th,ru,independent,0,0,0,0,0,0,0,0,0
qwen,rel::4/Youtube_3.jpg,rel::4/Youtube_3.jpg::th::zh,th,zh,independent,0,0,0,1,0,1,0,1,1
qwen,rel::4/Youtube_3.jpg,rel::4/Youtube_3.jpg::zh::en,zh,en,independent,1,1,1,1,0,0,0,0,0
qwen,rel::4/Youtube_3.jpg,rel::4/Youtube_3.jpg::zh::ru,zh,ru,independent,1,1,0,0,0,0,-1,-1,0
qwen,rel::4/Youtube_3.jpg,rel::4/Youtube_3.jpg::zh::th,zh,th,independent,0,1,0,0,1,0,0,-1,-1
qwen,rel::4/Youtube_4.jpg,rel::4/Youtube_4.jpg::en::ru,en,ru,dependent,1,1,1,1,0,0,0,0,0
qwen,rel::4/Youtube_4.jpg,rel::4/Youtube_4.jpg::en::th,en,th,dependent,0,0,0,0,0,0,0,0,0
qwen,rel::4/Youtube_4.jpg,rel::4/Youtube_4.jpg::en::zh,en,zh,dependent,1,1,1,1,0,0,0,0,0
qwen,rel::4/Youtube_4.jpg,rel::4/Youtube_4.jpg::ru::en,ru,en,dependent,1,1,1,1,0,0,0,0,0
qwen,rel::4/Youtube_4.jpg,rel::4/Youtube_4.jpg::ru::th,ru,th,dependent,0,0,0,0,0,0,0,0,0
qwen,rel::4/Youtube_4.jpg,rel::4/Youtube_4.jpg::ru::zh,ru,zh,dependent,1,1,1,1,0,0,0,0,0
qwen,rel::4/Youtube_4.jpg,rel::4/Youtube_4.jpg::th::en,th,en,dependent,0,1,1,1,1,0,1,0,-1
qwen,rel::4/Youtube_4.jpg,rel::4/Youtube_4.jpg::th::ru,th,ru,dependent,0,1,1,1,1,0,1,0,-1
qwen,rel::4/Youtube_4.jpg,rel::4/Youtube_4.jpg::th::zh,th,zh,dependent,0,1,0,1,1,1,0,0,0
qwen,rel::4/Youtube_4.jpg,rel::4/Youtube_4.jpg::zh::en,zh,en,dependent,1,1,1,1,0,0,0,0,0
qwen,rel::4/Youtube_4.jpg,rel::4/Youtube_4.jpg::zh::ru,zh,ru,dependent,1,1,1,1,0,0,0,0,0
qwen,rel::4/Youtube_4.jpg,rel::4/Youtube_4.jpg::zh::th,zh,th,dependent,0,0,0,0,0,0,0,0,0
qwen,rel::4/Youtube_5.jpg,rel::4/Youtube_5.jpg::en::ru,en,ru,dependent,1,1,1,1,0,0,0,0,0
qwen,rel::4/Youtube_5.jpg,rel::4/Youtube_5.jpg::en::th,en,th,dependent,0,0,0,0,0,0,0,0,0
qwen,rel::4/Youtube_5.jpg,rel::4/Youtube_5.jpg::en::zh,en,zh,dependent,1,1,1,1,0,0,0,0,0
qwen,rel::4/Youtube_5.jpg,rel::4/Youtube_5.jpg::ru::en,ru,en,dependent,0,1,0,1,1,1,0,0,0
qwen,rel::4/Youtube_5.jpg,rel::4/Youtube_5.jpg::ru::th,ru,th,dependent,1,0,0,0,-1,0,-1,0,1
qwen,rel::4/Youtube_5.jpg,rel::4/Youtube_5.jpg::ru::zh,ru,zh,dependent,1,0,1,1,-1,0,0,1,1
qwen,rel::4/Youtube_5.jpg,rel::4/Youtube_5.jpg::th::en,th,en,dependent,0,1,1,1,1,0,1,0,-1
qwen,rel::4/Youtube_5.jpg,rel::4/Youtube_5.jpg::th::ru,th,ru,dependent,0,1,0,1,1,1,0,0,0
qwen,rel::4/Youtube_5.jpg,rel::4/Youtube_5.jpg::th::zh,th,zh,dependent,0,0,1,1,0,0,1,1,0
qwen,rel::4/Youtube_5.jpg,rel::4/Youtube_5.jpg::zh::en,zh,en,dependent,1,1,1,1,0,0,0,0,0
qwen,rel::4/Youtube_5.jpg,rel::4/Youtube_5.jpg::zh::ru,zh,ru,dependent,1,1,0,1,0,1,-1,0,1
qwen,rel::4/Youtube_5.jpg,rel::4/Youtube_5.jpg::zh::th,zh,th,dependent,0,1,1,0,1,-1,1,-1,-2
qwen,rel::4/Youtube_7.jpg,rel::4/Youtube_7.jpg::en::ru,en,ru,dependent,1,1,1,1,0,0,0,0,0
qwen,rel::4/Youtube_7.jpg,rel::4/Youtube_7.jpg::en::th,en,th,dependent,1,1,1,1,0,0,0,0,0
qwen,rel::4/Youtube_7.jpg,rel::4/Youtube_7.jpg::en::zh,en,zh,dependent,1,1,1,1,0,0,0,0,0
qwen,rel::4/Youtube_7.jpg,rel::4/Youtube_7.jpg::ru::en,ru,en,dependent,1,1,1,1,0,0,0,0,0
qwen,rel::4/Youtube_7.jpg,rel::4/Youtube_7.jpg::ru::th,ru,th,dependent,1,1,1,1,0,0,0,0,0
qwen,rel::4/Youtube_7.jpg,rel::4/Youtube_7.jpg::ru::zh,ru,zh,dependent,1,1,1,1,0,0,0,0,0
qwen,rel::4/Youtube_7.jpg,rel::4/Youtube_7.jpg::th::en,th,en,dependent,1,1,1,1,0,0,0,0,0
qwen,rel::4/Youtube_7.jpg,rel::4/Youtube_7.jpg::th::ru,th,ru,dependent,1,1,1,1,0,0,0,0,0
qwen,rel::4/Youtube_7.jpg,rel::4/Youtube_7.jpg::th::zh,th,zh,dependent,1,1,1,1,0,0,0,0,0
qwen,rel::4/Youtube_7.jpg,rel::4/Youtube_7.jpg::zh::en,zh,en,dependent,1,1,1,1,0,0,0,0,0
qwen,rel::4/Youtube_7.jpg,rel::4/Youtube_7.jpg::zh::ru,zh,ru,dependent,1,1,1,1,0,0,0,0,0
qwen,rel::4/Youtube_7.jpg,rel::4/Youtube_7.jpg::zh::th,zh,th,dependent,1,1,1,1,0,0,0,0,0
qwen,rel::4/Youtube_8.jpg,rel::4/Youtube_8.jpg::en::ru,en,ru,dependent,1,1,1,1,0,0,0,0,0
qwen,rel::4/Youtube_8.jpg,rel::4/Youtube_8.jpg::en::th,en,th,dependent,1,1,0,1,0,1,-1,0,1
qwen,rel::4/Youtube_8.jpg,rel::4/Youtube_8.jpg::en::zh,en,zh,dependent,1,1,1,1,0,0,0,0,0
qwen,rel::4/Youtube_8.jpg,rel::4/Youtube_8.jpg::ru::en,ru,en,dependent,1,1,1,1,0,0,0,0,0
qwen,rel::4/Youtube_8.jpg,rel::4/Youtube_8.jpg::ru::th,ru,th,dependent,1,1,0,1,0,1,-1,0,1
qwen,rel::4/Youtube_8.jpg,rel::4/Youtube_8.jpg::ru::zh,ru,zh,dependent,1,1,1,1,0,0,0,0,0
qwen,rel::4/Youtube_8.jpg,rel::4/Youtube_8.jpg::th::en,th,en,dependent,1,1,1,1,0,0,0,0,0
qwen,rel::4/Youtube_8.jpg,rel::4/Youtube_8.jpg::th::ru,th,ru,dependent,1,0,1,1,-1,0,0,1,1
qwen,rel::4/Youtube_8.jpg,rel::4/Youtube_8.jpg::th::zh,th,zh,dependent,1,1,1,1,0,0,0,0,0
qwen,rel::4/Youtube_8.jpg,rel::4/Youtube_8.jpg::zh::en,zh,en,dependent,1,1,1,1,0,0,0,0,0
qwen,rel::4/Youtube_8.jpg,rel::4/Youtube_8.jpg::zh::ru,zh,ru,dependent,1,1,1,1,0,0,0,0,0
qwen,rel::4/Youtube_8.jpg,rel::4/Youtube_8.jpg::zh::th,zh,th,dependent,0,0,0,1,0,1,0,1,1
qwen,rel::4/Youtube_9.jpg,rel::4/Youtube_9.jpg::en::ru,en,ru,dependent,1,1,1,1,0,0,0,0,0
qwen,rel::4/Youtube_9.jpg,rel::4/Youtube_9.jpg::en::th,en,th,dependent,1,1,1,1,0,0,0,0,0
qwen,rel::4/Youtube_9.jpg,rel::4/Youtube_9.jpg::en::zh,en,zh,dependent,1,1,1,1,0,0,0,0,0
qwen,rel::4/Youtube_9.jpg,rel::4/Youtube_9.jpg::ru::en,ru,en,dependent,1,1,1,1,0,0,0,0,0
qwen,rel::4/Youtube_9.jpg,rel::4/Youtube_9.jpg::ru::th,ru,th,dependent,0,1,0,1,1,1,0,0,0
qwen,rel::4/Youtube_9.jpg,rel::4/Youtube_9.jpg::ru::zh,ru,zh,dependent,1,1,1,1,0,0,0,0,0
qwen,rel::4/Youtube_9.jpg,rel::4/Youtube_9.jpg::th::en,th,en,dependent,1,1,0,1,0,1,-1,0,1
qwen,rel::4/Youtube_9.jpg,rel::4/Youtube_9.jpg::th::ru,th,ru,dependent,0,1,0,1,1,1,0,0,0
qwen,rel::4/Youtube_9.jpg,rel::4/Youtube_9.jpg::th::zh,th,zh,dependent,1,1,1,1,0,0,0,0,0
qwen,rel::4/Youtube_9.jpg,rel::4/Youtube_9.jpg::zh::en,zh,en,dependent,1,1,1,1,0,0,0,0,0
qwen,rel::4/Youtube_9.jpg,rel::4/Youtube_9.jpg::zh::ru,zh,ru,dependent,1,1,1,1,0,0,0,0,0
qwen,rel::4/Youtube_9.jpg,rel::4/Youtube_9.jpg::zh::th,zh,th,dependent,0,0,1,1,0,0,1,1,0
qwen,rel::4/google_play_10.jpg,rel::4/google_play_10.jpg::en::ru,en,ru,dependent,1,0,1,1,-1,0,0,1,1
qwen,rel::4/google_play_10.jpg,rel::4/google_play_10.jpg::en::th,en,th,dependent,1,1,0,0,0,0,-1,-1,0
qwen,rel::4/google_play_10.jpg,rel::4/google_play_10.jpg::en::zh,en,zh,dependent,1,1,1,1,0,0,0,0,0
qwen,rel::4/google_play_10.jpg,rel::4/google_play_10.jpg::ru::en,ru,en,dependent,0,1,0,1,1,1,0,0,0
qwen,rel::4/google_play_10.jpg,rel::4/google_play_10.jpg::ru::th,ru,th,dependent,1,1,1,0,0,-1,0,-1,-1
qwen,rel::4/google_play_10.jpg,rel::4/google_play_10.jpg::ru::zh,ru,zh,dependent,1,1,1,1,0,0,0,0,0
qwen,rel::4/google_play_10.jpg,rel::4/google_play_10.jpg::th::en,th,en,dependent,0,0,0,1,0,1,0,1,1
qwen,rel::4/google_play_10.jpg,rel::4/google_play_10.jpg::th::ru,th,ru,dependent,0,0,0,1,0,1,0,1,1
qwen,rel::4/google_play_10.jpg,rel::4/google_play_10.jpg::th::zh,th,zh,dependent,0,0,1,1,0,0,1,1,0
qwen,rel::4/google_play_10.jpg,rel::4/google_play_10.jpg::zh::en,zh,en,dependent,1,1,1,1,0,0,0,0,0
qwen,rel::4/google_play_10.jpg,rel::4/google_play_10.jpg::zh::ru,zh,ru,dependent,1,1,1,1,0,0,0,0,0
qwen,rel::4/google_play_10.jpg,rel::4/google_play_10.jpg::zh::th,zh,th,dependent,1,1,0,0,0,0,-1,-1,0
qwen,rel::4/google_play_3.jpg,rel::4/google_play_3.jpg::en::ru,en,ru,dependent,1,0,1,0,-1,-1,0,0,0
qwen,rel::4/google_play_3.jpg,rel::4/google_play_3.jpg::en::th,en,th,dependent,1,1,0,0,0,0,-1,-1,0
qwen,rel::4/google_play_3.jpg,rel::4/google_play_3.jpg::en::zh,en,zh,dependent,1,0,0,0,-1,0,-1,0,1
qwen,rel::4/google_play_3.jpg,rel::4/google_play_3.jpg::ru::en,ru,en,dependent,0,0,1,1,0,0,1,1,0
qwen,rel::4/google_play_3.jpg,rel::4/google_play_3.jpg::ru::th,ru,th,dependent,1,1,0,0,0,0,-1,-1,0
qwen,rel::4/google_play_3.jpg,rel::4/google_play_3.jpg::ru::zh,ru,zh,dependent,0,0,1,0,0,-1,1,0,-1
qwen,rel::4/google_play_3.jpg,rel::4/google_play_3.jpg::th::en,th,en,dependent,0,0,1,1,0,0,1,1,0
qwen,rel::4/google_play_3.jpg,rel::4/google_play_3.jpg::th::ru,th,ru,dependent,0,0,1,0,0,-1,1,0,-1
qwen,rel::4/google_play_3.jpg,rel::4/google_play_3.jpg::th::zh,th,zh,dependent,0,0,1,0,0,-1,1,0,-1
qwen,rel::4/google_play_3.jpg,rel::4/google_play_3.jpg::zh::en,zh,en,dependent,1,1,1,1,0,0,0,0,0
qwen,rel::4/google_play_3.jpg,rel::4/google_play_3.jpg::zh::ru,zh,ru,dependent,1,0,0,0,-1,0,-1,0,1
qwen,rel::4/google_play_3.jpg,rel::4/google_play_3.jpg::zh::th,zh,th,dependent,1,1,0,0,0,0,-1,-1,0
qwen,rel::4/google_play_4.jpg,rel::4/google_play_4.jpg::en::ru,en,ru,dependent,1,1,1,1,0,0,0,0,0
qwen,rel::4/google_play_4.jpg,rel::4/google_play_4.jpg::en::th,en,th,dependent,1,1,1,1,0,0,0,0,0
qwen,rel::4/google_play_4.jpg,rel::4/google_play_4.jpg::en::zh,en,zh,dependent,1,1,1,1,0,0,0,0,0
qwen,rel::4/google_play_4.jpg,rel::4/google_play_4.jpg::ru::en,ru,en,dependent,1,1,1,1,0,0,0,0,0
qwen,rel::4/google_play_4.jpg,rel::4/google_play_4.jpg::ru::th,ru,th,dependent,1,1,0,1,0,1,-1,0,1
qwen,rel::4/google_play_4.jpg,rel::4/google_play_4.jpg::ru::zh,ru,zh,dependent,1,1,1,1,0,0,0,0,0
qwen,rel::4/google_play_4.jpg,rel::4/google_play_4.jpg::th::en,th,en,dependent,1,1,1,1,0,0,0,0,0
qwen,rel::4/google_play_4.jpg,rel::4/google_play_4.jpg::th::ru,th,ru,dependent,1,1,1,1,0,0,0,0,0
qwen,rel::4/google_play_4.jpg,rel::4/google_play_4.jpg::th::zh,th,zh,dependent,1,1,1,1,0,0,0,0,0
qwen,rel::4/google_play_4.jpg,rel::4/google_play_4.jpg::zh::en,zh,en,dependent,1,1,1,1,0,0,0,0,0
qwen,rel::4/google_play_4.jpg,rel::4/google_play_4.jpg::zh::ru,zh,ru,dependent,1,1,1,1,0,0,0,0,0
qwen,rel::4/google_play_4.jpg,rel::4/google_play_4.jpg::zh::th,zh,th,dependent,1,1,0,1,0,1,-1,0,1
qwen,rel::4/google_play_5.jpg,rel::4/google_play_5.jpg::en::ru,en,ru,dependent,1,1,1,1,0,0,0,0,0
qwen,rel::4/google_play_5.jpg,rel::4/google_play_5.jpg::en::th,en,th,dependent,1,1,1,1,0,0,0,0,0
qwen,rel::4/google_play_5.jpg,rel::4/google_play_5.jpg::en::zh,en,zh,dependent,1,1,1,1,0,0,0,0,0
qwen,rel::4/google_play_5.jpg,rel::4/google_play_5.jpg::ru::en,ru,en,dependent,1,1,1,1,0,0,0,0,0
qwen,rel::4/google_play_5.jpg,rel::4/google_play_5.jpg::ru::th,ru,th,dependent,1,1,1,1,0,0,0,0,0
qwen,rel::4/google_play_5.jpg,rel::4/google_play_5.jpg::ru::zh,ru,zh,dependent,1,1,1,1,0,0,0,0,0
qwen,rel::4/google_play_5.jpg,rel::4/google_play_5.jpg::th::en,th,en,dependent,1,1,1,1,0,0,0,0,0
qwen,rel::4/google_play_5.jpg,rel::4/google_play_5.jpg::th::ru,th,ru,dependent,1,1,1,1,0,0,0,0,0
qwen,rel::4/google_play_5.jpg,rel::4/google_play_5.jpg::th::zh,th,zh,dependent,1,1,1,1,0,0,0,0,0
qwen,rel::4/google_play_5.jpg,rel::4/google_play_5.jpg::zh::en,zh,en,dependent,1,1,1,1,0,0,0,0,0
qwen,rel::4/google_play_5.jpg,rel::4/google_play_5.jpg::zh::ru,zh,ru,dependent,1,1,1,1,0,0,0,0,0
qwen,rel::4/google_play_5.jpg,rel::4/google_play_5.jpg::zh::th,zh,th,dependent,1,1,1,1,0,0,0,0,0
qwen,rel::4/google_play_6.jpg,rel::4/google_play_6.jpg::en::ru,en,ru,dependent,1,1,1,1,0,0,0,0,0
qwen,rel::4/google_play_6.jpg,rel::4/google_play_6.jpg::en::th,en,th,dependent,0,1,0,1,1,1,0,0,0
qwen,rel::4/google_play_6.jpg,rel::4/google_play_6.jpg::en::zh,en,zh,dependent,1,1,1,1,0,0,0,0,0
qwen,rel::4/google_play_6.jpg,rel::4/google_play_6.jpg::ru::en,ru,en,dependent,1,1,1,1,0,0,0,0,0
qwen,rel::4/google_play_6.jpg,rel::4/google_play_6.jpg::ru::th,ru,th,dependent,0,1,0,1,1,1,0,0,0
qwen,rel::4/google_play_6.jpg,rel::4/google_play_6.jpg::ru::zh,ru,zh,dependent,1,1,1,1,0,0,0,0,0
qwen,rel::4/google_play_6.jpg,rel::4/google_play_6.jpg::th::en,th,en,dependent,1,1,1,1,0,0,0,0,0
qwen,rel::4/google_play_6.jpg,rel::4/google_play_6.jpg::th::ru,th,ru,dependent,1,1,1,1,0,0,0,0,0
qwen,rel::4/google_play_6.jpg,rel::4/google_play_6.jpg::th::zh,th,zh,dependent,1,1,1,1,0,0,0,0,0
qwen,rel::4/google_play_6.jpg,rel::4/google_play_6.jpg::zh::en,zh,en,dependent,1,1,1,1,0,0,0,0,0
qwen,rel::4/google_play_6.jpg,rel::4/google_play_6.jpg::zh::ru,zh,ru,dependent,1,1,1,1,0,0,0,0,0
qwen,rel::4/google_play_6.jpg,rel::4/google_play_6.jpg::zh::th,zh,th,dependent,0,1,0,1,1,1,0,0,0
qwen,rel::4/google_play_7.jpg,rel::4/google_play_7.jpg::en::ru,en,ru,dependent,1,1,1,1,0,0,0,0,0
qwen,rel::4/google_play_7.jpg,rel::4/google_play_7.jpg::en::th,en,th,dependent,1,1,0,0,0,0,-1,-1,0
qwen,rel::4/google_play_7.jpg,rel::4/google_play_7.jpg::en::zh,en,zh,dependent,1,1,1,1,0,0,0,0,0
qwen,rel::4/google_play_7.jpg,rel::4/google_play_7.jpg::ru::en,ru,en,dependent,1,1,1,1,0,0,0,0,0
qwen,rel::4/google_play_7.jpg,rel::4/google_play_7.jpg::ru::th,ru,th,dependent,0,1,0,0,1,0,0,-1,-1
qwen,rel::4/google_play_7.jpg,rel::4/google_play_7.jpg::ru::zh,ru,zh,dependent,0,0,0,1,0,1,0,1,1
qwen,rel::4/google_play_7.jpg,rel::4/google_play_7.jpg::th::en,th,en,dependent,0,1,1,1,1,0,1,0,-1
qwen,rel::4/google_play_7.jpg,rel::4/google_play_7.jpg::th::ru,th,ru,dependent,0,0,0,1,0,1,0,1,1
qwen,rel::4/google_play_7.jpg,rel::4/google_play_7.jpg::th::zh,th,zh,dependent,0,0,1,1,0,0,1,1,0
qwen,rel::4/google_play_7.jpg,rel::4/google_play_7.jpg::zh::en,zh,en,dependent,1,1,1,1,0,0,0,0,0
qwen,rel::4/google_play_7.jpg,rel::4/google_play_7.jpg::zh::ru,zh,ru,dependent,1,1,0,1,0,1,-1,0,1
qwen,rel::4/google_play_7.jpg,rel::4/google_play_7.jpg::zh::th,zh,th,dependent,0,1,0,0,1,0,0,-1,-1
qwen,rel::4/google_play_8.jpg,rel::4/google_play_8.jpg::en::ru,en,ru,dependent,0,0,0,0,0,0,0,0,0
qwen,rel::4/google_play_8.jpg,rel::4/google_play_8.jpg::en::th,en,th,dependent,0,0,0,0,0,0,0,0,0
qwen,rel::4/google_play_8.jpg,rel::4/google_play_8.jpg::en::zh,en,zh,dependent,0,0,0,0,0,0,0,0,0
qwen,rel::4/google_play_8.jpg,rel::4/google_play_8.jpg::ru::en,ru,en,dependent,0,0,0,0,0,0,0,0,0
qwen,rel::4/google_play_8.jpg,rel::4/google_play_8.jpg::ru::th,ru,th,dependent,0,0,0,0,0,0,0,0,0
qwen,rel::4/google_play_8.jpg,rel::4/google_play_8.jpg::ru::zh,ru,zh,dependent,0,0,0,0,0,0,0,0,0
qwen,rel::4/google_play_8.jpg,rel::4/google_play_8.jpg::th::en,th,en,dependent,0,0,0,0,0,0,0,0,0
qwen,rel::4/google_play_8.jpg,rel::4/google_play_8.jpg::th::ru,th,ru,dependent,0,1,0,0,1,0,0,-1,-1
qwen,rel::4/google_play_8.jpg,rel::4/google_play_8.jpg::th::zh,th,zh,dependent,0,0,0,0,0,0,0,0,0
qwen,rel::4/google_play_8.jpg,rel::4/google_play_8.jpg::zh::en,zh,en,dependent,1,0,0,0,-1,0,-1,0,1
qwen,rel::4/google_play_8.jpg,rel::4/google_play_8.jpg::zh::ru,zh,ru,dependent,0,1,0,0,1,0,0,-1,-1
qwen,rel::4/google_play_8.jpg,rel::4/google_play_8.jpg::zh::th,zh,th,dependent,0,0,0,0,0,0,0,0,0
qwen,rel::4/twitter_1.jpg,rel::4/twitter_1.jpg::en::ru,en,ru,dependent,0,0,1,1,0,0,1,1,0
qwen,rel::4/twitter_1.jpg,rel::4/twitter_1.jpg::en::th,en,th,dependent,0,1,0,0,1,0,0,-1,-1
qwen,rel::4/twitter_1.jpg,rel::4/twitter_1.jpg::en::zh,en,zh,dependent,0,0,0,0,0,0,0,0,0
qwen,rel::4/twitter_1.jpg,rel::4/twitter_1.jpg::ru::en,ru,en,dependent,1,1,1,1,0,0,0,0,0
qwen,rel::4/twitter_1.jpg,rel::4/twitter_1.jpg::ru::th,ru,th,dependent,0,1,0,0,1,0,0,-1,-1
qwen,rel::4/twitter_1.jpg,rel::4/twitter_1.jpg::ru::zh,ru,zh,dependent,0,0,0,0,0,0,0,0,0
qwen,rel::4/twitter_1.jpg,rel::4/twitter_1.jpg::th::en,th,en,dependent,1,0,0,1,-1,1,-1,1,2
qwen,rel::4/twitter_1.jpg,rel::4/twitter_1.jpg::th::ru,th,ru,dependent,1,0,1,1,-1,0,0,1,1
qwen,rel::4/twitter_1.jpg,rel::4/twitter_1.jpg::th::zh,th,zh,dependent,0,0,0,0,0,0,0,0,0
qwen,rel::4/twitter_1.jpg,rel::4/twitter_1.jpg::zh::en,zh,en,dependent,1,1,1,1,0,0,0,0,0
qwen,rel::4/twitter_1.jpg,rel::4/twitter_1.jpg::zh::ru,zh,ru,dependent,1,0,1,1,-1,0,0,1,1
qwen,rel::4/twitter_1.jpg,rel::4/twitter_1.jpg::zh::th,zh,th,dependent,0,1,0,0,1,0,0,-1,-1
qwen,rel::4/twitter_10.jpg,rel::4/twitter_10.jpg::en::ru,en,ru,independent,1,1,1,1,0,0,0,0,0
qwen,rel::4/twitter_10.jpg,rel::4/twitter_10.jpg::en::th,en,th,independent,1,1,1,1,0,0,0,0,0
qwen,rel::4/twitter_10.jpg,rel::4/twitter_10.jpg::en::zh,en,zh,independent,1,1,1,1,0,0,0,0,0
qwen,rel::4/twitter_10.jpg,rel::4/twitter_10.jpg::ru::en,ru,en,independent,1,1,1,1,0,0,0,0,0
qwen,rel::4/twitter_10.jpg,rel::4/twitter_10.jpg::ru::th,ru,th,independent,1,1,1,1,0,0,0,0,0
qwen,rel::4/twitter_10.jpg,rel::4/twitter_10.jpg::ru::zh,ru,zh,independent,1,1,1,1,0,0,0,0,0
qwen,rel::4/twitter_10.jpg,rel::4/twitter_10.jpg::th::en,th,en,independent,1,1,1,1,0,0,0,0,0
qwen,rel::4/twitter_10.jpg,rel::4/twitter_10.jpg::th::ru,th,ru,independent,0,0,1,1,0,0,1,1,0
qwen,rel::4/twitter_10.jpg,rel::4/twitter_10.jpg::th::zh,th,zh,independent,1,1,1,1,0,0,0,0,0
qwen,rel::4/twitter_10.jpg,rel::4/twitter_10.jpg::zh::en,zh,en,independent,1,1,1,1,0,0,0,0,0
qwen,rel::4/twitter_10.jpg,rel::4/twitter_10.jpg::zh::ru,zh,ru,independent,1,1,1,1,0,0,0,0,0
qwen,rel::4/twitter_10.jpg,rel::4/twitter_10.jpg::zh::th,zh,th,independent,1,1,1,1,0,0,0,0,0
qwen,rel::4/twitter_2.jpg,rel::4/twitter_2.jpg::en::ru,en,ru,dependent,1,1,1,1,0,0,0,0,0
qwen,rel::4/twitter_2.jpg,rel::4/twitter_2.jpg::en::th,en,th,dependent,1,0,1,0,-1,-1,0,0,0
qwen,rel::4/twitter_2.jpg,rel::4/twitter_2.jpg::en::zh,en,zh,dependent,1,1,1,1,0,0,0,0,0
qwen,rel::4/twitter_2.jpg,rel::4/twitter_2.jpg::ru::en,ru,en,dependent,1,1,1,1,0,0,0,0,0
qwen,rel::4/twitter_2.jpg,rel::4/twitter_2.jpg::ru::th,ru,th,dependent,1,0,1,0,-1,-1,0,0,0
qwen,rel::4/twitter_2.jpg,rel::4/twitter_2.jpg::ru::zh,ru,zh,dependent,1,1,1,1,0,0,0,0,0
qwen,rel::4/twitter_2.jpg,rel::4/twitter_2.jpg::th::en,th,en,dependent,0,0,1,1,0,0,1,1,0
qwen,rel::4/twitter_2.jpg,rel::4/twitter_2.jpg::th::ru,th,ru,dependent,0,0,1,1,0,0,1,1,0
qwen,rel::4/twitter_2.jpg,rel::4/twitter_2.jpg::th::zh,th,zh,dependent,0,1,0,1,1,1,0,0,0
qwen,rel::4/twitter_2.jpg,rel::4/twitter_2.jpg::zh::en,zh,en,dependent,1,1,1,1,0,0,0,0,0
qwen,rel::4/twitter_2.jpg,rel::4/twitter_2.jpg::zh::ru,zh,ru,dependent,1,1,1,1,0,0,0,0,0
qwen,rel::4/twitter_2.jpg,rel::4/twitter_2.jpg::zh::th,zh,th,dependent,1,0,1,0,-1,-1,0,0,0
qwen,rel::4/twitter_3.jpg,rel::4/twitter_3.jpg::en::ru,en,ru,dependent,0,0,0,1,0,1,0,1,1
qwen,rel::4/twitter_3.jpg,rel::4/twitter_3.jpg::en::th,en,th,dependent,0,0,0,1,0,1,0,1,1
qwen,rel::4/twitter_3.jpg,rel::4/twitter_3.jpg::en::zh,en,zh,dependent,0,0,0,0,0,0,0,0,0
qwen,rel::4/twitter_3.jpg,rel::4/twitter_3.jpg::ru::en,ru,en,dependent,1,1,1,0,0,-1,0,-1,-1
qwen,rel::4/twitter_3.jpg,rel::4/twitter_3.jpg::ru::th,ru,th,dependent,1,1,1,1,0,0,0,0,0
qwen,rel::4/twitter_3.jpg,rel::4/twitter_3.jpg::ru::zh,ru,zh,dependent,1,0,1,0,-1,-1,0,0,0
qwen,rel::4/twitter_3.jpg,rel::4/twitter_3.jpg::th::en,th,en,dependent,1,1,0,0,0,0,-1,-1,0
qwen,rel::4/twitter_3.jpg,rel::4/twitter_3.jpg::th::ru,th,ru,dependent,0,0,0,1,0,1,0,1,1
qwen,rel::4/twitter_3.jpg,rel::4/twitter_3.jpg::th::zh,th,zh,dependent,0,0,0,0,0,0,0,0,0
qwen,rel::4/twitter_3.jpg,rel::4/twitter_3.jpg::zh::en,zh,en,dependent,1,1,0,0,0,0,-1,-1,0
qwen,rel::4/twitter_3.jpg,rel::4/twitter_3.jpg::zh::ru,zh,ru,dependent,0,1,0,0,1,0,0,-1,-1
qwen,rel::4/twitter_3.jpg,rel::4/twitter_3.jpg::zh::th,zh,th,dependent,0,1,0,1,1,1,0,0,0
qwen,rel::4/twitter_4.jpg,rel::4/twitter_4.jpg::en::ru,en,ru,dependent,1,1,1,1,0,0,0,0,0
qwen,rel::4/twitter_4.jpg,rel::4/twitter_4.jpg::en::th,en,th,dependent,1,1,1,1,0,0,0,0,0
qwen,rel::4/twitter_4.jpg,rel::4/twitter_4.jpg::en::zh,en,zh,dependent,1,0,0,0,-1,0,-1,0,1
qwen,rel::4/twitter_4.jpg,rel::4/twitter_4.jpg::ru::en,ru,en,dependent,1,1,1,1,0,0,0,0,0
qwen,rel::4/twitter_4.jpg,rel::4/twitter_4.jpg::ru::th,ru,th,dependent,1,1,1,1,0,0,0,0,0
qwen,rel::4/twitter_4.jpg,rel::4/twitter_4.jpg::ru::zh,ru,zh,dependent,0,0,0,0,0,0,0,0,0
qwen,rel::4/twitter_4.jpg,rel::4/twitter_4.jpg::th::en,th,en,dependent,1,1,1,1,0,0,0,0,0
qwen,rel::4/twitter_4.jpg,rel::4/twitter_4.jpg::th::ru,th,ru,dependent,0,1,0,1,1,1,0,0,0
qwen,rel::4/twitter_4.jpg,rel::4/twitter_4.jpg::th::zh,th,zh,dependent,0,0,0,0,0,0,0,0,0
qwen,rel::4/twitter_4.jpg,rel::4/twitter_4.jpg::zh::en,zh,en,dependent,1,1,1,1,0,0,0,0,0
qwen,rel::4/twitter_4.jpg,rel::4/twitter_4.jpg::zh::ru,zh,ru,dependent,0,1,0,1,1,1,0,0,0
qwen,rel::4/twitter_4.jpg,rel::4/twitter_4.jpg::zh::th,zh,th,dependent,1,1,1,1,0,0,0,0,0
qwen,rel::4/twitter_5.jpg,rel::4/twitter_5.jpg::en::ru,en,ru,dependent,0,0,0,0,0,0,0,0,0
qwen,rel::4/twitter_5.jpg,rel::4/twitter_5.jpg::en::th,en,th,dependent,0,0,0,0,0,0,0,0,0
qwen,rel::4/twitter_5.jpg,rel::4/twitter_5.jpg::en::zh,en,zh,dependent,0,0,0,0,0,0,0,0,0
qwen,rel::4/twitter_5.jpg,rel::4/twitter_5.jpg::ru::en,ru,en,dependent,0,1,0,1,1,1,0,0,0
qwen,rel::4/twitter_5.jpg,rel::4/twitter_5.jpg::ru::th,ru,th,dependent,0,0,0,0,0,0,0,0,0
qwen,rel::4/twitter_5.jpg,rel::4/twitter_5.jpg::ru::zh,ru,zh,dependent,0,0,0,0,0,0,0,0,0
qwen,rel::4/twitter_5.jpg,rel::4/twitter_5.jpg::th::en,th,en,dependent,0,1,0,1,1,1,0,0,0
qwen,rel::4/twitter_5.jpg,rel::4/twitter_5.jpg::th::ru,th,ru,dependent,0,0,0,0,0,0,0,0,0
qwen,rel::4/twitter_5.jpg,rel::4/twitter_5.jpg::th::zh,th,zh,dependent,0,0,0,0,0,0,0,0,0
qwen,rel::4/twitter_5.jpg,rel::4/twitter_5.jpg::zh::en,zh,en,dependent,0,1,0,1,1,1,0,0,0
qwen,rel::4/twitter_5.jpg,rel::4/twitter_5.jpg::zh::ru,zh,ru,dependent,0,0,0,0,0,0,0,0,0
qwen,rel::4/twitter_5.jpg,rel::4/twitter_5.jpg::zh::th,zh,th,dependent,0,0,0,0,0,0,0,0,0
qwen,rel::4/twitter_6.jpg,rel::4/twitter_6.jpg::en::ru,en,ru,dependent,1,1,1,1,0,0,0,0,0
qwen,rel::4/twitter_6.jpg,rel::4/twitter_6.jpg::en::th,en,th,dependent,1,1,0,0,0,0,-1,-1,0
qwen,rel::4/twitter_6.jpg,rel::4/twitter_6.jpg::en::zh,en,zh,dependent,0,0,0,0,0,0,0,0,0
qwen,rel::4/twitter_6.jpg,rel::4/twitter_6.jpg::ru::en,ru,en,dependent,0,1,0,1,1,1,0,0,0
qwen,rel::4/twitter_6.jpg,rel::4/twitter_6.jpg::ru::th,ru,th,dependent,0,1,0,0,1,0,0,-1,-1
qwen,rel::4/twitter_6.jpg,rel::4/twitter_6.jpg::ru::zh,ru,zh,dependent,0,0,0,0,0,0,0,0,0
qwen,rel::4/twitter_6.jpg,rel::4/twitter_6.jpg::th::en,th,en,dependent,0,0,0,1,0,1,0,1,1
qwen,rel::4/twitter_6.jpg,rel::4/twitter_6.jpg::th::ru,th,ru,dependent,1,0,1,1,-1,0,0,1,1
qwen,rel::4/twitter_6.jpg,rel::4/twitter_6.jpg::th::zh,th,zh,dependent,0,0,0,0,0,0,0,0,0
qwen,rel::4/twitter_6.jpg,rel::4/twitter_6.jpg::zh::en,zh,en,dependent,1,1,0,1,0,1,-1,0,1
qwen,rel::4/twitter_6.jpg,rel::4/twitter_6.jpg::zh::ru,zh,ru,dependent,1,1,1,1,0,0,0,0,0
qwen,rel::4/twitter_6.jpg,rel::4/twitter_6.jpg::zh::th,zh,th,dependent,1,1,0,0,0,0,-1,-1,0
qwen,rel::4/twitter_7.jpg,rel::4/twitter_7.jpg::en::ru,en,ru,dependent,1,0,1,0,-1,-1,0,0,0
qwen,rel::4/twitter_7.jpg,rel::4/twitter_7.jpg::en::th,en,th,dependent,1,1,0,0,0,0,-1,-1,0
qwen,rel::4/twitter_7.jpg,rel::4/twitter_7.jpg::en::zh,en,zh,dependent,1,1,1,1,0,0,0,0,0
qwen,rel::4/twitter_7.jpg,rel::4/twitter_7.jpg::ru::en,ru,en,dependent,0,1,0,1,1,1,0,0,0
qwen,rel::4/twitter_7.jpg,rel::4/twitter_7.jpg::ru::th,ru,th,dependent,0,1,0,0,1,0,0,-1,-1
qwen,rel::4/twitter_7.jpg,rel::4/twitter_7.jpg::ru::zh,ru,zh,dependent,0,1,0,1,1,1,0,0,0
qwen,rel::4/twitter_7.jpg,rel::4/twitter_7.jpg::th::en,th,en,dependent,1,1,1,1,0,0,0,0,0
qwen,rel::4/twitter_7.jpg,rel::4/twitter_7.jpg::th::ru,th,ru,dependent,1,0,1,0,-1,-1,0,0,0
qwen,rel::4/twitter_7.jpg,rel::4/twitter_7.jpg::th::zh,th,zh,dependent,1,0,1,1,-1,0,0,1,1
qwen,rel::4/twitter_7.jpg,rel::4/twitter_7.jpg::zh::en,zh,en,dependent,1,1,0,1,0,1,-1,0,1
qwen,rel::4/twitter_7.jpg,rel::4/twitter_7.jpg::zh::ru,zh,ru,dependent,0,0,0,0,0,0,0,0,0
qwen,rel::4/twitter_7.jpg,rel::4/twitter_7.jpg::zh::th,zh,th,dependent,0,1,0,0,1,0,0,-1,-1
qwen,rel::4/twitter_8.jpg,rel::4/twitter_8.jpg::en::ru,en,ru,dependent,0,0,0,0,0,0,0,0,0
qwen,rel::4/twitter_8.jpg,rel::4/twitter_8.jpg::en::th,en,th,dependent,0,0,0,1,0,1,0,1,1
qwen,rel::4/twitter_8.jpg,rel::4/twitter_8.jpg::en::zh,en,zh,dependent,0,0,1,0,0,-1,1,0,-1
qwen,rel::4/twitter_8.jpg,rel::4/twitter_8.jpg::ru::en,ru,en,dependent,1,0,1,0,-1,-1,0,0,0
qwen,rel::4/twitter_8.jpg,rel::4/twitter_8.jpg::ru::th,ru,th,dependent,0,1,0,1,1,1,0,0,0
qwen,rel::4/twitter_8.jpg,rel::4/twitter_8.jpg::ru::zh,ru,zh,dependent,0,0,0,0,0,0,0,0,0
qwen,rel::4/twitter_8.jpg,rel::4/twitter_8.jpg::th::en,th,en,dependent,1,0,1,0,-1,-1,0,0,0
qwen,rel::4/twitter_8.jpg,rel::4/twitter_8.jpg::th::ru,th,ru,dependent,1,0,1,0,-1,-1,0,0,0
qwen,rel::4/twitter_8.jpg,rel::4/twitter_8.jpg::th::zh,th,zh,dependent,0,0,1,0,0,-1,1,0,-1
qwen,rel::4/twitter_8.jpg,rel::4/twitter_8.jpg::zh::en,zh,en,dependent,0,0,1,0,0,-1,1,0,-1
qwen,rel::4/twitter_8.jpg,rel::4/twitter_8.jpg::zh::ru,zh,ru,dependent,1,0,0,0,-1,0,-1,0,1
qwen,rel::4/twitter_8.jpg,rel::4/twitter_8.jpg::zh::th,zh,th,dependent,0,0,1,1,0,0,1,1,0
qwen,rel::4/twitter_9.jpg,rel::4/twitter_9.jpg::en::ru,en,ru,dependent,0,1,0,0,1,0,0,-1,-1
qwen,rel::4/twitter_9.jpg,rel::4/twitter_9.jpg::en::th,en,th,dependent,0,0,0,1,0,1,0,1,1
qwen,rel::4/twitter_9.jpg,rel::4/twitter_9.jpg::en::zh,en,zh,dependent,0,0,0,0,0,0,0,0,0
qwen,rel::4/twitter_9.jpg,rel::4/twitter_9.jpg::ru::en,ru,en,dependent,0,0,1,1,0,0,1,1,0
qwen,rel::4/twitter_9.jpg,rel::4/twitter_9.jpg::ru::th,ru,th,dependent,0,0,0,1,0,1,0,1,1
qwen,rel::4/twitter_9.jpg,rel::4/twitter_9.jpg::ru::zh,ru,zh,dependent,0,0,0,0,0,0,0,0,0
qwen,rel::4/twitter_9.jpg,rel::4/twitter_9.jpg::th::en,th,en,dependent,1,0,0,1,-1,1,-1,1,2
qwen,rel::4/twitter_9.jpg,rel::4/twitter_9.jpg::th::ru,th,ru,dependent,0,1,0,0,1,0,0,-1,-1
qwen,rel::4/twitter_9.jpg,rel::4/twitter_9.jpg::th::zh,th,zh,dependent,0,0,0,0,0,0,0,0,0
qwen,rel::4/twitter_9.jpg,rel::4/twitter_9.jpg::zh::en,zh,en,dependent,0,1,1,1,1,0,1,0,-1
qwen,rel::4/twitter_9.jpg,rel::4/twitter_9.jpg::zh::ru,zh,ru,dependent,0,1,0,0,1,0,0,-1,-1
qwen,rel::4/twitter_9.jpg,rel::4/twitter_9.jpg::zh::th,zh,th,dependent,0,0,0,1,0,1,0,1,1
qwen,rel::5/camera_1.jpg,rel::5/camera_1.jpg::en::ru,en,ru,dependent,0,0,0,0,0,0,0,0,0
qwen,rel::5/camera_1.jpg,rel::5/camera_1.jpg::en::th,en,th,dependent,0,0,0,0,0,0,0,0,0
qwen,rel::5/camera_1.jpg,rel::5/camera_1.jpg::en::zh,en,zh,dependent,0,0,0,0,0,0,0,0,0
qwen,rel::5/camera_1.jpg,rel::5/camera_1.jpg::ru::en,ru,en,dependent,0,0,0,0,0,0,0,0,0
qwen,rel::5/camera_1.jpg,rel::5/camera_1.jpg::ru::th,ru,th,dependent,0,0,0,0,0,0,0,0,0
qwen,rel::5/camera_1.jpg,rel::5/camera_1.jpg::ru::zh,ru,zh,dependent,0,0,0,0,0,0,0,0,0
qwen,rel::5/camera_1.jpg,rel::5/camera_1.jpg::th::en,th,en,dependent,0,0,0,0,0,0,0,0,0
qwen,rel::5/camera_1.jpg,rel::5/camera_1.jpg::th::ru,th,ru,dependent,0,1,0,0,1,0,0,-1,-1
qwen,rel::5/camera_1.jpg,rel::5/camera_1.jpg::th::zh,th,zh,dependent,0,0,0,0,0,0,0,0,0
qwen,rel::5/camera_1.jpg,rel::5/camera_1.jpg::zh::en,zh,en,dependent,0,0,0,0,0,0,0,0,0
qwen,rel::5/camera_1.jpg,rel::5/camera_1.jpg::zh::ru,zh,ru,dependent,0,0,0,0,0,0,0,0,0
qwen,rel::5/camera_1.jpg,rel::5/camera_1.jpg::zh::th,zh,th,dependent,0,1,0,0,1,0,0,-1,-1
qwen,rel::5/camera_10.jpg,rel::5/camera_10.jpg::en::ru,en,ru,dependent,0,0,0,0,0,0,0,0,0
qwen,rel::5/camera_10.jpg,rel::5/camera_10.jpg::en::th,en,th,dependent,0,0,0,0,0,0,0,0,0
qwen,rel::5/camera_10.jpg,rel::5/camera_10.jpg::en::zh,en,zh,dependent,0,0,0,0,0,0,0,0,0
qwen,rel::5/camera_10.jpg,rel::5/camera_10.jpg::ru::en,ru,en,dependent,0,0,0,0,0,0,0,0,0
qwen,rel::5/camera_10.jpg,rel::5/camera_10.jpg::ru::th,ru,th,dependent,0,0,0,0,0,0,0,0,0
qwen,rel::5/camera_10.jpg,rel::5/camera_10.jpg::ru::zh,ru,zh,dependent,0,0,0,0,0,0,0,0,0
qwen,rel::5/camera_10.jpg,rel::5/camera_10.jpg::th::en,th,en,dependent,0,0,0,0,0,0,0,0,0
qwen,rel::5/camera_10.jpg,rel::5/camera_10.jpg::th::ru,th,ru,dependent,0,0,0,0,0,0,0,0,0
qwen,rel::5/camera_10.jpg,rel::5/camera_10.jpg::th::zh,th,zh,dependent,0,0,0,0,0,0,0,0,0
qwen,rel::5/camera_10.jpg,rel::5/camera_10.jpg::zh::en,zh,en,dependent,0,0,0,0,0,0,0,0,0
qwen,rel::5/camera_10.jpg,rel::5/camera_10.jpg::zh::ru,zh,ru,dependent,0,0,0,0,0,0,0,0,0
qwen,rel::5/camera_10.jpg,rel::5/camera_10.jpg::zh::th,zh,th,dependent,1,0,1,0,-1,-1,0,0,0
qwen,rel::5/camera_11.jpg,rel::5/camera_11.jpg::en::ru,en,ru,dependent,0,0,0,0,0,0,0,0,0
qwen,rel::5/camera_11.jpg,rel::5/camera_11.jpg::en::th,en,th,dependent,0,0,0,0,0,0,0,0,0
qwen,rel::5/camera_11.jpg,rel::5/camera_11.jpg::en::zh,en,zh,dependent,0,0,0,1,0,1,0,1,1
qwen,rel::5/camera_11.jpg,rel::5/camera_11.jpg::ru::en,ru,en,dependent,0,0,0,0,0,0,0,0,0
qwen,rel::5/camera_11.jpg,rel::5/camera_11.jpg::ru::th,ru,th,dependent,0,0,0,0,0,0,0,0,0
qwen,rel::5/camera_11.jpg,rel::5/camera_11.jpg::ru::zh,ru,zh,dependent,0,0,0,1,0,1,0,1,1
qwen,rel::5/camera_11.jpg,rel::5/camera_11.jpg::th::en,th,en,dependent,0,0,0,0,0,0,0,0,0
qwen,rel::5/camera_11.jpg,rel::5/camera_11.jpg::th::ru,th,ru,dependent,0,0,0,0,0,0,0,0,0
qwen,rel::5/camera_11.jpg,rel::5/camera_11.jpg::th::zh,th,zh,dependent,0,0,0,1,0,1,0,1,1
qwen,rel::5/camera_11.jpg,rel::5/camera_11.jpg::zh::en,zh,en,dependent,0,0,0,0,0,0,0,0,0
qwen,rel::5/camera_11.jpg,rel::5/camera_11.jpg::zh::ru,zh,ru,dependent,0,0,0,0,0,0,0,0,0
qwen,rel::5/camera_11.jpg,rel::5/camera_11.jpg::zh::th,zh,th,dependent,0,0,0,0,0,0,0,0,0
qwen,rel::5/camera_12.jpg,rel::5/camera_12.jpg::en::ru,en,ru,dependent,1,1,1,1,0,0,0,0,0
qwen,rel::5/camera_12.jpg,rel::5/camera_12.jpg::en::th,en,th,dependent,1,1,1,1,0,0,0,0,0
qwen,rel::5/camera_12.jpg,rel::5/camera_12.jpg::en::zh,en,zh,dependent,0,1,1,1,1,0,1,0,-1
qwen,rel::5/camera_12.jpg,rel::5/camera_12.jpg::ru::en,ru,en,dependent,1,1,1,1,0,0,0,0,0
qwen,rel::5/camera_12.jpg,rel::5/camera_12.jpg::ru::th,ru,th,dependent,1,1,1,1,0,0,0,0,0
qwen,rel::5/camera_12.jpg,rel::5/camera_12.jpg::ru::zh,ru,zh,dependent,0,1,1,1,1,0,1,0,-1
qwen,rel::5/camera_12.jpg,rel::5/camera_12.jpg::th::en,th,en,dependent,1,1,1,1,0,0,0,0,0
qwen,rel::5/camera_12.jpg,rel::5/camera_12.jpg::th::ru,th,ru,dependent,1,1,1,1,0,0,0,0,0
qwen,rel::5/camera_12.jpg,rel::5/camera_12.jpg::th::zh,th,zh,dependent,1,1,1,1,0,0,0,0,0
qwen,rel::5/camera_12.jpg,rel::5/camera_12.jpg::zh::en,zh,en,dependent,0,1,1,1,1,0,1,0,-1
qwen,rel::5/camera_12.jpg,rel::5/camera_12.jpg::zh::ru,zh,ru,dependent,1,1,0,1,0,1,-1,0,1
qwen,rel::5/camera_12.jpg,rel::5/camera_12.jpg::zh::th,zh,th,dependent,0,1,0,1,1,1,0,0,0
qwen,rel::5/camera_13.jpg,rel::5/camera_13.jpg::en::ru,en,ru,dependent,1,1,1,1,0,0,0,0,0
qwen,rel::5/camera_13.jpg,rel::5/camera_13.jpg::en::th,en,th,dependent,0,1,0,1,1,1,0,0,0
qwen,rel::5/camera_13.jpg,rel::5/camera_13.jpg::en::zh,en,zh,dependent,1,1,1,1,0,0,0,0,0
qwen,rel::5/camera_13.jpg,rel::5/camera_13.jpg::ru::en,ru,en,dependent,1,1,1,1,0,0,0,0,0
qwen,rel::5/camera_13.jpg,rel::5/camera_13.jpg::ru::th,ru,th,dependent,0,1,0,1,1,1,0,0,0
qwen,rel::5/camera_13.jpg,rel::5/camera_13.jpg::ru::zh,ru,zh,dependent,1,1,1,1,0,0,0,0,0
qwen,rel::5/camera_13.jpg,rel::5/camera_13.jpg::th::en,th,en,dependent,1,1,1,1,0,0,0,0,0
qwen,rel::5/camera_13.jpg,rel::5/camera_13.jpg::th::ru,th,ru,dependent,1,1,1,1,0,0,0,0,0
qwen,rel::5/camera_13.jpg,rel::5/camera_13.jpg::th::zh,th,zh,dependent,1,1,1,1,0,0,0,0,0
qwen,rel::5/camera_13.jpg,rel::5/camera_13.jpg::zh::en,zh,en,dependent,1,1,1,1,0,0,0,0,0
qwen,rel::5/camera_13.jpg,rel::5/camera_13.jpg::zh::ru,zh,ru,dependent,1,1,1,1,0,0,0,0,0
qwen,rel::5/camera_13.jpg,rel::5/camera_13.jpg::zh::th,zh,th,dependent,0,1,0,1,1,1,0,0,0
qwen,rel::5/camera_14.jpg,rel::5/camera_14.jpg::en::ru,en,ru,dependent,1,1,1,1,0,0,0,0,0
qwen,rel::5/camera_14.jpg,rel::5/camera_14.jpg::en::th,en,th,dependent,1,1,1,1,0,0,0,0,0
qwen,rel::5/camera_14.jpg,rel::5/camera_14.jpg::en::zh,en,zh,dependent,1,1,1,1,0,0,0,0,0
qwen,rel::5/camera_14.jpg,rel::5/camera_14.jpg::ru::en,ru,en,dependent,1,1,1,1,0,0,0,0,0
qwen,rel::5/camera_14.jpg,rel::5/camera_14.jpg::ru::th,ru,th,dependent,1,1,1,1,0,0,0,0,0
qwen,rel::5/camera_14.jpg,rel::5/camera_14.jpg::ru::zh,ru,zh,dependent,1,1,1,1,0,0,0,0,0
qwen,rel::5/camera_14.jpg,rel::5/camera_14.jpg::th::en,th,en,dependent,1,1,1,1,0,0,0,0,0
qwen,rel::5/camera_14.jpg,rel::5/camera_14.jpg::th::ru,th,ru,dependent,1,1,1,1,0,0,0,0,0
qwen,rel::5/camera_14.jpg,rel::5/camera_14.jpg::th::zh,th,zh,dependent,1,1,1,1,0,0,0,0,0
qwen,rel::5/camera_14.jpg,rel::5/camera_14.jpg::zh::en,zh,en,dependent,1,1,1,1,0,0,0,0,0
qwen,rel::5/camera_14.jpg,rel::5/camera_14.jpg::zh::ru,zh,ru,dependent,1,1,1,1,0,0,0,0,0
qwen,rel::5/camera_14.jpg,rel::5/camera_14.jpg::zh::th,zh,th,dependent,1,1,1,1,0,0,0,0,0
qwen,rel::5/camera_2.jpg,rel::5/camera_2.jpg::en::ru,en,ru,dependent,1,1,1,1,0,0,0,0,0
qwen,rel::5/camera_2.jpg,rel::5/camera_2.jpg::en::th,en,th,dependent,1,1,1,1,0,0,0,0,0
qwen,rel::5/camera_2.jpg,rel::5/camera_2.jpg::en::zh,en,zh,dependent,1,1,1,1,0,0,0,0,0
qwen,rel::5/camera_2.jpg,rel::5/camera_2.jpg::ru::en,ru,en,dependent,1,1,1,1,0,0,0,0,0
qwen,rel::5/camera_2.jpg,rel::5/camera_2.jpg::ru::th,ru,th,dependent,0,1,0,1,1,1,0,0,0
qwen,rel::5/camera_2.jpg,rel::5/camera_2.jpg::ru::zh,ru,zh,dependent,1,1,0,1,0,1,-1,0,1
qwen,rel::5/camera_2.jpg,rel::5/camera_2.jpg::th::en,th,en,dependent,1,1,1,1,0,0,0,0,0
qwen,rel::5/camera_2.jpg,rel::5/camera_2.jpg::th::ru,th,ru,dependent,1,1,0,1,0,1,-1,0,1
qwen,rel::5/camera_2.jpg,rel::5/camera_2.jpg::th::zh,th,zh,dependent,1,1,1,1,0,0,0,0,0
qwen,rel::5/camera_2.jpg,rel::5/camera_2.jpg::zh::en,zh,en,dependent,1,1,1,1,0,0,0,0,0
qwen,rel::5/camera_2.jpg,rel::5/camera_2.jpg::zh::ru,zh,ru,dependent,1,1,1,1,0,0,0,0,0
qwen,rel::5/camera_2.jpg,rel::5/camera_2.jpg::zh::th,zh,th,dependent,1,1,1,1,0,0,0,0,0
qwen,rel::5/camera_3.jpg,rel::5/camera_3.jpg::en::ru,en,ru,dependent,1,1,1,1,0,0,0,0,0
qwen,rel::5/camera_3.jpg,rel::5/camera_3.jpg::en::th,en,th,dependent,1,1,1,1,0,0,0,0,0
qwen,rel::5/camera_3.jpg,rel::5/camera_3.jpg::en::zh,en,zh,dependent,1,1,1,1,0,0,0,0,0
qwen,rel::5/camera_3.jpg,rel::5/camera_3.jpg::ru::en,ru,en,dependent,1,1,1,1,0,0,0,0,0
qwen,rel::5/camera_3.jpg,rel::5/camera_3.jpg::ru::th,ru,th,dependent,1,1,1,1,0,0,0,0,0
qwen,rel::5/camera_3.jpg,rel::5/camera_3.jpg::ru::zh,ru,zh,dependent,1,1,1,1,0,0,0,0,0
qwen,rel::5/camera_3.jpg,rel::5/camera_3.jpg::th::en,th,en,dependent,1,1,1,1,0,0,0,0,0
qwen,rel::5/camera_3.jpg,rel::5/camera_3.jpg::th::ru,th,ru,dependent,1,1,1,1,0,0,0,0,0
qwen,rel::5/camera_3.jpg,rel::5/camera_3.jpg::th::zh,th,zh,dependent,1,1,1,1,0,0,0,0,0
qwen,rel::5/camera_3.jpg,rel::5/camera_3.jpg::zh::en,zh,en,dependent,1,1,1,1,0,0,0,0,0
qwen,rel::5/camera_3.jpg,rel::5/camera_3.jpg::zh::ru,zh,ru,dependent,1,1,1,1,0,0,0,0,0
qwen,rel::5/camera_3.jpg,rel::5/camera_3.jpg::zh::th,zh,th,dependent,1,1,1,1,0,0,0,0,0
qwen,rel::5/camera_4.jpg,rel::5/camera_4.jpg::en::ru,en,ru,dependent,1,1,0,0,0,0,-1,-1,0
qwen,rel::5/camera_4.jpg,rel::5/camera_4.jpg::en::th,en,th,dependent,1,1,1,1,0,0,0,0,0
qwen,rel::5/camera_4.jpg,rel::5/camera_4.jpg::en::zh,en,zh,dependent,1,1,1,1,0,0,0,0,0
qwen,rel::5/camera_4.jpg,rel::5/camera_4.jpg::ru::en,ru,en,dependent,0,0,1,1,0,0,1,1,0
qwen,rel::5/camera_4.jpg,rel::5/camera_4.jpg::ru::th,ru,th,dependent,0,0,1,1,0,0,1,1,0
qwen,rel::5/camera_4.jpg,rel::5/camera_4.jpg::ru::zh,ru,zh,dependent,0,0,0,1,0,1,0,1,1
qwen,rel::5/camera_4.jpg,rel::5/camera_4.jpg::th::en,th,en,dependent,1,1,1,1,0,0,0,0,0
qwen,rel::5/camera_4.jpg,rel::5/camera_4.jpg::th::ru,th,ru,dependent,1,1,0,0,0,0,-1,-1,0
qwen,rel::5/camera_4.jpg,rel::5/camera_4.jpg::th::zh,th,zh,dependent,1,1,0,1,0,1,-1,0,1
qwen,rel::5/camera_4.jpg,rel::5/camera_4.jpg::zh::en,zh,en,dependent,1,1,1,1,0,0,0,0,0
qwen,rel::5/camera_4.jpg,rel::5/camera_4.jpg::zh::ru,zh,ru,dependent,1,1,0,0,0,0,-1,-1,0
qwen,rel::5/camera_4.jpg,rel::5/camera_4.jpg::zh::th,zh,th,dependent,1,0,1,1,-1,0,0,1,1
qwen,rel::5/camera_5.jpg,rel::5/camera_5.jpg::en::ru,en,ru,dependent,1,1,1,1,0,0,0,0,0
qwen,rel::5/camera_5.jpg,rel::5/camera_5.jpg::en::th,en,th,dependent,0,1,0,1,1,1,0,0,0
qwen,rel::5/camera_5.jpg,rel::5/camera_5.jpg::en::zh,en,zh,dependent,1,1,1,1,0,0,0,0,0
qwen,rel::5/camera_5.jpg,rel::5/camera_5.jpg::ru::en,ru,en,dependent,1,1,1,1,0,0,0,0,0
qwen,rel::5/camera_5.jpg,rel::5/camera_5.jpg::ru::th,ru,th,dependent,1,1,0,1,0,1,-1,0,1
qwen,rel::5/camera_5.jpg,rel::5/camera_5.jpg::ru::zh,ru,zh,dependent,1,1,0,1,0,1,-1,0,1
qwen,rel::5/camera_5.jpg,rel::5/camera_5.jpg::th::en,th,en,dependent,1,1,1,1,0,0,0,0,0
qwen,rel::5/camera_5.jpg,rel::5/camera_5.jpg::th::ru,th,ru,dependent,1,1,1,1,0,0,0,0,0
qwen,rel::5/camera_5.jpg,rel::5/camera_5.jpg::th::zh,th,zh,dependent,1,1,1,1,0,0,0,0,0
qwen,rel::5/camera_5.jpg,rel::5/camera_5.jpg::zh::en,zh,en,dependent,1,1,1,1,0,0,0,0,0
qwen,rel::5/camera_5.jpg,rel::5/camera_5.jpg::zh::ru,zh,ru,dependent,1,1,1,1,0,0,0,0,0
qwen,rel::5/camera_5.jpg,rel::5/camera_5.jpg::zh::th,zh,th,dependent,0,1,0,1,1,1,0,0,0
qwen,rel::5/camera_6.jpg,rel::5/camera_6.jpg::en::ru,en,ru,dependent,1,1,1,1,0,0,0,0,0
qwen,rel::5/camera_6.jpg,rel::5/camera_6.jpg::en::th,en,th,dependent,1,1,1,1,0,0,0,0,0
qwen,rel::5/camera_6.jpg,rel::5/camera_6.jpg::en::zh,en,zh,dependent,1,1,0,1,0,1,-1,0,1
qwen,rel::5/camera_6.jpg,rel::5/camera_6.jpg::ru::en,ru,en,dependent,1,1,0,1,0,1,-1,0,1
qwen,rel::5/camera_6.jpg,rel::5/camera_6.jpg::ru::th,ru,th,dependent,1,1,0,1,0,1,-1,0,1
qwen,rel::5/camera_6.jpg,rel::5/camera_6.jpg::ru::zh,ru,zh,dependent,1,1,0,1,0,1,-1,0,1
qwen,rel::5/camera_6.jpg,rel::5/camera_6.jpg::th::en,th,en,dependent,1,1,1,1,0,0,0,0,0
qwen,rel::5/camera_6.jpg,rel::5/camera_6.jpg::th::ru,th,ru,dependent,1,1,1,1,0,0,0,0,0
qwen,rel::5/camera_6.jpg,rel::5/camera_6.jpg::th::zh,th,zh,dependent,1,1,0,1,0,1,-1,0,1
qwen,rel::5/camera_6.jpg,rel::5/camera_6.jpg::zh::en,zh,en,dependent,0,1,0,1,1,1,0,0,0
qwen,rel::5/camera_6.jpg,rel::5/camera_6.jpg::zh::ru,zh,ru,dependent,0,1,1,1,1,0,1,0,-1
qwen,rel::5/camera_6.jpg,rel::5/camera_6.jpg::zh::th,zh,th,dependent,0,1,0,1,1,1,0,0,0
qwen,rel::5/camera_7.jpg,rel::5/camera_7.jpg::en::ru,en,ru,dependent,1,1,0,0,0,0,-1,-1,0
qwen,rel::5/camera_7.jpg,rel::5/camera_7.jpg::en::th,en,th,dependent,0,1,0,1,1,1,0,0,0
qwen,rel::5/camera_7.jpg,rel::5/camera_7.jpg::en::zh,en,zh,dependent,1,1,0,1,0,1,-1,0,1
qwen,rel::5/camera_7.jpg,rel::5/camera_7.jpg::ru::en,ru,en,dependent,0,0,1,1,0,0,1,1,0
qwen,rel::5/camera_7.jpg,rel::5/camera_7.jpg::ru::th,ru,th,dependent,0,0,0,1,0,1,0,1,1
qwen,rel::5/camera_7.jpg,rel::5/camera_7.jpg::ru::zh,ru,zh,dependent,0,0,0,1,0,1,0,1,1
qwen,rel::5/camera_7.jpg,rel::5/camera_7.jpg::th::en,th,en,dependent,0,1,0,1,1,1,0,0,0
qwen,rel::5/camera_7.jpg,rel::5/camera_7.jpg::th::ru,th,ru,dependent,1,1,0,0,0,0,-1,-1,0
qwen,rel::5/camera_7.jpg,rel::5/camera_7.jpg::th::zh,th,zh,dependent,1,1,1,1,0,0,0,0,0
qwen,rel::5/camera_7.jpg,rel::5/camera_7.jpg::zh::en,zh,en,dependent,1,1,1,1,0,0,0,0,0
qwen,rel::5/camera_7.jpg,rel::5/camera_7.jpg::zh::ru,zh,ru,dependent,0,0,0,0,0,0,0,0,0
qwen,rel::5/camera_7.jpg,rel::5/camera_7.jpg::zh::th,zh,th,dependent,0,1,0,1,1,1,0,0,0
qwen,rel::5/camera_8.jpg,rel::5/camera_8.jpg::en::ru,en,ru,independent,1,1,1,1,0,0,0,0,0
qwen,rel::5/camera_8.jpg,rel::5/camera_8.jpg::en::th,en,th,independent,1,1,1,1,0,0,0,0,0
qwen,rel::5/camera_8.jpg,rel::5/camera_8.jpg::en::zh,en,zh,independent,1,1,1,1,0,0,0,0,0
qwen,rel::5/camera_8.jpg,rel::5/camera_8.jpg::ru::en,ru,en,independent,1,1,1,1,0,0,0,0,0
qwen,rel::5/camera_8.jpg,rel::5/camera_8.jpg::ru::th,ru,th,independent,1,1,1,1,0,0,0,0,0
qwen,rel::5/camera_8.jpg,rel::5/camera_8.jpg::ru::zh,ru,zh,independent,1,1,1,1,0,0,0,0,0
qwen,rel::5/camera_8.jpg,rel::5/camera_8.jpg::th::en,th,en,independent,1,1,1,1,0,0,0,0,0
qwen,rel::5/camera_8.jpg,rel::5/camera_8.jpg::th::ru,th,ru,independent,1,1,1,1,0,0,0,0,0
qwen,rel::5/camera_8.jpg,rel::5/camera_8.jpg::th::zh,th,zh,independent,1,1,1,1,0,0,0,0,0
qwen,rel::5/camera_8.jpg,rel::5/camera_8.jpg::zh::en,zh,en,independent,1,1,1,1,0,0,0,0,0
qwen,rel::5/camera_8.jpg,rel::5/camera_8.jpg::zh::ru,zh,ru,independent,1,1,1,1,0,0,0,0,0
qwen,rel::5/camera_8.jpg,rel::5/camera_8.jpg::zh::th,zh,th,independent,1,1,1,1,0,0,0,0,0
qwen,rel::5/camera_9.jpg,rel::5/camera_9.jpg::en::ru,en,ru,dependent,1,1,1,1,0,0,0,0,0
qwen,rel::5/camera_9.jpg,rel::5/camera_9.jpg::en::th,en,th,dependent,0,1,0,1,1,1,0,0,0
qwen,rel::5/camera_9.jpg,rel::5/camera_9.jpg::en::zh,en,zh,dependent,1,1,1,1,0,0,0,0,0
qwen,rel::5/camera_9.jpg,rel::5/camera_9.jpg::ru::en,ru,en,dependent,1,1,1,1,0,0,0,0,0
qwen,rel::5/camera_9.jpg,rel::5/camera_9.jpg::ru::th,ru,th,dependent,0,1,0,1,1,1,0,0,0
qwen,rel::5/camera_9.jpg,rel::5/camera_9.jpg::ru::zh,ru,zh,dependent,1,1,1,1,0,0,0,0,0
qwen,rel::5/camera_9.jpg,rel::5/camera_9.jpg::th::en,th,en,dependent,1,1,1,1,0,0,0,0,0
qwen,rel::5/camera_9.jpg,rel::5/camera_9.jpg::th::ru,th,ru,dependent,1,1,1,1,0,0,0,0,0
qwen,rel::5/camera_9.jpg,rel::5/camera_9.jpg::th::zh,th,zh,dependent,1,1,1,1,0,0,0,0,0
qwen,rel::5/camera_9.jpg,rel::5/camera_9.jpg::zh::en,zh,en,dependent,1,1,1,1,0,0,0,0,0
qwen,rel::5/camera_9.jpg,rel::5/camera_9.jpg::zh::ru,zh,ru,dependent,1,1,1,1,0,0,0,0,0
qwen,rel::5/camera_9.jpg,rel::5/camera_9.jpg::zh::th,zh,th,dependent,0,1,0,1,1,1,0,0,0
qwen,rel::5/file_1.jpg,rel::5/file_1.jpg::en::ru,en,ru,dependent,1,1,1,1,0,0,0,0,0
qwen,rel::5/file_1.jpg,rel::5/file_1.jpg::en::th,en,th,dependent,1,1,1,1,0,0,0,0,0
qwen,rel::5/file_1.jpg,rel::5/file_1.jpg::en::zh,en,zh,dependent,1,1,1,1,0,0,0,0,0
qwen,rel::5/file_1.jpg,rel::5/file_1.jpg::ru::en,ru,en,dependent,1,1,1,1,0,0,0,0,0
qwen,rel::5/file_1.jpg,rel::5/file_1.jpg::ru::th,ru,th,dependent,1,1,1,1,0,0,0,0,0
qwen,rel::5/file_1.jpg,rel::5/file_1.jpg::ru::zh,ru,zh,dependent,1,1,1,1,0,0,0,0,0
qwen,rel::5/file_1.jpg,rel::5/file_1.jpg::th::en,th,en,dependent,1,1,1,1,0,0,0,0,0
qwen,rel::5/file_1.jpg,rel::5/file_1.jpg::th::ru,th,ru,dependent,1,0,1,1,-1,0,0,1,1
qwen,rel::5/file_1.jpg,rel::5/file_1.jpg::th::zh,th,zh,dependent,0,1,1,1,1,0,1,0,-1
qwen,rel::5/file_1.jpg,rel::5/file_1.jpg::zh::en,zh,en,dependent,1,1,1,1,0,0,0,0,0
qwen,rel::5/file_1.jpg,rel::5/file_1.jpg::zh::ru,zh,ru,dependent,1,1,1,1,0,0,0,0,0
qwen,rel::5/file_1.jpg,rel::5/file_1.jpg::zh::th,zh,th,dependent,1,1,1,1,0,0,0,0,0
qwen,rel::5/file_10.jpg,rel::5/file_10.jpg::en::ru,en,ru,dependent,1,1,1,1,0,0,0,0,0
qwen,rel::5/file_10.jpg,rel::5/file_10.jpg::en::th,en,th,dependent,1,1,1,1,0,0,0,0,0
qwen,rel::5/file_10.jpg,rel::5/file_10.jpg::en::zh,en,zh,dependent,1,1,1,1,0,0,0,0,0
qwen,rel::5/file_10.jpg,rel::5/file_10.jpg::ru::en,ru,en,dependent,1,1,1,1,0,0,0,0,0
qwen,rel::5/file_10.jpg,rel::5/file_10.jpg::ru::th,ru,th,dependent,0,1,1,1,1,0,1,0,-1
qwen,rel::5/file_10.jpg,rel::5/file_10.jpg::ru::zh,ru,zh,dependent,1,1,1,1,0,0,0,0,0
qwen,rel::5/file_10.jpg,rel::5/file_10.jpg::th::en,th,en,dependent,1,1,1,1,0,0,0,0,0
qwen,rel::5/file_10.jpg,rel::5/file_10.jpg::th::ru,th,ru,dependent,1,1,1,1,0,0,0,0,0
qwen,rel::5/file_10.jpg,rel::5/file_10.jpg::th::zh,th,zh,dependent,1,1,1,1,0,0,0,0,0
qwen,rel::5/file_10.jpg,rel::5/file_10.jpg::zh::en,zh,en,dependent,1,1,1,1,0,0,0,0,0
qwen,rel::5/file_10.jpg,rel::5/file_10.jpg::zh::ru,zh,ru,dependent,1,1,1,1,0,0,0,0,0
qwen,rel::5/file_10.jpg,rel::5/file_10.jpg::zh::th,zh,th,dependent,0,1,0,1,1,1,0,0,0
qwen,rel::5/file_11.jpg,rel::5/file_11.jpg::en::ru,en,ru,dependent,1,1,1,1,0,0,0,0,0
qwen,rel::5/file_11.jpg,rel::5/file_11.jpg::en::th,en,th,dependent,0,0,1,1,0,0,1,1,0
qwen,rel::5/file_11.jpg,rel::5/file_11.jpg::en::zh,en,zh,dependent,1,0,1,1,-1,0,0,1,1
qwen,rel::5/file_11.jpg,rel::5/file_11.jpg::ru::en,ru,en,dependent,1,1,1,1,0,0,0,0,0
qwen,rel::5/file_11.jpg,rel::5/file_11.jpg::ru::th,ru,th,dependent,0,0,1,1,0,0,1,1,0
qwen,rel::5/file_11.jpg,rel::5/file_11.jpg::ru::zh,ru,zh,dependent,1,1,1,1,0,0,0,0,0
qwen,rel::5/file_11.jpg,rel::5/file_11.jpg::th::en,th,en,dependent,1,1,0,1,0,1,-1,0,1
qwen,rel::5/file_11.jpg,rel::5/file_11.jpg::th::ru,th,ru,dependent,1,1,0,1,0,1,-1,0,1
qwen,rel::5/file_11.jpg,rel::5/file_11.jpg::th::zh,th,zh,dependent,1,1,1,1,0,0,0,0,0
qwen,rel::5/file_11.jpg,rel::5/file_11.jpg::zh::en,zh,en,dependent,1,1,0,1,0,1,-1,0,1
qwen,rel::5/file_11.jpg,rel::5/file_11.jpg::zh::ru,zh,ru,dependent,1,1,1,1,0,0,0,0,0
qwen,rel::5/file_11.jpg,rel::5/file_11.jpg::zh::th,zh,th,dependent,1,1,1,1,0,0,0,0,0
qwen,rel::5/file_12.jpg,rel::5/file_12.jpg::en::ru,en,ru,dependent,1,1,1,1,0,0,0,0,0
qwen,rel::5/file_12.jpg,rel::5/file_12.jpg::en::th,en,th,dependent,1,1,1,1,0,0,0,0,0
qwen,rel::5/file_12.jpg,rel::5/file_12.jpg::en::zh,en,zh,dependent,1,1,1,1,0,0,0,0,0
qwen,rel::5/file_12.jpg,rel::5/file_12.jpg::ru::en,ru,en,dependent,1,1,1,1,0,0,0,0,0
qwen,rel::5/file_12.jpg,rel::5/file_12.jpg::ru::th,ru,th,dependent,1,1,1,1,0,0,0,0,0
qwen,rel::5/file_12.jpg,rel::5/file_12.jpg::ru::zh,ru,zh,dependent,1,1,1,1,0,0,0,0,0
qwen,rel::5/file_12.jpg,rel::5/file_12.jpg::th::en,th,en,dependent,1,1,1,1,0,0,0,0,0
qwen,rel::5/file_12.jpg,rel::5/file_12.jpg::th::ru,th,ru,dependent,1,1,1,1,0,0,0,0,0
qwen,rel::5/file_12.jpg,rel::5/file_12.jpg::th::zh,th,zh,dependent,1,1,1,1,0,0,0,0,0
qwen,rel::5/file_12.jpg,rel::5/file_12.jpg::zh::en,zh,en,dependent,1,1,1,1,0,0,0,0,0
qwen,rel::5/file_12.jpg,rel::5/file_12.jpg::zh::ru,zh,ru,dependent,1,1,1,1,0,0,0,0,0
qwen,rel::5/file_12.jpg,rel::5/file_12.jpg::zh::th,zh,th,dependent,1,1,1,1,0,0,0,0,0
qwen,rel::5/file_13.jpg,rel::5/file_13.jpg::en::ru,en,ru,dependent,1,1,1,1,0,0,0,0,0
qwen,rel::5/file_13.jpg,rel::5/file_13.jpg::en::th,en,th,dependent,1,1,0,1,0,1,-1,0,1
qwen,rel::5/file_13.jpg,rel::5/file_13.jpg::en::zh,en,zh,dependent,1,1,1,1,0,0,0,0,0
qwen,rel::5/file_13.jpg,rel::5/file_13.jpg::ru::en,ru,en,dependent,1,1,1,1,0,0,0,0,0
qwen,rel::5/file_13.jpg,rel::5/file_13.jpg::ru::th,ru,th,dependent,0,1,0,1,1,1,0,0,0
qwen,rel::5/file_13.jpg,rel::5/file_13.jpg::ru::zh,ru,zh,dependent,0,1,1,1,1,0,1,0,-1
qwen,rel::5/file_13.jpg,rel::5/file_13.jpg::th::en,th,en,dependent,1,1,0,1,0,1,-1,0,1
qwen,rel::5/file_13.jpg,rel::5/file_13.jpg::th::ru,th,ru,dependent,0,1,0,1,1,1,0,0,0
qwen,rel::5/file_13.jpg,rel::5/file_13.jpg::th::zh,th,zh,dependent,0,0,1,1,0,0,1,1,0
qwen,rel::5/file_13.jpg,rel::5/file_13.jpg::zh::en,zh,en,dependent,1,1,0,1,0,1,-1,0,1
qwen,rel::5/file_13.jpg,rel::5/file_13.jpg::zh::ru,zh,ru,dependent,1,1,0,1,0,1,-1,0,1
qwen,rel::5/file_13.jpg,rel::5/file_13.jpg::zh::th,zh,th,dependent,0,1,0,1,1,1,0,0,0
qwen,rel::5/file_14.jpg,rel::5/file_14.jpg::en::ru,en,ru,dependent,1,1,1,1,0,0,0,0,0
qwen,rel::5/file_14.jpg,rel::5/file_14.jpg::en::th,en,th,dependent,1,1,0,1,0,1,-1,0,1
qwen,rel::5/file_14.jpg,rel::5/file_14.jpg::en::zh,en,zh,dependent,1,1,1,1,0,0,0,0,0
qwen,rel::5/file_14.jpg,rel::5/file_14.jpg::ru::en,ru,en,dependent,1,1,1,1,0,0,0,0,0
qwen,rel::5/file_14.jpg,rel::5/file_14.jpg::ru::th,ru,th,dependent,0,1,0,1,1,1,0,0,0
qwen,rel::5/file_14.jpg,rel::5/file_14.jpg::ru::zh,ru,zh,dependent,1,1,1,1,0,0,0,0,0
qwen,rel::5/file_14.jpg,rel::5/file_14.jpg::th::en,th,en,dependent,1,1,1,1,0,0,0,0,0
qwen,rel::5/file_14.jpg,rel::5/file_14.jpg::th::ru,th,ru,dependent,1,1,1,1,0,0,0,0,0
qwen,rel::5/file_14.jpg,rel::5/file_14.jpg::th::zh,th,zh,dependent,1,1,1,1,0,0,0,0,0
qwen,rel::5/file_14.jpg,rel::5/file_14.jpg::zh::en,zh,en,dependent,1,1,1,1,0,0,0,0,0
qwen,rel::5/file_14.jpg,rel::5/file_14.jpg::zh::ru,zh,ru,dependent,1,1,1,1,0,0,0,0,0
qwen,rel::5/file_14.jpg,rel::5/file_14.jpg::zh::th,zh,th,dependent,0,1,1,1,1,0,1,0,-1
qwen,rel::5/file_15.jpg,rel::5/file_15.jpg::en::ru,en,ru,dependent,1,1,1,1,0,0,0,0,0
qwen,rel::5/file_15.jpg,rel::5/file_15.jpg::en::th,en,th,dependent,1,1,1,1,0,0,0,0,0
qwen,rel::5/file_15.jpg,rel::5/file_15.jpg::en::zh,en,zh,dependent,1,1,1,1,0,0,0,0,0
qwen,rel::5/file_15.jpg,rel::5/file_15.jpg::ru::en,ru,en,dependent,1,1,1,1,0,0,0,0,0
qwen,rel::5/file_15.jpg,rel::5/file_15.jpg::ru::th,ru,th,dependent,1,1,1,1,0,0,0,0,0
qwen,rel::5/file_15.jpg,rel::5/file_15.jpg::ru::zh,ru,zh,dependent,0,1,0,1,1,1,0,0,0
qwen,rel::5/file_15.jpg,rel::5/file_15.jpg::th::en,th,en,dependent,1,1,0,1,0,1,-1,0,1
qwen,rel::5/file_15.jpg,rel::5/file_15.jpg::th::ru,th,ru,dependent,1,0,1,1,-1,0,0,1,1
qwen,rel::5/file_15.jpg,rel::5/file_15.jpg::th::zh,th,zh,dependent,0,1,1,1,1,0,1,0,-1
qwen,rel::5/file_15.jpg,rel::5/file_15.jpg::zh::en,zh,en,dependent,1,1,0,1,0,1,-1,0,1
qwen,rel::5/file_15.jpg,rel::5/file_15.jpg::zh::ru,zh,ru,dependent,1,1,0,1,0,1,-1,0,1
qwen,rel::5/file_15.jpg,rel::5/file_15.jpg::zh::th,zh,th,dependent,1,1,1,1,0,0,0,0,0
qwen,rel::5/file_16.jpg,rel::5/file_16.jpg::en::ru,en,ru,dependent,1,1,0,0,0,0,-1,-1,0
qwen,rel::5/file_16.jpg,rel::5/file_16.jpg::en::th,en,th,dependent,0,0,0,1,0,1,0,1,1
qwen,rel::5/file_16.jpg,rel::5/file_16.jpg::en::zh,en,zh,dependent,1,1,0,0,0,0,-1,-1,0
qwen,rel::5/file_16.jpg,rel::5/file_16.jpg::ru::en,ru,en,dependent,0,1,1,1,1,0,1,0,-1
qwen,rel::5/file_16.jpg,rel::5/file_16.jpg::ru::th,ru,th,dependent,0,0,0,1,0,1,0,1,1
qwen,rel::5/file_16.jpg,rel::5/file_16.jpg::ru::zh,ru,zh,dependent,0,0,0,0,0,0,0,0,0
qwen,rel::5/file_16.jpg,rel::5/file_16.jpg::th::en,th,en,dependent,1,1,1,1,0,0,0,0,0
qwen,rel::5/file_16.jpg,rel::5/file_16.jpg::th::ru,th,ru,dependent,1,1,0,0,0,0,-1,-1,0
qwen,rel::5/file_16.jpg,rel::5/file_16.jpg::th::zh,th,zh,dependent,1,1,1,1,0,0,0,0,0
qwen,rel::5/file_16.jpg,rel::5/file_16.jpg::zh::en,zh,en,dependent,1,1,1,1,0,0,0,0,0
qwen,rel::5/file_16.jpg,rel::5/file_16.jpg::zh::ru,zh,ru,dependent,0,0,0,0,0,0,0,0,0
qwen,rel::5/file_16.jpg,rel::5/file_16.jpg::zh::th,zh,th,dependent,0,0,1,1,0,0,1,1,0
qwen,rel::5/file_17.jpg,rel::5/file_17.jpg::en::ru,en,ru,dependent,1,1,1,1,0,0,0,0,0
qwen,rel::5/file_17.jpg,rel::5/file_17.jpg::en::th,en,th,dependent,1,1,1,1,0,0,0,0,0
qwen,rel::5/file_17.jpg,rel::5/file_17.jpg::en::zh,en,zh,dependent,1,1,1,1,0,0,0,0,0
qwen,rel::5/file_17.jpg,rel::5/file_17.jpg::ru::en,ru,en,dependent,1,1,1,1,0,0,0,0,0
qwen,rel::5/file_17.jpg,rel::5/file_17.jpg::ru::th,ru,th,dependent,1,1,1,1,0,0,0,0,0
qwen,rel::5/file_17.jpg,rel::5/file_17.jpg::ru::zh,ru,zh,dependent,1,1,1,1,0,0,0,0,0
qwen,rel::5/file_17.jpg,rel::5/file_17.jpg::th::en,th,en,dependent,1,1,1,1,0,0,0,0,0
qwen,rel::5/file_17.jpg,rel::5/file_17.jpg::th::ru,th,ru,dependent,1,1,1,1,0,0,0,0,0
qwen,rel::5/file_17.jpg,rel::5/file_17.jpg::th::zh,th,zh,dependent,1,1,1,1,0,0,0,0,0
qwen,rel::5/file_17.jpg,rel::5/file_17.jpg::zh::en,zh,en,dependent,1,1,1,1,0,0,0,0,0
qwen,rel::5/file_17.jpg,rel::5/file_17.jpg::zh::ru,zh,ru,dependent,1,1,1,1,0,0,0,0,0
qwen,rel::5/file_17.jpg,rel::5/file_17.jpg::zh::th,zh,th,dependent,1,1,1,1,0,0,0,0,0
qwen,rel::5/file_2.jpg,rel::5/file_2.jpg::en::ru,en,ru,dependent,1,1,1,0,0,-1,0,-1,-1
qwen,rel::5/file_2.jpg,rel::5/file_2.jpg::en::th,en,th,dependent,0,1,0,0,1,0,0,-1,-1
qwen,rel::5/file_2.jpg,rel::5/file_2.jpg::en::zh,en,zh,dependent,1,0,1,1,-1,0,0,1,1
qwen,rel::5/file_2.jpg,rel::5/file_2.jpg::ru::en,ru,en,dependent,1,0,1,0,-1,-1,0,0,0
qwen,rel::5/file_2.jpg,rel::5/file_2.jpg::ru::th,ru,th,dependent,0,0,0,0,0,0,0,0,0
qwen,rel::5/file_2.jpg,rel::5/file_2.jpg::ru::zh,ru,zh,dependent,0,0,1,1,0,0,1,1,0
qwen,rel::5/file_2.jpg,rel::5/file_2.jpg::th::en,th,en,dependent,0,1,0,0,1,0,0,-1,-1
qwen,rel::5/file_2.jpg,rel::5/file_2.jpg::th::ru,th,ru,dependent,1,1,0,0,0,0,-1,-1,0
qwen,rel::5/file_2.jpg,rel::5/file_2.jpg::th::zh,th,zh,dependent,1,1,1,1,0,0,0,0,0
qwen,rel::5/file_2.jpg,rel::5/file_2.jpg::zh::en,zh,en,dependent,1,0,1,0,-1,-1,0,0,0
qwen,rel::5/file_2.jpg,rel::5/file_2.jpg::zh::ru,zh,ru,dependent,1,1,1,0,0,-1,0,-1,-1
qwen,rel::5/file_2.jpg,rel::5/file_2.jpg::zh::th,zh,th,dependent,0,0,0,0,0,0,0,0,0
qwen,rel::5/file_3.jpg,rel::5/file_3.jpg::en::ru,en,ru,dependent,1,1,1,1,0,0,0,0,0
qwen,rel::5/file_3.jpg,rel::5/file_3.jpg::en::th,en,th,dependent,1,0,1,1,-1,0,0,1,1
qwen,rel::5/file_3.jpg,rel::5/file_3.jpg::en::zh,en,zh,dependent,1,1,1,1,0,0,0,0,0
qwen,rel::5/file_3.jpg,rel::5/file_3.jpg::ru::en,ru,en,dependent,1,1,1,1,0,0,0,0,0
qwen,rel::5/file_3.jpg,rel::5/file_3.jpg::ru::th,ru,th,dependent,1,0,0,1,-1,1,-1,1,2
qwen,rel::5/file_3.jpg,rel::5/file_3.jpg::ru::zh,ru,zh,dependent,1,1,1,1,0,0,0,0,0
qwen,rel::5/file_3.jpg,rel::5/file_3.jpg::th::en,th,en,dependent,1,1,0,1,0,1,-1,0,1
qwen,rel::5/file_3.jpg,rel::5/file_3.jpg::th::ru,th,ru,dependent,1,1,0,1,0,1,-1,0,1
qwen,rel::5/file_3.jpg,rel::5/file_3.jpg::th::zh,th,zh,dependent,1,1,0,1,0,1,-1,0,1
qwen,rel::5/file_3.jpg,rel::5/file_3.jpg::zh::en,zh,en,dependent,1,1,1,1,0,0,0,0,0
qwen,rel::5/file_3.jpg,rel::5/file_3.jpg::zh::ru,zh,ru,dependent,1,1,1,1,0,0,0,0,0
qwen,rel::5/file_3.jpg,rel::5/file_3.jpg::zh::th,zh,th,dependent,0,1,0,1,1,1,0,0,0
qwen,rel::5/file_4.jpg,rel::5/file_4.jpg::en::ru,en,ru,dependent,1,1,1,1,0,0,0,0,0
qwen,rel::5/file_4.jpg,rel::5/file_4.jpg::en::th,en,th,dependent,1,1,0,1,0,1,-1,0,1
qwen,rel::5/file_4.jpg,rel::5/file_4.jpg::en::zh,en,zh,dependent,1,1,1,1,0,0,0,0,0
qwen,rel::5/file_4.jpg,rel::5/file_4.jpg::ru::en,ru,en,dependent,1,1,1,1,0,0,0,0,0
qwen,rel::5/file_4.jpg,rel::5/file_4.jpg::ru::th,ru,th,dependent,1,1,0,1,0,1,-1,0,1
qwen,rel::5/file_4.jpg,rel::5/file_4.jpg::ru::zh,ru,zh,dependent,1,1,1,1,0,0,0,0,0
qwen,rel::5/file_4.jpg,rel::5/file_4.jpg::th::en,th,en,dependent,0,1,1,1,1,0,1,0,-1
qwen,rel::5/file_4.jpg,rel::5/file_4.jpg::th::ru,th,ru,dependent,0,1,1,1,1,0,1,0,-1
qwen,rel::5/file_4.jpg,rel::5/file_4.jpg::th::zh,th,zh,dependent,1,1,1,1,0,0,0,0,0
qwen,rel::5/file_4.jpg,rel::5/file_4.jpg::zh::en,zh,en,dependent,1,1,1,1,0,0,0,0,0
qwen,rel::5/file_4.jpg,rel::5/file_4.jpg::zh::ru,zh,ru,dependent,1,1,0,1,0,1,-1,0,1
qwen,rel::5/file_4.jpg,rel::5/file_4.jpg::zh::th,zh,th,dependent,1,1,0,1,0,1,-1,0,1
qwen,rel::5/file_5.jpg,rel::5/file_5.jpg::en::ru,en,ru,independent,0,0,0,0,0,0,0,0,0
qwen,rel::5/file_5.jpg,rel::5/file_5.jpg::en::th,en,th,independent,1,1,1,1,0,0,0,0,0
qwen,rel::5/file_5.jpg,rel::5/file_5.jpg::en::zh,en,zh,independent,0,0,0,0,0,0,0,0,0
qwen,rel::5/file_5.jpg,rel::5/file_5.jpg::ru::en,ru,en,independent,0,0,0,0,0,0,0,0,0
qwen,rel::5/file_5.jpg,rel::5/file_5.jpg::ru::th,ru,th,independent,1,1,1,1,0,0,0,0,0
qwen,rel::5/file_5.jpg,rel::5/file_5.jpg::ru::zh,ru,zh,independent,0,0,0,0,0,0,0,0,0
qwen,rel::5/file_5.jpg,rel::5/file_5.jpg::th::en,th,en,independent,1,1,0,0,0,0,-1,-1,0
qwen,rel::5/file_5.jpg,rel::5/file_5.jpg::th::ru,th,ru,independent,1,1,0,0,0,0,-1,-1,0
qwen,rel::5/file_5.jpg,rel::5/file_5.jpg::th::zh,th,zh,independent,1,1,0,0,0,0,-1,-1,0
qwen,rel::5/file_5.jpg,rel::5/file_5.jpg::zh::en,zh,en,independent,0,0,0,0,0,0,0,0,0
qwen,rel::5/file_5.jpg,rel::5/file_5.jpg::zh::ru,zh,ru,independent,0,0,0,0,0,0,0,0,0
qwen,rel::5/file_5.jpg,rel::5/file_5.jpg::zh::th,zh,th,independent,0,0,1,1,0,0,1,1,0
qwen,rel::5/file_6.jpg,rel::5/file_6.jpg::en::ru,en,ru,dependent,1,1,1,1,0,0,0,0,0
qwen,rel::5/file_6.jpg,rel::5/file_6.jpg::en::th,en,th,dependent,1,1,1,1,0,0,0,0,0
qwen,rel::5/file_6.jpg,rel::5/file_6.jpg::en::zh,en,zh,dependent,1,1,1,1,0,0,0,0,0
qwen,rel::5/file_6.jpg,rel::5/file_6.jpg::ru::en,ru,en,dependent,1,1,1,1,0,0,0,0,0
qwen,rel::5/file_6.jpg,rel::5/file_6.jpg::ru::th,ru,th,dependent,1,1,1,1,0,0,0,0,0
qwen,rel::5/file_6.jpg,rel::5/file_6.jpg::ru::zh,ru,zh,dependent,1,1,1,1,0,0,0,0,0
qwen,rel::5/file_6.jpg,rel::5/file_6.jpg::th::en,th,en,dependent,1,1,1,1,0,0,0,0,0
qwen,rel::5/file_6.jpg,rel::5/file_6.jpg::th::ru,th,ru,dependent,1,1,1,1,0,0,0,0,0
qwen,rel::5/file_6.jpg,rel::5/file_6.jpg::th::zh,th,zh,dependent,1,1,0,1,0,1,-1,0,1
qwen,rel::5/file_6.jpg,rel::5/file_6.jpg::zh::en,zh,en,dependent,1,1,1,1,0,0,0,0,0
qwen,rel::5/file_6.jpg,rel::5/file_6.jpg::zh::ru,zh,ru,dependent,1,1,1,1,0,0,0,0,0
qwen,rel::5/file_6.jpg,rel::5/file_6.jpg::zh::th,zh,th,dependent,1,1,1,1,0,0,0,0,0
qwen,rel::5/file_7.jpg,rel::5/file_7.jpg::en::ru,en,ru,dependent,1,1,1,1,0,0,0,0,0
qwen,rel::5/file_7.jpg,rel::5/file_7.jpg::en::th,en,th,dependent,1,1,1,1,0,0,0,0,0
qwen,rel::5/file_7.jpg,rel::5/file_7.jpg::en::zh,en,zh,dependent,1,1,1,1,0,0,0,0,0
qwen,rel::5/file_7.jpg,rel::5/file_7.jpg::ru::en,ru,en,dependent,1,1,1,1,0,0,0,0,0
qwen,rel::5/file_7.jpg,rel::5/file_7.jpg::ru::th,ru,th,dependent,1,1,0,1,0,1,-1,0,1
qwen,rel::5/file_7.jpg,rel::5/file_7.jpg::ru::zh,ru,zh,dependent,1,1,1,1,0,0,0,0,0
qwen,rel::5/file_7.jpg,rel::5/file_7.jpg::th::en,th,en,dependent,0,1,1,1,1,0,1,0,-1
qwen,rel::5/file_7.jpg,rel::5/file_7.jpg::th::ru,th,ru,dependent,0,1,0,1,1,1,0,0,0
qwen,rel::5/file_7.jpg,rel::5/file_7.jpg::th::zh,th,zh,dependent,1,1,0,1,0,1,-1,0,1
qwen,rel::5/file_7.jpg,rel::5/file_7.jpg::zh::en,zh,en,dependent,1,1,1,1,0,0,0,0,0
qwen,rel::5/file_7.jpg,rel::5/file_7.jpg::zh::ru,zh,ru,dependent,1,1,1,1,0,0,0,0,0
qwen,rel::5/file_7.jpg,rel::5/file_7.jpg::zh::th,zh,th,dependent,1,1,0,1,0,1,-1,0,1
qwen,rel::5/file_8.jpg,rel::5/file_8.jpg::en::ru,en,ru,dependent,1,1,1,1,0,0,0,0,0
qwen,rel::5/file_8.jpg,rel::5/file_8.jpg::en::th,en,th,dependent,0,1,0,1,1,1,0,0,0
qwen,rel::5/file_8.jpg,rel::5/file_8.jpg::en::zh,en,zh,dependent,1,1,1,1,0,0,0,0,0
qwen,rel::5/file_8.jpg,rel::5/file_8.jpg::ru::en,ru,en,dependent,1,1,1,1,0,0,0,0,0
qwen,rel::5/file_8.jpg,rel::5/file_8.jpg::ru::th,ru,th,dependent,0,1,0,1,1,1,0,0,0
qwen,rel::5/file_8.jpg,rel::5/file_8.jpg::ru::zh,ru,zh,dependent,1,1,1,1,0,0,0,0,0
qwen,rel::5/file_8.jpg,rel::5/file_8.jpg::th::en,th,en,dependent,1,1,1,1,0,0,0,0,0
qwen,rel::5/file_8.jpg,rel::5/file_8.jpg::th::ru,th,ru,dependent,1,1,1,1,0,0,0,0,0
qwen,rel::5/file_8.jpg,rel::5/file_8.jpg::th::zh,th,zh,dependent,1,1,1,1,0,0,0,0,0
qwen,rel::5/file_8.jpg,rel::5/file_8.jpg::zh::en,zh,en,dependent,1,1,1,1,0,0,0,0,0
qwen,rel::5/file_8.jpg,rel::5/file_8.jpg::zh::ru,zh,ru,dependent,1,1,1,1,0,0,0,0,0
qwen,rel::5/file_8.jpg,rel::5/file_8.jpg::zh::th,zh,th,dependent,0,1,0,1,1,1,0,0,0
qwen,rel::5/file_9.jpg,rel::5/file_9.jpg::en::ru,en,ru,independent,1,1,0,0,0,0,-1,-1,0
qwen,rel::5/file_9.jpg,rel::5/file_9.jpg::en::th,en,th,independent,0,0,0,0,0,0,0,0,0
qwen,rel::5/file_9.jpg,rel::5/file_9.jpg::en::zh,en,zh,independent,1,1,0,0,0,0,-1,-1,0
qwen,rel::5/file_9.jpg,rel::5/file_9.jpg::ru::en,ru,en,independent,0,0,0,0,0,0,0,0,0
qwen,rel::5/file_9.jpg,rel::5/file_9.jpg::ru::th,ru,th,independent,0,0,0,0,0,0,0,0,0
qwen,rel::5/file_9.jpg,rel::5/file_9.jpg::ru::zh,ru,zh,independent,0,0,0,0,0,0,0,0,0
qwen,rel::5/file_9.jpg,rel::5/file_9.jpg::th::en,th,en,independent,0,0,0,0,0,0,0,0,0
qwen,rel::5/file_9.jpg,rel::5/file_9.jpg::th::ru,th,ru,independent,0,0,0,0,0,0,0,0,0
qwen,rel::5/file_9.jpg,rel::5/file_9.jpg::th::zh,th,zh,independent,0,0,0,0,0,0,0,0,0
qwen,rel::5/file_9.jpg,rel::5/file_9.jpg::zh::en,zh,en,independent,0,0,0,0,0,0,0,0,0
qwen,rel::5/file_9.jpg,rel::5/file_9.jpg::zh::ru,zh,ru,independent,0,0,0,0,0,0,0,0,0
qwen,rel::5/file_9.jpg,rel::5/file_9.jpg::zh::th,zh,th,independent,0,0,0,0,0,0,0,0,0
qwen,rel::5/forest_1.jpg,rel::5/forest_1.jpg::en::ru,en,ru,dependent,1,1,1,1,0,0,0,0,0
qwen,rel::5/forest_1.jpg,rel::5/forest_1.jpg::en::th,en,th,dependent,1,1,1,1,0,0,0,0,0
qwen,rel::5/forest_1.jpg,rel::5/forest_1.jpg::en::zh,en,zh,dependent,1,1,1,1,0,0,0,0,0
qwen,rel::5/forest_1.jpg,rel::5/forest_1.jpg::ru::en,ru,en,dependent,1,1,1,1,0,0,0,0,0
qwen,rel::5/forest_1.jpg,rel::5/forest_1.jpg::ru::th,ru,th,dependent,1,1,1,1,0,0,0,0,0
qwen,rel::5/forest_1.jpg,rel::5/forest_1.jpg::ru::zh,ru,zh,dependent,1,1,1,1,0,0,0,0,0
qwen,rel::5/forest_1.jpg,rel::5/forest_1.jpg::th::en,th,en,dependent,1,1,1,1,0,0,0,0,0
qwen,rel::5/forest_1.jpg,rel::5/forest_1.jpg::th::ru,th,ru,dependent,1,1,1,1,0,0,0,0,0
qwen,rel::5/forest_1.jpg,rel::5/forest_1.jpg::th::zh,th,zh,dependent,1,0,1,1,-1,0,0,1,1
qwen,rel::5/forest_1.jpg,rel::5/forest_1.jpg::zh::en,zh,en,dependent,1,1,1,1,0,0,0,0,0
qwen,rel::5/forest_1.jpg,rel::5/forest_1.jpg::zh::ru,zh,ru,dependent,1,1,1,1,0,0,0,0,0
qwen,rel::5/forest_1.jpg,rel::5/forest_1.jpg::zh::th,zh,th,dependent,1,1,1,1,0,0,0,0,0
qwen,rel::5/forest_10.jpg,rel::5/forest_10.jpg::en::ru,en,ru,independent,1,1,0,0,0,0,-1,-1,0
qwen,rel::5/forest_10.jpg,rel::5/forest_10.jpg::en::th,en,th,independent,1,1,1,1,0,0,0,0,0
qwen,rel::5/forest_10.jpg,rel::5/forest_10.jpg::ru::en,ru,en,independent,0,0,1,1,0,0,1,1,0
qwen,rel::5/forest_10.jpg,rel::5/forest_10.jpg::ru::th,ru,th,independent,0,0,0,1,0,1,0,1,1
qwen,rel::5/forest_10.jpg,rel::5/forest_10.jpg::th::en,th,en,independent,0,1,1,1,1,0,1,0,-1
qwen,rel::5/forest_10.jpg,rel::5/forest_10.jpg::th::ru,th,ru,independent,1,1,0,0,0,0,-1,-1,0
qwen,rel::5/forest_11.jpg,rel::5/forest_11.jpg::en::ru,en,ru,dependent,1,1,1,1,0,0,0,0,0
qwen,rel::5/forest_11.jpg,rel::5/forest_11.jpg::en::th,en,th,dependent,1,1,1,1,0,0,0,0,0
qwen,rel::5/forest_11.jpg,rel::5/forest_11.jpg::en::zh,en,zh,dependent,1,1,1,1,0,0,0,0,0
qwen,rel::5/forest_11.jpg,rel::5/forest_11.jpg::ru::en,ru,en,dependent,1,1,1,1,0,0,0,0,0
qwen,rel::5/forest_11.jpg,rel::5/forest_11.jpg::ru::th,ru,th,dependent,1,1,1,1,0,0,0,0,0
qwen,rel::5/forest_11.jpg,rel::5/forest_11.jpg::ru::zh,ru,zh,dependent,0,1,1,1,1,0,1,0,-1
qwen,rel::5/forest_11.jpg,rel::5/forest_11.jpg::th::en,th,en,dependent,1,1,1,1,0,0,0,0,0
qwen,rel::5/forest_11.jpg,rel::5/forest_11.jpg::th::ru,th,ru,dependent,0,1,1,1,1,0,1,0,-1
qwen,rel::5/forest_11.jpg,rel::5/forest_11.jpg::th::zh,th,zh,dependent,0,1,1,1,1,0,1,0,-1
qwen,rel::5/forest_11.jpg,rel::5/forest_11.jpg::zh::en,zh,en,dependent,1,1,1,1,0,0,0,0,0
qwen,rel::5/forest_11.jpg,rel::5/forest_11.jpg::zh::ru,zh,ru,dependent,0,1,1,1,1,0,1,0,-1
qwen,rel::5/forest_11.jpg,rel::5/forest_11.jpg::zh::th,zh,th,dependent,1,1,1,1,0,0,0,0,0
qwen,rel::5/forest_12.jpg,rel::5/forest_12.jpg::en::ru,en,ru,dependent,1,0,0,0,-1,0,-1,0,1
qwen,rel::5/forest_12.jpg,rel::5/forest_12.jpg::en::th,en,th,dependent,1,0,1,0,-1,-1,0,0,0
qwen,rel::5/forest_12.jpg,rel::5/forest_12.jpg::en::zh,en,zh,dependent,1,0,1,1,-1,0,0,1,1
qwen,rel::5/forest_12.jpg,rel::5/forest_12.jpg::ru::en,ru,en,dependent,0,0,0,0,0,0,0,0,0
qwen,rel::5/forest_12.jpg,rel::5/forest_12.jpg::ru::th,ru,th,dependent,0,0,0,0,0,0,0,0,0
qwen,rel::5/forest_12.jpg,rel::5/forest_12.jpg::ru::zh,ru,zh,dependent,0,0,0,1,0,1,0,1,1
qwen,rel::5/forest_12.jpg,rel::5/forest_12.jpg::th::en,th,en,dependent,1,0,0,0,-1,0,-1,0,1
qwen,rel::5/forest_12.jpg,rel::5/forest_12.jpg::th::ru,th,ru,dependent,1,0,0,0,-1,0,-1,0,1
qwen,rel::5/forest_12.jpg,rel::5/forest_12.jpg::th::zh,th,zh,dependent,1,0,0,1,-1,1,-1,1,2
qwen,rel::5/forest_12.jpg,rel::5/forest_12.jpg::zh::en,zh,en,dependent,1,1,0,0,0,0,-1,-1,0
qwen,rel::5/forest_12.jpg,rel::5/forest_12.jpg::zh::ru,zh,ru,dependent,1,1,0,0,0,0,-1,-1,0
qwen,rel::5/forest_12.jpg,rel::5/forest_12.jpg::zh::th,zh,th,dependent,0,0,1,0,0,-1,1,0,-1
qwen,rel::5/forest_13.jpg,rel::5/forest_13.jpg::en::ru,en,ru,dependent,1,1,1,1,0,0,0,0,0
qwen,rel::5/forest_13.jpg,rel::5/forest_13.jpg::en::th,en,th,dependent,0,0,0,0,0,0,0,0,0
qwen,rel::5/forest_13.jpg,rel::5/forest_13.jpg::en::zh,en,zh,dependent,0,0,0,0,0,0,0,0,0
qwen,rel::5/forest_13.jpg,rel::5/forest_13.jpg::ru::en,ru,en,dependent,1,1,1,1,0,0,0,0,0
qwen,rel::5/forest_13.jpg,rel::5/forest_13.jpg::ru::th,ru,th,dependent,0,1,0,0,1,0,0,-1,-1
qwen,rel::5/forest_13.jpg,rel::5/forest_13.jpg::ru::zh,ru,zh,dependent,0,0,0,0,0,0,0,0,0
qwen,rel::5/forest_13.jpg,rel::5/forest_13.jpg::th::en,th,en,dependent,0,1,0,1,1,1,0,0,0
qwen,rel::5/forest_13.jpg,rel::5/forest_13.jpg::th::ru,th,ru,dependent,0,1,0,1,1,1,0,0,0
qwen,rel::5/forest_13.jpg,rel::5/forest_13.jpg::th::zh,th,zh,dependent,0,0,0,0,0,0,0,0,0
qwen,rel::5/forest_13.jpg,rel::5/forest_13.jpg::zh::en,zh,en,dependent,0,1,0,1,1,1,0,0,0
qwen,rel::5/forest_13.jpg,rel::5/forest_13.jpg::zh::ru,zh,ru,dependent,0,1,0,1,1,1,0,0,0
qwen,rel::5/forest_13.jpg,rel::5/forest_13.jpg::zh::th,zh,th,dependent,0,0,0,0,0,0,0,0,0
qwen,rel::5/forest_2.jpg,rel::5/forest_2.jpg::en::ru,en,ru,dependent,1,1,0,1,0,1,-1,0,1
qwen,rel::5/forest_2.jpg,rel::5/forest_2.jpg::en::th,en,th,dependent,1,1,0,0,0,0,-1,-1,0
qwen,rel::5/forest_2.jpg,rel::5/forest_2.jpg::en::zh,en,zh,dependent,1,1,1,1,0,0,0,0,0
qwen,rel::5/forest_2.jpg,rel::5/forest_2.jpg::ru::en,ru,en,dependent,0,1,1,1,1,0,1,0,-1
qwen,rel::5/forest_2.jpg,rel::5/forest_2.jpg::ru::th,ru,th,dependent,1,1,0,0,0,0,-1,-1,0
qwen,rel::5/forest_2.jpg,rel::5/forest_2.jpg::ru::zh,ru,zh,dependent,1,1,1,1,0,0,0,0,0
qwen,rel::5/forest_2.jpg,rel::5/forest_2.jpg::th::en,th,en,dependent,0,0,1,1,0,0,1,1,0
qwen,rel::5/forest_2.jpg,rel::5/forest_2.jpg::th::ru,th,ru,dependent,0,0,0,1,0,1,0,1,1
qwen,rel::5/forest_2.jpg,rel::5/forest_2.jpg::th::zh,th,zh,dependent,0,0,1,1,0,0,1,1,0
qwen,rel::5/forest_2.jpg,rel::5/forest_2.jpg::zh::en,zh,en,dependent,1,1,1,1,0,0,0,0,0
qwen,rel::5/forest_2.jpg,rel::5/forest_2.jpg::zh::ru,zh,ru,dependent,1,1,0,1,0,1,-1,0,1
qwen,rel::5/forest_2.jpg,rel::5/forest_2.jpg::zh::th,zh,th,dependent,1,1,1,0,0,-1,0,-1,-1
qwen,rel::5/forest_3.jpg,rel::5/forest_3.jpg::en::ru,en,ru,dependent,1,1,1,1,0,0,0,0,0
qwen,rel::5/forest_3.jpg,rel::5/forest_3.jpg::en::th,en,th,dependent,1,1,1,1,0,0,0,0,0
qwen,rel::5/forest_3.jpg,rel::5/forest_3.jpg::en::zh,en,zh,dependent,1,1,1,1,0,0,0,0,0
qwen,rel::5/forest_3.jpg,rel::5/forest_3.jpg::ru::en,ru,en,dependent,1,1,1,1,0,0,0,0,0
qwen,rel::5/forest_3.jpg,rel::5/forest_3.jpg::ru::th,ru,th,dependent,1,1,1,1,0,0,0,0,0
qwen,rel::5/forest_3.jpg,rel::5/forest_3.jpg::ru::zh,ru,zh,dependent,1,1,1,1,0,0,0,0,0
qwen,rel::5/forest_3.jpg,rel::5/forest_3.jpg::th::en,th,en,dependent,1,1,1,1,0,0,0,0,0
qwen,rel::5/forest_3.jpg,rel::5/forest_3.jpg::th::ru,th,ru,dependent,1,1,1,1,0,0,0,0,0
qwen,rel::5/forest_3.jpg,rel::5/forest_3.jpg::th::zh,th,zh,dependent,1,1,1,1,0,0,0,0,0
qwen,rel::5/forest_3.jpg,rel::5/forest_3.jpg::zh::en,zh,en,dependent,0,1,0,1,1,1,0,0,0
qwen,rel::5/forest_3.jpg,rel::5/forest_3.jpg::zh::ru,zh,ru,dependent,0,1,0,1,1,1,0,0,0
qwen,rel::5/forest_3.jpg,rel::5/forest_3.jpg::zh::th,zh,th,dependent,0,1,0,1,1,1,0,0,0
qwen,rel::5/forest_4.jpg,rel::5/forest_4.jpg::en::ru,en,ru,independent,0,0,1,1,0,0,1,1,0
qwen,rel::5/forest_4.jpg,rel::5/forest_4.jpg::en::th,en,th,independent,0,0,0,0,0,0,0,0,0
qwen,rel::5/forest_4.jpg,rel::5/forest_4.jpg::en::zh,en,zh,independent,0,0,0,0,0,0,0,0,0
qwen,rel::5/forest_4.jpg,rel::5/forest_4.jpg::ru::en,ru,en,independent,1,1,0,0,0,0,-1,-1,0
qwen,rel::5/forest_4.jpg,rel::5/forest_4.jpg::ru::th,ru,th,independent,1,1,0,0,0,0,-1,-1,0
qwen,rel::5/forest_4.jpg,rel::5/forest_4.jpg::ru::zh,ru,zh,independent,1,1,0,0,0,0,-1,-1,0
qwen,rel::5/forest_4.jpg,rel::5/forest_4.jpg::th::en,th,en,independent,0,0,0,0,0,0,0,0,0
qwen,rel::5/forest_4.jpg,rel::5/forest_4.jpg::th::ru,th,ru,independent,0,0,1,1,0,0,1,1,0
qwen,rel::5/forest_4.jpg,rel::5/forest_4.jpg::th::zh,th,zh,independent,0,0,0,0,0,0,0,0,0
qwen,rel::5/forest_4.jpg,rel::5/forest_4.jpg::zh::en,zh,en,independent,0,0,0,0,0,0,0,0,0
qwen,rel::5/forest_4.jpg,rel::5/forest_4.jpg::zh::ru,zh,ru,independent,0,0,1,1,0,0,1,1,0
qwen,rel::5/forest_4.jpg,rel::5/forest_4.jpg::zh::th,zh,th,independent,0,0,0,0,0,0,0,0,0
qwen,rel::5/forest_5.jpg,rel::5/forest_5.jpg::en::ru,en,ru,dependent,1,1,1,1,0,0,0,0,0
qwen,rel::5/forest_5.jpg,rel::5/forest_5.jpg::en::th,en,th,dependent,1,1,1,1,0,0,0,0,0
qwen,rel::5/forest_5.jpg,rel::5/forest_5.jpg::en::zh,en,zh,dependent,1,1,1,1,0,0,0,0,0
qwen,rel::5/forest_5.jpg,rel::5/forest_5.jpg::ru::en,ru,en,dependent,1,1,1,1,0,0,0,0,0
qwen,rel::5/forest_5.jpg,rel::5/forest_5.jpg::ru::th,ru,th,dependent,1,1,1,1,0,0,0,0,0
qwen,rel::5/forest_5.jpg,rel::5/forest_5.jpg::ru::zh,ru,zh,dependent,1,1,1,1,0,0,0,0,0
qwen,rel::5/forest_5.jpg,rel::5/forest_5.jpg::th::en,th,en,dependent,1,1,1,1,0,0,0,0,0
qwen,rel::5/forest_5.jpg,rel::5/forest_5.jpg::th::ru,th,ru,dependent,1,1,1,1,0,0,0,0,0
qwen,rel::5/forest_5.jpg,rel::5/forest_5.jpg::th::zh,th,zh,dependent,1,1,1,1,0,0,0,0,0
qwen,rel::5/forest_5.jpg,rel::5/forest_5.jpg::zh::en,zh,en,dependent,1,1,1,1,0,0,0,0,0
qwen,rel::5/forest_5.jpg,rel::5/forest_5.jpg::zh::ru,zh,ru,dependent,1,1,1,1,0,0,0,0,0
qwen,rel::5/forest_5.jpg,rel::5/forest_5.jpg::zh::th,zh,th,dependent,1,1,1,1,0,0,0,0,0
qwen,rel::5/forest_6.jpg,rel::5/forest_6.jpg::en::ru,en,ru,dependent,0,0,0,0,0,0,0,0,0
qwen,rel::5/forest_6.jpg,rel::5/forest_6.jpg::en::th,en,th,dependent,0,0,0,0,0,0,0,0,0
qwen,rel::5/forest_6.jpg,rel::5/forest_6.jpg::en::zh,en,zh,dependent,0,0,0,0,0,0,0,0,0
qwen,rel::5/forest_6.jpg,rel::5/forest_6.jpg::ru::en,ru,en,dependent,0,0,0,0,0,0,0,0,0
qwen,rel::5/forest_6.jpg,rel::5/forest_6.jpg::ru::th,ru,th,dependent,0,0,0,0,0,0,0,0,0
qwen,rel::5/forest_6.jpg,rel::5/forest_6.jpg::ru::zh,ru,zh,dependent,0,0,0,0,0,0,0,0,0
qwen,rel::5/forest_6.jpg,rel::5/forest_6.jpg::th::en,th,en,dependent,1,1,0,0,0,0,-1,-1,0
qwen,rel::5/forest_6.jpg,rel::5/forest_6.jpg::th::ru,th,ru,dependent,0,1,0,0,1,0,0,-1,-1
qwen,rel::5/forest_6.jpg,rel::5/forest_6.jpg::th::zh,th,zh,dependent,1,1,0,0,0,0,-1,-1,0
qwen,rel::5/forest_6.jpg,rel::5/forest_6.jpg::zh::en,zh,en,dependent,0,0,0,0,0,0,0,0,0
qwen,rel::5/forest_6.jpg,rel::5/forest_6.jpg::zh::ru,zh,ru,dependent,0,0,0,0,0,0,0,0,0
qwen,rel::5/forest_6.jpg,rel::5/forest_6.jpg::zh::th,zh,th,dependent,0,0,0,0,0,0,0,0,0
qwen,rel::5/forest_7.jpg,rel::5/forest_7.jpg::en::ru,en,ru,dependent,1,1,1,1,0,0,0,0,0
qwen,rel::5/forest_7.jpg,rel::5/forest_7.jpg::en::th,en,th,dependent,1,1,1,0,0,-1,0,-1,-1
qwen,rel::5/forest_7.jpg,rel::5/forest_7.jpg::en::zh,en,zh,dependent,1,1,1,1,0,0,0,0,0
qwen,rel::5/forest_7.jpg,rel::5/forest_7.jpg::ru::en,ru,en,dependent,1,1,1,1,0,0,0,0,0
qwen,rel::5/forest_7.jpg,rel::5/forest_7.jpg::ru::th,ru,th,dependent,1,1,1,0,0,-1,0,-1,-1
qwen,rel::5/forest_7.jpg,rel::5/forest_7.jpg::ru::zh,ru,zh,dependent,1,1,1,1,0,0,0,0,0
qwen,rel::5/forest_7.jpg,rel::5/forest_7.jpg::th::en,th,en,dependent,0,0,1,1,0,0,1,1,0
qwen,rel::5/forest_7.jpg,rel::5/forest_7.jpg::th::ru,th,ru,dependent,0,0,1,1,0,0,1,1,0
qwen,rel::5/forest_7.jpg,rel::5/forest_7.jpg::th::zh,th,zh,dependent,0,0,1,1,0,0,1,1,0
qwen,rel::5/forest_7.jpg,rel::5/forest_7.jpg::zh::en,zh,en,dependent,1,1,1,1,0,0,0,0,0
qwen,rel::5/forest_7.jpg,rel::5/forest_7.jpg::zh::ru,zh,ru,dependent,1,1,1,1,0,0,0,0,0
qwen,rel::5/forest_7.jpg,rel::5/forest_7.jpg::zh::th,zh,th,dependent,1,1,1,0,0,-1,0,-1,-1
qwen,rel::5/forest_8.jpg,rel::5/forest_8.jpg::en::ru,en,ru,dependent,1,1,1,1,0,0,0,0,0
qwen,rel::5/forest_8.jpg,rel::5/forest_8.jpg::en::th,en,th,dependent,1,1,0,1,0,1,-1,0,1
qwen,rel::5/forest_8.jpg,rel::5/forest_8.jpg::en::zh,en,zh,dependent,1,1,1,1,0,0,0,0,0
qwen,rel::5/forest_8.jpg,rel::5/forest_8.jpg::ru::en,ru,en,dependent,1,1,1,1,0,0,0,0,0
qwen,rel::5/forest_8.jpg,rel::5/forest_8.jpg::ru::th,ru,th,dependent,1,1,0,1,0,1,-1,0,1
qwen,rel::5/forest_8.jpg,rel::5/forest_8.jpg::ru::zh,ru,zh,dependent,1,1,1,1,0,0,0,0,0
qwen,rel::5/forest_8.jpg,rel::5/forest_8.jpg::th::en,th,en,dependent,1,1,1,1,0,0,0,0,0
qwen,rel::5/forest_8.jpg,rel::5/forest_8.jpg::th::ru,th,ru,dependent,1,1,1,1,0,0,0,0,0
qwen,rel::5/forest_8.jpg,rel::5/forest_8.jpg::th::zh,th,zh,dependent,1,0,1,1,-1,0,0,1,1
qwen,rel::5/forest_8.jpg,rel::5/forest_8.jpg::zh::en,zh,en,dependent,1,1,1,1,0,0,0,0,0
qwen,rel::5/forest_8.jpg,rel::5/forest_8.jpg::zh::ru,zh,ru,dependent,1,1,1,1,0,0,0,0,0
qwen,rel::5/forest_8.jpg,rel::5/forest_8.jpg::zh::th,zh,th,dependent,1,1,1,1,0,0,0,0,0
qwen,rel::5/forest_9.jpg,rel::5/forest_9.jpg::en::ru,en,ru,dependent,1,1,1,1,0,0,0,0,0
qwen,rel::5/forest_9.jpg,rel::5/forest_9.jpg::en::th,en,th,dependent,1,1,1,1,0,0,0,0,0
qwen,rel::5/forest_9.jpg,rel::5/forest_9.jpg::en::zh,en,zh,dependent,1,0,1,1,-1,0,0,1,1
qwen,rel::5/forest_9.jpg,rel::5/forest_9.jpg::ru::en,ru,en,dependent,1,1,1,1,0,0,0,0,0
qwen,rel::5/forest_9.jpg,rel::5/forest_9.jpg::ru::th,ru,th,dependent,0,1,1,1,1,0,1,0,-1
qwen,rel::5/forest_9.jpg,rel::5/forest_9.jpg::ru::zh,ru,zh,dependent,1,0,1,1,-1,0,0,1,1
qwen,rel::5/forest_9.jpg,rel::5/forest_9.jpg::th::en,th,en,dependent,1,1,1,1,0,0,0,0,0
qwen,rel::5/forest_9.jpg,rel::5/forest_9.jpg::th::ru,th,ru,dependent,1,1,1,1,0,0,0,0,0
qwen,rel::5/forest_9.jpg,rel::5/forest_9.jpg::th::zh,th,zh,dependent,0,0,0,1,0,1,0,1,1
qwen,rel::5/forest_9.jpg,rel::5/forest_9.jpg::zh::en,zh,en,dependent,1,1,1,1,0,0,0,0,0
qwen,rel::5/forest_9.jpg,rel::5/forest_9.jpg::zh::ru,zh,ru,dependent,1,1,1,1,0,0,0,0,0
qwen,rel::5/forest_9.jpg,rel::5/forest_9.jpg::zh::th,zh,th,dependent,1,1,1,1,0,0,0,0,0
qwen,rel::5/manager_1.jpg,rel::5/manager_1.jpg::en::ru,en,ru,dependent,1,1,1,1,0,0,0,0,0
qwen,rel::5/manager_1.jpg,rel::5/manager_1.jpg::en::th,en,th,dependent,1,1,1,1,0,0,0,0,0
qwen,rel::5/manager_1.jpg,rel::5/manager_1.jpg::en::zh,en,zh,dependent,1,0,1,1,-1,0,0,1,1
qwen,rel::5/manager_1.jpg,rel::5/manager_1.jpg::ru::en,ru,en,dependent,0,1,0,1,1,1,0,0,0
qwen,rel::5/manager_1.jpg,rel::5/manager_1.jpg::ru::th,ru,th,dependent,0,0,1,1,0,0,1,1,0
qwen,rel::5/manager_1.jpg,rel::5/manager_1.jpg::ru::zh,ru,zh,dependent,0,1,0,1,1,1,0,0,0
qwen,rel::5/manager_1.jpg,rel::5/manager_1.jpg::th::en,th,en,dependent,1,1,0,1,0,1,-1,0,1
qwen,rel::5/manager_1.jpg,rel::5/manager_1.jpg::th::ru,th,ru,dependent,0,1,0,1,1,1,0,0,0
qwen,rel::5/manager_1.jpg,rel::5/manager_1.jpg::th::zh,th,zh,dependent,1,1,0,1,0,1,-1,0,1
qwen,rel::5/manager_1.jpg,rel::5/manager_1.jpg::zh::en,zh,en,dependent,1,1,0,1,0,1,-1,0,1
qwen,rel::5/manager_1.jpg,rel::5/manager_1.jpg::zh::ru,zh,ru,dependent,1,1,1,1,0,0,0,0,0
qwen,rel::5/manager_1.jpg,rel::5/manager_1.jpg::zh::th,zh,th,dependent,0,1,0,1,1,1,0,0,0
qwen,rel::5/manager_10.jpg,rel::5/manager_10.jpg::en::ru,en,ru,dependent,1,1,1,1,0,0,0,0,0
qwen,rel::5/manager_10.jpg,rel::5/manager_10.jpg::en::th,en,th,dependent,1,1,1,1,0,0,0,0,0
qwen,rel::5/manager_10.jpg,rel::5/manager_10.jpg::en::zh,en,zh,dependent,1,1,1,1,0,0,0,0,0
qwen,rel::5/manager_10.jpg,rel::5/manager_10.jpg::ru::en,ru,en,dependent,1,1,1,1,0,0,0,0,0
qwen,rel::5/manager_10.jpg,rel::5/manager_10.jpg::ru::th,ru,th,dependent,1,1,0,1,0,1,-1,0,1
qwen,rel::5/manager_10.jpg,rel::5/manager_10.jpg::ru::zh,ru,zh,dependent,1,1,1,1,0,0,0,0,0
qwen,rel::5/manager_10.jpg,rel::5/manager_10.jpg::th::en,th,en,dependent,0,1,0,1,1,1,0,0,0
qwen,rel::5/manager_10.jpg,rel::5/manager_10.jpg::th::ru,th,ru,dependent,1,1,1,1,0,0,0,0,0
qwen,rel::5/manager_10.jpg,rel::5/manager_10.jpg::th::zh,th,zh,dependent,0,1,1,1,1,0,1,0,-1
qwen,rel::5/manager_10.jpg,rel::5/manager_10.jpg::zh::en,zh,en,dependent,1,1,1,1,0,0,0,0,0
qwen,rel::5/manager_10.jpg,rel::5/manager_10.jpg::zh::ru,zh,ru,dependent,1,1,0,1,0,1,-1,0,1
qwen,rel::5/manager_10.jpg,rel::5/manager_10.jpg::zh::th,zh,th,dependent,1,1,1,1,0,0,0,0,0
qwen,rel::5/manager_11.jpg,rel::5/manager_11.jpg::en::ru,en,ru,dependent,0,1,0,1,1,1,0,0,0
qwen,rel::5/manager_11.jpg,rel::5/manager_11.jpg::en::th,en,th,dependent,0,1,0,1,1,1,0,0,0
qwen,rel::5/manager_11.jpg,rel::5/manager_11.jpg::en::zh,en,zh,dependent,1,1,1,1,0,0,0,0,0
qwen,rel::5/manager_11.jpg,rel::5/manager_11.jpg::ru::en,ru,en,dependent,1,1,1,1,0,0,0,0,0
qwen,rel::5/manager_11.jpg,rel::5/manager_11.jpg::ru::th,ru,th,dependent,1,1,0,1,0,1,-1,0,1
qwen,rel::5/manager_11.jpg,rel::5/manager_11.jpg::ru::zh,ru,zh,dependent,1,0,0,1,-1,1,-1,1,2
qwen,rel::5/manager_11.jpg,rel::5/manager_11.jpg::th::en,th,en,dependent,1,1,1,1,0,0,0,0,0
qwen,rel::5/manager_11.jpg,rel::5/manager_11.jpg::th::ru,th,ru,dependent,0,1,1,1,1,0,1,0,-1
qwen,rel::5/manager_11.jpg,rel::5/manager_11.jpg::th::zh,th,zh,dependent,1,1,1,1,0,0,0,0,0
qwen,rel::5/manager_11.jpg,rel::5/manager_11.jpg::zh::en,zh,en,dependent,1,1,1,1,0,0,0,0,0
qwen,rel::5/manager_11.jpg,rel::5/manager_11.jpg::zh::ru,zh,ru,dependent,0,1,1,1,1,0,1,0,-1
qwen,rel::5/manager_11.jpg,rel::5/manager_11.jpg::zh::th,zh,th,dependent,0,1,0,1,1,1,0,0,0
qwen,rel::5/manager_2.jpg,rel::5/manager_2.jpg::en::ru,en,ru,dependent,1,1,1,1,0,0,0,0,0
qwen,rel::5/manager_2.jpg,rel::5/manager_2.jpg::en::th,en,th,dependent,1,1,1,1,0,0,0,0,0
qwen,rel::5/manager_2.jpg,rel::5/manager_2.jpg::en::zh,en,zh,dependent,1,1,1,1,0,0,0,0,0
qwen,rel::5/manager_2.jpg,rel::5/manager_2.jpg::ru::en,ru,en,dependent,1,1,1,1,0,0,0,0,0
qwen,rel::5/manager_2.jpg,rel::5/manager_2.jpg::ru::th,ru,th,dependent,1,1,1,1,0,0,0,0,0
qwen,rel::5/manager_2.jpg,rel::5/manager_2.jpg::ru::zh,ru,zh,dependent,1,1,1,1,0,0,0,0,0
qwen,rel::5/manager_2.jpg,rel::5/manager_2.jpg::th::en,th,en,dependent,1,1,1,1,0,0,0,0,0
qwen,rel::5/manager_2.jpg,rel::5/manager_2.jpg::th::ru,th,ru,dependent,1,1,1,1,0,0,0,0,0
qwen,rel::5/manager_2.jpg,rel::5/manager_2.jpg::th::zh,th,zh,dependent,1,1,1,1,0,0,0,0,0
qwen,rel::5/manager_2.jpg,rel::5/manager_2.jpg::zh::en,zh,en,dependent,1,1,1,1,0,0,0,0,0
qwen,rel::5/manager_2.jpg,rel::5/manager_2.jpg::zh::ru,zh,ru,dependent,1,1,1,1,0,0,0,0,0
qwen,rel::5/manager_2.jpg,rel::5/manager_2.jpg::zh::th,zh,th,dependent,1,1,1,1,0,0,0,0,0
qwen,rel::5/manager_3.jpg,rel::5/manager_3.jpg::en::ru,en,ru,independent,1,1,1,1,0,0,0,0,0
qwen,rel::5/manager_3.jpg,rel::5/manager_3.jpg::en::th,en,th,independent,1,1,0,0,0,0,-1,-1,0
qwen,rel::5/manager_3.jpg,rel::5/manager_3.jpg::en::zh,en,zh,independent,1,1,1,1,0,0,0,0,0
qwen,rel::5/manager_3.jpg,rel::5/manager_3.jpg::ru::en,ru,en,independent,1,1,1,1,0,0,0,0,0
qwen,rel::5/manager_3.jpg,rel::5/manager_3.jpg::ru::th,ru,th,independent,1,1,0,0,0,0,-1,-1,0
qwen,rel::5/manager_3.jpg,rel::5/manager_3.jpg::ru::zh,ru,zh,independent,1,1,1,1,0,0,0,0,0
qwen,rel::5/manager_3.jpg,rel::5/manager_3.jpg::th::en,th,en,independent,1,1,1,1,0,0,0,0,0
qwen,rel::5/manager_3.jpg,rel::5/manager_3.jpg::th::ru,th,ru,independent,1,1,1,1,0,0,0,0,0
qwen,rel::5/manager_3.jpg,rel::5/manager_3.jpg::th::zh,th,zh,independent,0,0,1,1,0,0,1,1,0
qwen,rel::5/manager_3.jpg,rel::5/manager_3.jpg::zh::en,zh,en,independent,1,1,1,1,0,0,0,0,0
qwen,rel::5/manager_3.jpg,rel::5/manager_3.jpg::zh::ru,zh,ru,independent,1,1,1,1,0,0,0,0,0
qwen,rel::5/manager_3.jpg,rel::5/manager_3.jpg::zh::th,zh,th,independent,1,1,0,0,0,0,-1,-1,0
qwen,rel::5/manager_4.jpg,rel::5/manager_4.jpg::en::ru,en,ru,dependent,1,1,1,1,0,0,0,0,0
qwen,rel::5/manager_4.jpg,rel::5/manager_4.jpg::en::th,en,th,dependent,1,1,1,1,0,0,0,0,0
qwen,rel::5/manager_4.jpg,rel::5/manager_4.jpg::en::zh,en,zh,dependent,1,1,1,1,0,0,0,0,0
qwen,rel::5/manager_4.jpg,rel::5/manager_4.jpg::ru::en,ru,en,dependent,1,1,1,1,0,0,0,0,0
qwen,rel::5/manager_4.jpg,rel::5/manager_4.jpg::ru::th,ru,th,dependent,1,1,0,1,0,1,-1,0,1
qwen,rel::5/manager_4.jpg,rel::5/manager_4.jpg::ru::zh,ru,zh,dependent,1,1,1,1,0,0,0,0,0
qwen,rel::5/manager_4.jpg,rel::5/manager_4.jpg::th::en,th,en,dependent,1,1,1,1,0,0,0,0,0
qwen,rel::5/manager_4.jpg,rel::5/manager_4.jpg::th::ru,th,ru,dependent,1,1,1,1,0,0,0,0,0
qwen,rel::5/manager_4.jpg,rel::5/manager_4.jpg::th::zh,th,zh,dependent,1,1,1,1,0,0,0,0,0
qwen,rel::5/manager_4.jpg,rel::5/manager_4.jpg::zh::en,zh,en,dependent,1,1,1,1,0,0,0,0,0
qwen,rel::5/manager_4.jpg,rel::5/manager_4.jpg::zh::ru,zh,ru,dependent,1,1,1,1,0,0,0,0,0
qwen,rel::5/manager_4.jpg,rel::5/manager_4.jpg::zh::th,zh,th,dependent,1,1,0,1,0,1,-1,0,1
qwen,rel::5/manager_5.jpg,rel::5/manager_5.jpg::en::ru,en,ru,independent,1,1,1,1,0,0,0,0,0
qwen,rel::5/manager_5.jpg,rel::5/manager_5.jpg::en::th,en,th,independent,1,1,0,0,0,0,-1,-1,0
qwen,rel::5/manager_5.jpg,rel::5/manager_5.jpg::en::zh,en,zh,independent,1,1,1,1,0,0,0,0,0
qwen,rel::5/manager_5.jpg,rel::5/manager_5.jpg::ru::en,ru,en,independent,1,1,1,1,0,0,0,0,0
qwen,rel::5/manager_5.jpg,rel::5/manager_5.jpg::ru::th,ru,th,independent,1,1,0,0,0,0,-1,-1,0
qwen,rel::5/manager_5.jpg,rel::5/manager_5.jpg::ru::zh,ru,zh,independent,1,1,1,1,0,0,0,0,0
qwen,rel::5/manager_5.jpg,rel::5/manager_5.jpg::th::en,th,en,independent,0,0,1,1,0,0,1,1,0
qwen,rel::5/manager_5.jpg,rel::5/manager_5.jpg::th::ru,th,ru,independent,0,0,1,1,0,0,1,1,0
qwen,rel::5/manager_5.jpg,rel::5/manager_5.jpg::th::zh,th,zh,independent,0,0,1,1,0,0,1,1,0
qwen,rel::5/manager_5.jpg,rel::5/manager_5.jpg::zh::en,zh,en,independent,0,0,1,1,0,0,1,1,0
qwen,rel::5/manager_5.jpg,rel::5/manager_5.jpg::zh::ru,zh,ru,independent,1,1,1,1,0,0,0,0,0
qwen,rel::5/manager_5.jpg,rel::5/manager_5.jpg::zh::th,zh,th,independent,1,1,0,0,0,0,-1,-1,0
qwen,rel::5/manager_6.jpg,rel::5/manager_6.jpg::en::ru,en,ru,dependent,0,0,0,0,0,0,0,0,0
qwen,rel::5/manager_6.jpg,rel::5/manager_6.jpg::en::th,en,th,dependent,0,0,0,0,0,0,0,0,0
qwen,rel::5/manager_6.jpg,rel::5/manager_6.jpg::en::zh,en,zh,dependent,0,0,1,1,0,0,1,1,0
qwen,rel::5/manager_6.jpg,rel::5/manager_6.jpg::ru::en,ru,en,dependent,0,0,0,0,0,0,0,0,0
qwen,rel::5/manager_6.jpg,rel::5/manager_6.jpg::ru::th,ru,th,dependent,0,0,0,0,0,0,0,0,0
qwen,rel::5/manager_6.jpg,rel::5/manager_6.jpg::ru::zh,ru,zh,dependent,0,0,1,1,0,0,1,1,0
qwen,rel::5/manager_6.jpg,rel::5/manager_6.jpg::th::en,th,en,dependent,0,0,0,0,0,0,0,0,0
qwen,rel::5/manager_6.jpg,rel::5/manager_6.jpg::th::ru,th,ru,dependent,0,0,0,0,0,0,0,0,0
qwen,rel::5/manager_6.jpg,rel::5/manager_6.jpg::th::zh,th,zh,dependent,0,1,1,1,1,0,1,0,-1
qwen,rel::5/manager_6.jpg,rel::5/manager_6.jpg::zh::en,zh,en,dependent,1,1,0,0,0,0,-1,-1,0
qwen,rel::5/manager_6.jpg,rel::5/manager_6.jpg::zh::ru,zh,ru,dependent,1,1,0,0,0,0,-1,-1,0
qwen,rel::5/manager_6.jpg,rel::5/manager_6.jpg::zh::th,zh,th,dependent,1,0,0,0,-1,0,-1,0,1
qwen,rel::5/manager_7.jpg,rel::5/manager_7.jpg::en::ru,en,ru,dependent,1,1,1,1,0,0,0,0,0
qwen,rel::5/manager_7.jpg,rel::5/manager_7.jpg::en::th,en,th,dependent,1,1,1,0,0,-1,0,-1,-1
qwen,rel::5/manager_7.jpg,rel::5/manager_7.jpg::en::zh,en,zh,dependent,1,1,1,1,0,0,0,0,0
qwen,rel::5/manager_7.jpg,rel::5/manager_7.jpg::ru::en,ru,en,dependent,1,1,1,1,0,0,0,0,0
qwen,rel::5/manager_7.jpg,rel::5/manager_7.jpg::ru::th,ru,th,dependent,1,1,0,0,0,0,-1,-1,0
qwen,rel::5/manager_7.jpg,rel::5/manager_7.jpg::ru::zh,ru,zh,dependent,1,1,1,1,0,0,0,0,0
qwen,rel::5/manager_7.jpg,rel::5/manager_7.jpg::th::en,th,en,dependent,1,0,1,1,-1,0,0,1,1
qwen,rel::5/manager_7.jpg,rel::5/manager_7.jpg::th::ru,th,ru,dependent,0,0,1,1,0,0,1,1,0
qwen,rel::5/manager_7.jpg,rel::5/manager_7.jpg::th::zh,th,zh,dependent,0,1,1,1,1,0,1,0,-1
qwen,rel::5/manager_7.jpg,rel::5/manager_7.jpg::zh::en,zh,en,dependent,1,1,1,1,0,0,0,0,0
qwen,rel::5/manager_7.jpg,rel::5/manager_7.jpg::zh::ru,zh,ru,dependent,1,1,1,1,0,0,0,0,0
qwen,rel::5/manager_7.jpg,rel::5/manager_7.jpg::zh::th,zh,th,dependent,1,1,1,0,0,-1,0,-1,-1
qwen,rel::5/manager_8.jpg,rel::5/manager_8.jpg::en::ru,en,ru,dependent,1,1,1,1,0,0,0,0,0
qwen,rel::5/manager_8.jpg,rel::5/manager_8.jpg::en::th,en,th,dependent,1,1,1,1,0,0,0,0,0
qwen,rel::5/manager_8.jpg,rel::5/manager_8.jpg::en::zh,en,zh,dependent,1,1,1,1,0,0,0,0,0
qwen,rel::5/manager_8.jpg,rel::5/manager_8.jpg::ru::en,ru,en,dependent,1,1,1,1,0,0,0,0,0
qwen,rel::5/manager_8.jpg,rel::5/manager_8.jpg::ru::th,ru,th,dependent,1,1,1,1,0,0,0,0,0
qwen,rel::5/manager_8.jpg,rel::5/manager_8.jpg::ru::zh,ru,zh,dependent,1,1,1,1,0,0,0,0,0
qwen,rel::5/manager_8.jpg,rel::5/manager_8.jpg::th::en,th,en,dependent,1,1,1,1,0,0,0,0,0
qwen,rel::5/manager_8.jpg,rel::5/manager_8.jpg::th::ru,th,ru,dependent,1,1,1,1,0,0,0,0,0
qwen,rel::5/manager_8.jpg,rel::5/manager_8.jpg::th::zh,th,zh,dependent,1,1,1,1,0,0,0,0,0
qwen,rel::5/manager_8.jpg,rel::5/manager_8.jpg::zh::en,zh,en,dependent,1,1,1,1,0,0,0,0,0
qwen,rel::5/manager_8.jpg,rel::5/manager_8.jpg::zh::ru,zh,ru,dependent,1,1,1,1,0,0,0,0,0
qwen,rel::5/manager_8.jpg,rel::5/manager_8.jpg::zh::th,zh,th,dependent,1,1,1,1,0,0,0,0,0
qwen,rel::5/manager_9.jpg,rel::5/manager_9.jpg::en::ru,en,ru,dependent,1,1,1,1,0,0,0,0,0
qwen,rel::5/manager_9.jpg,rel::5/manager_9.jpg::en::th,en,th,dependent,1,1,1,1,0,0,0,0,0
qwen,rel::5/manager_9.jpg,rel::5/manager_9.jpg::en::zh,en,zh,dependent,1,1,1,1,0,0,0,0,0
qwen,rel::5/manager_9.jpg,rel::5/manager_9.jpg::ru::en,ru,en,dependent,1,1,1,1,0,0,0,0,0
qwen,rel::5/manager_9.jpg,rel::5/manager_9.jpg::ru::th,ru,th,dependent,1,1,1,1,0,0,0,0,0
qwen,rel::5/manager_9.jpg,rel::5/manager_9.jpg::ru::zh,ru,zh,dependent,1,1,1,1,0,0,0,0,0
qwen,rel::5/manager_9.jpg,rel::5/manager_9.jpg::th::en,th,en,dependent,1,1,1,1,0,0,0,0,0
qwen,rel::5/manager_9.jpg,rel::5/manager_9.jpg::th::ru,th,ru,dependent,1,1,1,1,0,0,0,0,0
qwen,rel::5/manager_9.jpg,rel::5/manager_9.jpg::th::zh,th,zh,dependent,1,1,1,1,0,0,0,0,0
qwen,rel::5/manager_9.jpg,rel::5/manager_9.jpg::zh::en,zh,en,dependent,1,1,1,1,0,0,0,0,0
qwen,rel::5/manager_9.jpg,rel::5/manager_9.jpg::zh::ru,zh,ru,dependent,1,1,1,1,0,0,0,0,0
qwen,rel::5/manager_9.jpg,rel::5/manager_9.jpg::zh::th,zh,th,dependent,1,1,1,1,0,0,0,0,0
qwen,rel::5/message_1.jpg,rel::5/message_1.jpg::en::ru,en,ru,dependent,0,0,0,0,0,0,0,0,0
qwen,rel::5/message_1.jpg,rel::5/message_1.jpg::en::th,en,th,dependent,1,0,1,0,-1,-1,0,0,0
qwen,rel::5/message_1.jpg,rel::5/message_1.jpg::en::zh,en,zh,dependent,0,0,0,0,0,0,0,0,0
qwen,rel::5/message_1.jpg,rel::5/message_1.jpg::ru::en,ru,en,dependent,0,0,0,0,0,0,0,0,0
qwen,rel::5/message_1.jpg,rel::5/message_1.jpg::ru::th,ru,th,dependent,0,0,1,0,0,-1,1,0,-1
qwen,rel::5/message_1.jpg,rel::5/message_1.jpg::ru::zh,ru,zh,dependent,0,0,0,0,0,0,0,0,0
qwen,rel::5/message_1.jpg,rel::5/message_1.jpg::th::en,th,en,dependent,0,0,0,0,0,0,0,0,0
qwen,rel::5/message_1.jpg,rel::5/message_1.jpg::th::ru,th,ru,dependent,0,0,0,0,0,0,0,0,0
qwen,rel::5/message_1.jpg,rel::5/message_1.jpg::th::zh,th,zh,dependent,0,0,0,0,0,0,0,0,0
qwen,rel::5/message_1.jpg,rel::5/message_1.jpg::zh::en,zh,en,dependent,0,0,0,0,0,0,0,0,0
qwen,rel::5/message_1.jpg,rel::5/message_1.jpg::zh::ru,zh,ru,dependent,0,0,0,0,0,0,0,0,0
qwen,rel::5/message_1.jpg,rel::5/message_1.jpg::zh::th,zh,th,dependent,1,0,1,0,-1,-1,0,0,0
qwen,rel::5/message_10.jpg,rel::5/message_10.jpg::en::ru,en,ru,dependent,1,1,1,1,0,0,0,0,0
qwen,rel::5/message_10.jpg,rel::5/message_10.jpg::en::th,en,th,dependent,1,1,1,1,0,0,0,0,0
qwen,rel::5/message_10.jpg,rel::5/message_10.jpg::en::zh,en,zh,dependent,1,1,1,1,0,0,0,0,0
qwen,rel::5/message_10.jpg,rel::5/message_10.jpg::ru::en,ru,en,dependent,1,1,1,1,0,0,0,0,0
qwen,rel::5/message_10.jpg,rel::5/message_10.jpg::ru::th,ru,th,dependent,1,1,1,1,0,0,0,0,0
qwen,rel::5/message_10.jpg,rel::5/message_10.jpg::ru::zh,ru,zh,dependent,1,1,1,1,0,0,0,0,0
qwen,rel::5/message_10.jpg,rel::5/message_10.jpg::th::en,th,en,dependent,1,1,1,1,0,0,0,0,0
qwen,rel::5/message_10.jpg,rel::5/message_10.jpg::th::ru,th,ru,dependent,1,1,1,1,0,0,0,0,0
qwen,rel::5/message_10.jpg,rel::5/message_10.jpg::th::zh,th,zh,dependent,1,1,1,1,0,0,0,0,0
qwen,rel::5/message_10.jpg,rel::5/message_10.jpg::zh::en,zh,en,dependent,1,1,1,1,0,0,0,0,0
qwen,rel::5/message_10.jpg,rel::5/message_10.jpg::zh::ru,zh,ru,dependent,1,1,1,1,0,0,0,0,0
qwen,rel::5/message_10.jpg,rel::5/message_10.jpg::zh::th,zh,th,dependent,1,1,1,1,0,0,0,0,0
qwen,rel::5/message_11.jpg,rel::5/message_11.jpg::en::ru,en,ru,dependent,1,1,1,1,0,0,0,0,0
qwen,rel::5/message_11.jpg,rel::5/message_11.jpg::en::th,en,th,dependent,0,1,0,1,1,1,0,0,0
qwen,rel::5/message_11.jpg,rel::5/message_11.jpg::en::zh,en,zh,dependent,1,1,1,1,0,0,0,0,0
qwen,rel::5/message_11.jpg,rel::5/message_11.jpg::ru::en,ru,en,dependent,1,1,1,1,0,0,0,0,0
qwen,rel::5/message_11.jpg,rel::5/message_11.jpg::ru::th,ru,th,dependent,0,1,0,1,1,1,0,0,0
qwen,rel::5/message_11.jpg,rel::5/message_11.jpg::ru::zh,ru,zh,dependent,1,1,1,1,0,0,0,0,0
qwen,rel::5/message_11.jpg,rel::5/message_11.jpg::th::en,th,en,dependent,1,1,1,1,0,0,0,0,0
qwen,rel::5/message_11.jpg,rel::5/message_11.jpg::th::ru,th,ru,dependent,1,1,1,1,0,0,0,0,0
qwen,rel::5/message_11.jpg,rel::5/message_11.jpg::th::zh,th,zh,dependent,1,1,1,1,0,0,0,0,0
qwen,rel::5/message_11.jpg,rel::5/message_11.jpg::zh::en,zh,en,dependent,1,1,1,1,0,0,0,0,0
qwen,rel::5/message_11.jpg,rel::5/message_11.jpg::zh::ru,zh,ru,dependent,0,1,0,1,1,1,0,0,0
qwen,rel::5/message_11.jpg,rel::5/message_11.jpg::zh::th,zh,th,dependent,0,1,0,1,1,1,0,0,0
qwen,rel::5/message_12.jpg,rel::5/message_12.jpg::en::ru,en,ru,dependent,1,1,1,1,0,0,0,0,0
qwen,rel::5/message_12.jpg,rel::5/message_12.jpg::en::th,en,th,dependent,1,1,1,1,0,0,0,0,0
qwen,rel::5/message_12.jpg,rel::5/message_12.jpg::en::zh,en,zh,dependent,1,1,0,0,0,0,-1,-1,0
qwen,rel::5/message_12.jpg,rel::5/message_12.jpg::ru::en,ru,en,dependent,1,1,1,1,0,0,0,0,0
qwen,rel::5/message_12.jpg,rel::5/message_12.jpg::ru::th,ru,th,dependent,1,1,1,1,0,0,0,0,0
qwen,rel::5/message_12.jpg,rel::5/message_12.jpg::ru::zh,ru,zh,dependent,1,1,0,0,0,0,-1,-1,0
qwen,rel::5/message_12.jpg,rel::5/message_12.jpg::th::en,th,en,dependent,1,1,1,1,0,0,0,0,0
qwen,rel::5/message_12.jpg,rel::5/message_12.jpg::th::ru,th,ru,dependent,1,1,1,1,0,0,0,0,0
qwen,rel::5/message_12.jpg,rel::5/message_12.jpg::th::zh,th,zh,dependent,1,1,0,0,0,0,-1,-1,0
qwen,rel::5/message_12.jpg,rel::5/message_12.jpg::zh::en,zh,en,dependent,0,0,1,1,0,0,1,1,0
qwen,rel::5/message_12.jpg,rel::5/message_12.jpg::zh::ru,zh,ru,dependent,0,1,1,1,1,0,1,0,-1
qwen,rel::5/message_12.jpg,rel::5/message_12.jpg::zh::th,zh,th,dependent,0,1,1,1,1,0,1,0,-1
qwen,rel::5/message_2.jpg,rel::5/message_2.jpg::en::ru,en,ru,dependent,1,1,1,1,0,0,0,0,0
qwen,rel::5/message_2.jpg,rel::5/message_2.jpg::en::th,en,th,dependent,0,1,0,0,1,0,0,-1,-1
qwen,rel::5/message_2.jpg,rel::5/message_2.jpg::en::zh,en,zh,dependent,1,1,1,1,0,0,0,0,0
qwen,rel::5/message_2.jpg,rel::5/message_2.jpg::ru::en,ru,en,dependent,1,1,1,1,0,0,0,0,0
qwen,rel::5/message_2.jpg,rel::5/message_2.jpg::ru::th,ru,th,dependent,1,1,0,0,0,0,-1,-1,0
qwen,rel::5/message_2.jpg,rel::5/message_2.jpg::ru::zh,ru,zh,dependent,1,1,1,1,0,0,0,0,0
qwen,rel::5/message_2.jpg,rel::5/message_2.jpg::th::en,th,en,dependent,0,0,1,1,0,0,1,1,0
qwen,rel::5/message_2.jpg,rel::5/message_2.jpg::th::ru,th,ru,dependent,0,0,1,1,0,0,1,1,0
qwen,rel::5/message_2.jpg,rel::5/message_2.jpg::th::zh,th,zh,dependent,0,0,1,1,0,0,1,1,0
qwen,rel::5/message_2.jpg,rel::5/message_2.jpg::zh::en,zh,en,dependent,1,1,1,1,0,0,0,0,0
qwen,rel::5/message_2.jpg,rel::5/message_2.jpg::zh::ru,zh,ru,dependent,1,1,1,1,0,0,0,0,0
qwen,rel::5/message_2.jpg,rel::5/message_2.jpg::zh::th,zh,th,dependent,0,1,0,0,1,0,0,-1,-1
qwen,rel::5/message_3.jpg,rel::5/message_3.jpg::en::ru,en,ru,dependent,0,0,0,0,0,0,0,0,0
qwen,rel::5/message_3.jpg,rel::5/message_3.jpg::en::th,en,th,dependent,0,1,0,1,1,1,0,0,0
qwen,rel::5/message_3.jpg,rel::5/message_3.jpg::en::zh,en,zh,dependent,0,1,0,1,1,1,0,0,0
qwen,rel::5/message_3.jpg,rel::5/message_3.jpg::ru::en,ru,en,dependent,1,1,1,1,0,0,0,0,0
qwen,rel::5/message_3.jpg,rel::5/message_3.jpg::ru::th,ru,th,dependent,0,1,0,1,1,1,0,0,0
qwen,rel::5/message_3.jpg,rel::5/message_3.jpg::ru::zh,ru,zh,dependent,0,1,0,1,1,1,0,0,0
qwen,rel::5/message_3.jpg,rel::5/message_3.jpg::th::en,th,en,dependent,0,1,0,1,1,1,0,0,0
qwen,rel::5/message_3.jpg,rel::5/message_3.jpg::th::ru,th,ru,dependent,0,0,0,0,0,0,0,0,0
qwen,rel::5/message_3.jpg,rel::5/message_3.jpg::th::zh,th,zh,dependent,0,0,0,1,0,1,0,1,1
qwen,rel::5/message_3.jpg,rel::5/message_3.jpg::zh::en,zh,en,dependent,0,1,1,1,1,0,1,0,-1
qwen,rel::5/message_3.jpg,rel::5/message_3.jpg::zh::ru,zh,ru,dependent,0,0,1,0,0,-1,1,0,-1
qwen,rel::5/message_3.jpg,rel::5/message_3.jpg::zh::th,zh,th,dependent,1,1,1,1,0,0,0,0,0
qwen,rel::5/message_4.jpg,rel::5/message_4.jpg::en::ru,en,ru,dependent,1,1,1,1,0,0,0,0,0
qwen,rel::5/message_4.jpg,rel::5/message_4.jpg::en::th,en,th,dependent,0,0,0,0,0,0,0,0,0
qwen,rel::5/message_4.jpg,rel::5/message_4.jpg::en::zh,en,zh,dependent,0,1,0,1,1,1,0,0,0
qwen,rel::5/message_4.jpg,rel::5/message_4.jpg::ru::en,ru,en,dependent,0,1,0,1,1,1,0,0,0
qwen,rel::5/message_4.jpg,rel::5/message_4.jpg::ru::th,ru,th,dependent,0,1,0,0,1,0,0,-1,-1
qwen,rel::5/message_4.jpg,rel::5/message_4.jpg::ru::zh,ru,zh,dependent,1,1,1,1,0,0,0,0,0
qwen,rel::5/message_4.jpg,rel::5/message_4.jpg::th::en,th,en,dependent,0,0,0,1,0,1,0,1,1
qwen,rel::5/message_4.jpg,rel::5/message_4.jpg::th::ru,th,ru,dependent,0,1,0,1,1,1,0,0,0
qwen,rel::5/message_4.jpg,rel::5/message_4.jpg::th::zh,th,zh,dependent,0,0,0,1,0,1,0,1,1
qwen,rel::5/message_4.jpg,rel::5/message_4.jpg::zh::en,zh,en,dependent,0,1,1,1,1,0,1,0,-1
qwen,rel::5/message_4.jpg,rel::5/message_4.jpg::zh::ru,zh,ru,dependent,0,1,0,1,1,1,0,0,0
qwen,rel::5/message_4.jpg,rel::5/message_4.jpg::zh::th,zh,th,dependent,0,1,0,0,1,0,0,-1,-1
qwen,rel::5/message_5.jpg,rel::5/message_5.jpg::en::ru,en,ru,independent,0,0,0,0,0,0,0,0,0
qwen,rel::5/message_5.jpg,rel::5/message_5.jpg::en::th,en,th,independent,0,1,1,1,1,0,1,0,-1
qwen,rel::5/message_5.jpg,rel::5/message_5.jpg::en::zh,en,zh,independent,0,0,1,1,0,0,1,1,0
qwen,rel::5/message_5.jpg,rel::5/message_5.jpg::ru::en,ru,en,independent,0,0,0,0,0,0,0,0,0
qwen,rel::5/message_5.jpg,rel::5/message_5.jpg::ru::th,ru,th,independent,0,0,1,1,0,0,1,1,0
qwen,rel::5/message_5.jpg,rel::5/message_5.jpg::ru::zh,ru,zh,independent,1,0,1,1,-1,0,0,1,1
qwen,rel::5/message_5.jpg,rel::5/message_5.jpg::th::en,th,en,independent,1,1,0,0,0,0,-1,-1,0
qwen,rel::5/message_5.jpg,rel::5/message_5.jpg::th::ru,th,ru,independent,1,1,0,0,0,0,-1,-1,0
qwen,rel::5/message_5.jpg,rel::5/message_5.jpg::th::zh,th,zh,independent,1,1,1,1,0,0,0,0,0
qwen,rel::5/message_5.jpg,rel::5/message_5.jpg::zh::en,zh,en,independent,1,0,1,0,-1,-1,0,0,0
qwen,rel::5/message_5.jpg,rel::5/message_5.jpg::zh::ru,zh,ru,independent,1,1,1,0,0,-1,0,-1,-1
qwen,rel::5/message_5.jpg,rel::5/message_5.jpg::zh::th,zh,th,independent,1,0,1,1,-1,0,0,1,1
qwen,rel::5/message_6.jpg,rel::5/message_6.jpg::en::ru,en,ru,dependent,1,1,1,1,0,0,0,0,0
qwen,rel::5/message_6.jpg,rel::5/message_6.jpg::en::th,en,th,dependent,1,1,1,1,0,0,0,0,0
qwen,rel::5/message_6.jpg,rel::5/message_6.jpg::en::zh,en,zh,dependent,1,1,1,1,0,0,0,0,0
qwen,rel::5/message_6.jpg,rel::5/message_6.jpg::ru::en,ru,en,dependent,1,1,1,1,0,0,0,0,0
qwen,rel::5/message_6.jpg,rel::5/message_6.jpg::ru::th,ru,th,dependent,1,1,1,1,0,0,0,0,0
qwen,rel::5/message_6.jpg,rel::5/message_6.jpg::ru::zh,ru,zh,dependent,1,1,1,1,0,0,0,0,0
qwen,rel::5/message_6.jpg,rel::5/message_6.jpg::th::en,th,en,dependent,1,1,1,1,0,0,0,0,0
qwen,rel::5/message_6.jpg,rel::5/message_6.jpg::th::ru,th,ru,dependent,1,1,1,1,0,0,0,0,0
qwen,rel::5/message_6.jpg,rel::5/message_6.jpg::th::zh,th,zh,dependent,1,1,1,1,0,0,0,0,0
qwen,rel::5/message_6.jpg,rel::5/message_6.jpg::zh::en,zh,en,dependent,1,1,0,1,0,1,-1,0,1
qwen,rel::5/message_6.jpg,rel::5/message_6.jpg::zh::ru,zh,ru,dependent,1,1,1,1,0,0,0,0,0
qwen,rel::5/message_6.jpg,rel::5/message_6.jpg::zh::th,zh,th,dependent,1,1,1,1,0,0,0,0,0
qwen,rel::5/message_7.jpg,rel::5/message_7.jpg::en::ru,en,ru,dependent,1,1,1,0,0,-1,0,-1,-1
qwen,rel::5/message_7.jpg,rel::5/message_7.jpg::en::th,en,th,dependent,1,1,0,0,0,0,-1,-1,0
qwen,rel::5/message_7.jpg,rel::5/message_7.jpg::en::zh,en,zh,dependent,1,1,0,0,0,0,-1,-1,0
qwen,rel::5/message_7.jpg,rel::5/message_7.jpg::ru::en,ru,en,dependent,1,0,1,1,-1,0,0,1,1
qwen,rel::5/message_7.jpg,rel::5/message_7.jpg::ru::th,ru,th,dependent,1,1,0,0,0,0,-1,-1,0
qwen,rel::5/message_7.jpg,rel::5/message_7.jpg::ru::zh,ru,zh,dependent,1,1,0,0,0,0,-1,-1,0
qwen,rel::5/message_7.jpg,rel::5/message_7.jpg::th::en,th,en,dependent,1,0,1,1,-1,0,0,1,1
qwen,rel::5/message_7.jpg,rel::5/message_7.jpg::th::ru,th,ru,dependent,1,0,0,0,-1,0,-1,0,1
qwen,rel::5/message_7.jpg,rel::5/message_7.jpg::th::zh,th,zh,dependent,0,0,0,0,0,0,0,0,0
qwen,rel::5/message_7.jpg,rel::5/message_7.jpg::zh::en,zh,en,dependent,1,0,1,1,-1,0,0,1,1
qwen,rel::5/message_7.jpg,rel::5/message_7.jpg::zh::ru,zh,ru,dependent,0,1,1,0,1,-1,1,-1,-2
qwen,rel::5/message_7.jpg,rel::5/message_7.jpg::zh::th,zh,th,dependent,0,1,0,0,1,0,0,-1,-1
qwen,rel::5/message_8.jpg,rel::5/message_8.jpg::en::ru,en,ru,independent,1,1,1,1,0,0,0,0,0
qwen,rel::5/message_8.jpg,rel::5/message_8.jpg::en::th,en,th,independent,1,1,1,1,0,0,0,0,0
qwen,rel::5/message_8.jpg,rel::5/message_8.jpg::en::zh,en,zh,independent,1,1,1,1,0,0,0,0,0
qwen,rel::5/message_8.jpg,rel::5/message_8.jpg::ru::en,ru,en,independent,1,1,1,1,0,0,0,0,0
qwen,rel::5/message_8.jpg,rel::5/message_8.jpg::ru::th,ru,th,independent,1,1,1,1,0,0,0,0,0
qwen,rel::5/message_8.jpg,rel::5/message_8.jpg::ru::zh,ru,zh,independent,1,1,1,1,0,0,0,0,0
qwen,rel::5/message_8.jpg,rel::5/message_8.jpg::th::en,th,en,independent,1,1,1,1,0,0,0,0,0
qwen,rel::5/message_8.jpg,rel::5/message_8.jpg::th::ru,th,ru,independent,1,1,1,1,0,0,0,0,0
qwen,rel::5/message_8.jpg,rel::5/message_8.jpg::th::zh,th,zh,independent,1,1,1,1,0,0,0,0,0
qwen,rel::5/message_8.jpg,rel::5/message_8.jpg::zh::en,zh,en,independent,1,1,1,1,0,0,0,0,0
qwen,rel::5/message_8.jpg,rel::5/message_8.jpg::zh::ru,zh,ru,independent,1,1,1,1,0,0,0,0,0
qwen,rel::5/message_8.jpg,rel::5/message_8.jpg::zh::th,zh,th,independent,1,1,1,1,0,0,0,0,0
qwen,rel::5/message_9.jpg,rel::5/message_9.jpg::en::ru,en,ru,dependent,1,1,1,1,0,0,0,0,0
qwen,rel::5/message_9.jpg,rel::5/message_9.jpg::en::th,en,th,dependent,1,1,1,1,0,0,0,0,0
qwen,rel::5/message_9.jpg,rel::5/message_9.jpg::en::zh,en,zh,dependent,1,1,1,1,0,0,0,0,0
qwen,rel::5/message_9.jpg,rel::5/message_9.jpg::ru::en,ru,en,dependent,1,1,1,1,0,0,0,0,0
qwen,rel::5/message_9.jpg,rel::5/message_9.jpg::ru::th,ru,th,dependent,1,1,1,1,0,0,0,0,0
qwen,rel::5/message_9.jpg,rel::5/message_9.jpg::ru::zh,ru,zh,dependent,1,1,1,1,0,0,0,0,0
qwen,rel::5/message_9.jpg,rel::5/message_9.jpg::th::en,th,en,dependent,1,1,1,1,0,0,0,0,0
qwen,rel::5/message_9.jpg,rel::5/message_9.jpg::th::ru,th,ru,dependent,1,1,1,1,0,0,0,0,0
qwen,rel::5/message_9.jpg,rel::5/message_9.jpg::th::zh,th,zh,dependent,1,1,1,1,0,0,0,0,0
qwen,rel::5/message_9.jpg,rel::5/message_9.jpg::zh::en,zh,en,dependent,1,1,1,1,0,0,0,0,0
qwen,rel::5/message_9.jpg,rel::5/message_9.jpg::zh::ru,zh,ru,dependent,1,1,1,1,0,0,0,0,0
qwen,rel::5/message_9.jpg,rel::5/message_9.jpg::zh::th,zh,th,dependent,1,1,1,1,0,0,0,0,0
qwen,rel::5/phone_1.jpg,rel::5/phone_1.jpg::en::ru,en,ru,dependent,1,1,0,1,0,1,-1,0,1
qwen,rel::5/phone_1.jpg,rel::5/phone_1.jpg::en::th,en,th,dependent,0,0,1,0,0,-1,1,0,-1
qwen,rel::5/phone_1.jpg,rel::5/phone_1.jpg::en::zh,en,zh,dependent,1,1,1,1,0,0,0,0,0
qwen,rel::5/phone_1.jpg,rel::5/phone_1.jpg::ru::en,ru,en,dependent,0,1,1,1,1,0,1,0,-1
qwen,rel::5/phone_1.jpg,rel::5/phone_1.jpg::ru::th,ru,th,dependent,0,1,0,0,1,0,0,-1,-1
qwen,rel::5/phone_1.jpg,rel::5/phone_1.jpg::ru::zh,ru,zh,dependent,0,1,1,1,1,0,1,0,-1
qwen,rel::5/phone_1.jpg,rel::5/phone_1.jpg::th::en,th,en,dependent,0,0,1,1,0,0,1,1,0
qwen,rel::5/phone_1.jpg,rel::5/phone_1.jpg::th::ru,th,ru,dependent,1,0,0,1,-1,1,-1,1,2
qwen,rel::5/phone_1.jpg,rel::5/phone_1.jpg::th::zh,th,zh,dependent,0,0,1,1,0,0,1,1,0
qwen,rel::5/phone_1.jpg,rel::5/phone_1.jpg::zh::en,zh,en,dependent,0,1,1,1,1,0,1,0,-1
qwen,rel::5/phone_1.jpg,rel::5/phone_1.jpg::zh::ru,zh,ru,dependent,0,1,1,1,1,0,1,0,-1
qwen,rel::5/phone_1.jpg,rel::5/phone_1.jpg::zh::th,zh,th,dependent,1,0,1,0,-1,-1,0,0,0
qwen,rel::5/phone_10.jpg,rel::5/phone_10.jpg::en::ru,en,ru,dependent,0,0,0,0,0,0,0,0,0
qwen,rel::5/phone_10.jpg,rel::5/phone_10.jpg::en::th,en,th,dependent,0,0,1,1,0,0,1,1,0
qwen,rel::5/phone_10.jpg,rel::5/phone_10.jpg::en::zh,en,zh,dependent,0,0,0,0,0,0,0,0,0
qwen,rel::5/phone_10.jpg,rel::5/phone_10.jpg::ru::en,ru,en,dependent,0,0,0,0,0,0,0,0,0
qwen,rel::5/phone_10.jpg,rel::5/phone_10.jpg::ru::th,ru,th,dependent,0,0,1,1,0,0,1,1,0
qwen,rel::5/phone_10.jpg,rel::5/phone_10.jpg::ru::zh,ru,zh,dependent,0,0,0,0,0,0,0,0,0
qwen,rel::5/phone_10.jpg,rel::5/phone_10.jpg::th::en,th,en,dependent,0,0,0,0,0,0,0,0,0
qwen,rel::5/phone_10.jpg,rel::5/phone_10.jpg::th::ru,th,ru,dependent,1,0,0,0,-1,0,-1,0,1
qwen,rel::5/phone_10.jpg,rel::5/phone_10.jpg::th::zh,th,zh,dependent,0,0,0,0,0,0,0,0,0
qwen,rel::5/phone_10.jpg,rel::5/phone_10.jpg::zh::en,zh,en,dependent,0,0,0,0,0,0,0,0,0
qwen,rel::5/phone_10.jpg,rel::5/phone_10.jpg::zh::ru,zh,ru,dependent,0,0,0,0,0,0,0,0,0
qwen,rel::5/phone_10.jpg,rel::5/phone_10.jpg::zh::th,zh,th,dependent,0,0,1,1,0,0,1,1,0
qwen,rel::5/phone_11.jpg,rel::5/phone_11.jpg::en::ru,en,ru,dependent,0,0,0,0,0,0,0,0,0
qwen,rel::5/phone_11.jpg,rel::5/phone_11.jpg::en::th,en,th,dependent,1,0,0,0,-1,0,-1,0,1
qwen,rel::5/phone_11.jpg,rel::5/phone_11.jpg::en::zh,en,zh,dependent,0,0,0,0,0,0,0,0,0
qwen,rel::5/phone_11.jpg,rel::5/phone_11.jpg::ru::en,ru,en,dependent,0,0,1,0,0,-1,1,0,-1
qwen,rel::5/phone_11.jpg,rel::5/phone_11.jpg::ru::th,ru,th,dependent,0,0,0,0,0,0,0,0,0
qwen,rel::5/phone_11.jpg,rel::5/phone_11.jpg::ru::zh,ru,zh,dependent,0,0,0,0,0,0,0,0,0
qwen,rel::5/phone_11.jpg,rel::5/phone_11.jpg::th::en,th,en,dependent,0,0,0,0,0,0,0,0,0
qwen,rel::5/phone_11.jpg,rel::5/phone_11.jpg::th::ru,th,ru,dependent,0,0,0,0,0,0,0,0,0
qwen,rel::5/phone_11.jpg,rel::5/phone_11.jpg::th::zh,th,zh,dependent,0,0,0,0,0,0,0,0,0
qwen,rel::5/phone_11.jpg,rel::5/phone_11.jpg::zh::en,zh,en,dependent,0,0,0,0,0,0,0,0,0
qwen,rel::5/phone_11.jpg,rel::5/phone_11.jpg::zh::ru,zh,ru,dependent,0,0,0,0,0,0,0,0,0
qwen,rel::5/phone_11.jpg,rel::5/phone_11.jpg::zh::th,zh,th,dependent,0,0,0,0,0,0,0,0,0
qwen,rel::5/phone_12.jpg,rel::5/phone_12.jpg::en::ru,en,ru,dependent,0,1,0,1,1,1,0,0,0
qwen,rel::5/phone_12.jpg,rel::5/phone_12.jpg::en::th,en,th,dependent,0,1,0,1,1,1,0,0,0
qwen,rel::5/phone_12.jpg,rel::5/phone_12.jpg::en::zh,en,zh,dependent,1,1,1,1,0,0,0,0,0
qwen,rel::5/phone_12.jpg,rel::5/phone_12.jpg::ru::en,ru,en,dependent,1,1,1,1,0,0,0,0,0
qwen,rel::5/phone_12.jpg,rel::5/phone_12.jpg::ru::th,ru,th,dependent,0,1,0,1,1,1,0,0,0
qwen,rel::5/phone_12.jpg,rel::5/phone_12.jpg::ru::zh,ru,zh,dependent,0,1,0,1,1,1,0,0,0
qwen,rel::5/phone_12.jpg,rel::5/phone_12.jpg::th::en,th,en,dependent,1,1,1,1,0,0,0,0,0
qwen,rel::5/phone_12.jpg,rel::5/phone_12.jpg::th::ru,th,ru,dependent,1,1,0,1,0,1,-1,0,1
qwen,rel::5/phone_12.jpg,rel::5/phone_12.jpg::th::zh,th,zh,dependent,1,1,1,1,0,0,0,0,0
qwen,rel::5/phone_12.jpg,rel::5/phone_12.jpg::zh::en,zh,en,dependent,1,1,0,1,0,1,-1,0,1
qwen,rel::5/phone_12.jpg,rel::5/phone_12.jpg::zh::ru,zh,ru,dependent,0,1,0,1,1,1,0,0,0
qwen,rel::5/phone_12.jpg,rel::5/phone_12.jpg::zh::th,zh,th,dependent,1,1,0,1,0,1,-1,0,1
qwen,rel::5/phone_13.jpg,rel::5/phone_13.jpg::en::ru,en,ru,dependent,1,1,1,1,0,0,0,0,0
qwen,rel::5/phone_13.jpg,rel::5/phone_13.jpg::en::th,en,th,dependent,0,1,0,1,1,1,0,0,0
qwen,rel::5/phone_13.jpg,rel::5/phone_13.jpg::en::zh,en,zh,dependent,1,1,1,1,0,0,0,0,0
qwen,rel::5/phone_13.jpg,rel::5/phone_13.jpg::ru::en,ru,en,dependent,1,1,1,1,0,0,0,0,0
qwen,rel::5/phone_13.jpg,rel::5/phone_13.jpg::ru::th,ru,th,dependent,0,1,0,1,1,1,0,0,0
qwen,rel::5/phone_13.jpg,rel::5/phone_13.jpg::ru::zh,ru,zh,dependent,1,1,1,1,0,0,0,0,0
qwen,rel::5/phone_13.jpg,rel::5/phone_13.jpg::th::en,th,en,dependent,0,1,1,1,1,0,1,0,-1
qwen,rel::5/phone_13.jpg,rel::5/phone_13.jpg::th::ru,th,ru,dependent,0,1,1,1,1,0,1,0,-1
qwen,rel::5/phone_13.jpg,rel::5/phone_13.jpg::th::zh,th,zh,dependent,0,1,1,1,1,0,1,0,-1
qwen,rel::5/phone_13.jpg,rel::5/phone_13.jpg::zh::en,zh,en,dependent,1,1,1,1,0,0,0,0,0
qwen,rel::5/phone_13.jpg,rel::5/phone_13.jpg::zh::ru,zh,ru,dependent,1,1,1,1,0,0,0,0,0
qwen,rel::5/phone_13.jpg,rel::5/phone_13.jpg::zh::th,zh,th,dependent,0,1,0,1,1,1,0,0,0
qwen,rel::5/phone_14.jpg,rel::5/phone_14.jpg::en::ru,en,ru,independent,0,0,1,0,0,-1,1,0,-1
qwen,rel::5/phone_14.jpg,rel::5/phone_14.jpg::en::th,en,th,independent,1,1,1,0,0,-1,0,-1,-1
qwen,rel::5/phone_14.jpg,rel::5/phone_14.jpg::ru::en,ru,en,independent,0,1,0,1,1,1,0,0,0
qwen,rel::5/phone_14.jpg,rel::5/phone_14.jpg::ru::th,ru,th,independent,1,1,1,0,0,-1,0,-1,-1
qwen,rel::5/phone_14.jpg,rel::5/phone_14.jpg::th::en,th,en,independent,0,0,0,1,0,1,0,1,1
qwen,rel::5/phone_14.jpg,rel::5/phone_14.jpg::th::ru,th,ru,independent,0,0,0,0,0,0,0,0,0
qwen,rel::5/phone_15.jpg,rel::5/phone_15.jpg::en::ru,en,ru,dependent,1,1,1,1,0,0,0,0,0
qwen,rel::5/phone_15.jpg,rel::5/phone_15.jpg::en::th,en,th,dependent,1,1,1,1,0,0,0,0,0
qwen,rel::5/phone_15.jpg,rel::5/phone_15.jpg::en::zh,en,zh,dependent,1,1,1,1,0,0,0,0,0
qwen,rel::5/phone_15.jpg,rel::5/phone_15.jpg::ru::en,ru,en,dependent,1,1,1,1,0,0,0,0,0
qwen,rel::5/phone_15.jpg,rel::5/phone_15.jpg::ru::th,ru,th,dependent,1,1,0,1,0,1,-1,0,1
qwen,rel::5/phone_15.jpg,rel::5/phone_15.jpg::ru::zh,ru,zh,dependent,1,1,1,1,0,0,0,0,0
qwen,rel::5/phone_15.jpg,rel::5/phone_15.jpg::th::en,th,en,dependent,1,1,1,1,0,0,0,0,0
qwen,rel::5/phone_15.jpg,rel::5/phone_15.jpg::th::ru,th,ru,dependent,1,1,1,1,0,0,0,0,0
qwen,rel::5/phone_15.jpg,rel::5/phone_15.jpg::th::zh,th,zh,dependent,1,1,1,1,0,0,0,0,0
qwen,rel::5/phone_15.jpg,rel::5/phone_15.jpg::zh::en,zh,en,dependent,1,1,1,1,0,0,0,0,0
qwen,rel::5/phone_15.jpg,rel::5/phone_15.jpg::zh::ru,zh,ru,dependent,1,1,1,1,0,0,0,0,0
qwen,rel::5/phone_15.jpg,rel::5/phone_15.jpg::zh::th,zh,th,dependent,1,1,0,1,0,1,-1,0,1
qwen,rel::5/phone_16.jpg,rel::5/phone_16.jpg::en::ru,en,ru,independent,0,0,0,0,0,0,0,0,0
qwen,rel::5/phone_16.jpg,rel::5/phone_16.jpg::en::th,en,th,independent,0,0,0,0,0,0,0,0,0
qwen,rel::5/phone_16.jpg,rel::5/phone_16.jpg::en::zh,en,zh,independent,1,1,0,0,0,0,-1,-1,0
qwen,rel::5/phone_16.jpg,rel::5/phone_16.jpg::ru::en,ru,en,independent,0,0,0,0,0,0,0,0,0
qwen,rel::5/phone_16.jpg,rel::5/phone_16.jpg::ru::th,ru,th,independent,0,0,0,0,0,0,0,0,0
qwen,rel::5/phone_16.jpg,rel::5/phone_16.jpg::ru::zh,ru,zh,independent,0,0,0,0,0,0,0,0,0
qwen,rel::5/phone_16.jpg,rel::5/phone_16.jpg::th::en,th,en,independent,0,0,0,0,0,0,0,0,0
qwen,rel::5/phone_16.jpg,rel::5/phone_16.jpg::th::ru,th,ru,independent,0,0,0,0,0,0,0,0,0
qwen,rel::5/phone_16.jpg,rel::5/phone_16.jpg::th::zh,th,zh,independent,1,1,0,0,0,0,-1,-1,0
qwen,rel::5/phone_16.jpg,rel::5/phone_16.jpg::zh::en,zh,en,independent,0,0,0,0,0,0,0,0,0
qwen,rel::5/phone_16.jpg,rel::5/phone_16.jpg::zh::ru,zh,ru,independent,0,0,0,0,0,0,0,0,0
qwen,rel::5/phone_16.jpg,rel::5/phone_16.jpg::zh::th,zh,th,independent,0,0,0,0,0,0,0,0,0
qwen,rel::5/phone_17.jpg,rel::5/phone_17.jpg::en::ru,en,ru,dependent,1,1,1,1,0,0,0,0,0
qwen,rel::5/phone_17.jpg,rel::5/phone_17.jpg::en::th,en,th,dependent,1,1,1,1,0,0,0,0,0
qwen,rel::5/phone_17.jpg,rel::5/phone_17.jpg::en::zh,en,zh,dependent,1,1,1,1,0,0,0,0,0
qwen,rel::5/phone_17.jpg,rel::5/phone_17.jpg::ru::en,ru,en,dependent,1,1,1,1,0,0,0,0,0
qwen,rel::5/phone_17.jpg,rel::5/phone_17.jpg::ru::th,ru,th,dependent,1,1,1,1,0,0,0,0,0
qwen,rel::5/phone_17.jpg,rel::5/phone_17.jpg::ru::zh,ru,zh,dependent,1,1,1,1,0,0,0,0,0
qwen,rel::5/phone_17.jpg,rel::5/phone_17.jpg::th::en,th,en,dependent,1,1,1,1,0,0,0,0,0
qwen,rel::5/phone_17.jpg,rel::5/phone_17.jpg::th::ru,th,ru,dependent,1,1,1,1,0,0,0,0,0
qwen,rel::5/phone_17.jpg,rel::5/phone_17.jpg::th::zh,th,zh,dependent,1,1,1,1,0,0,0,0,0
qwen,rel::5/phone_17.jpg,rel::5/phone_17.jpg::zh::en,zh,en,dependent,1,1,1,1,0,0,0,0,0
qwen,rel::5/phone_17.jpg,rel::5/phone_17.jpg::zh::ru,zh,ru,dependent,1,1,1,1,0,0,0,0,0
qwen,rel::5/phone_17.jpg,rel::5/phone_17.jpg::zh::th,zh,th,dependent,1,1,1,1,0,0,0,0,0
qwen,rel::5/phone_18.jpg,rel::5/phone_18.jpg::en::ru,en,ru,dependent,0,1,0,1,1,1,0,0,0
qwen,rel::5/phone_18.jpg,rel::5/phone_18.jpg::en::th,en,th,dependent,0,0,0,0,0,0,0,0,0
qwen,rel::5/phone_18.jpg,rel::5/phone_18.jpg::en::zh,en,zh,dependent,0,0,1,1,0,0,1,1,0
qwen,rel::5/phone_18.jpg,rel::5/phone_18.jpg::ru::en,ru,en,dependent,1,0,0,1,-1,1,-1,1,2
qwen,rel::5/phone_18.jpg,rel::5/phone_18.jpg::ru::th,ru,th,dependent,1,0,1,0,-1,-1,0,0,0
qwen,rel::5/phone_18.jpg,rel::5/phone_18.jpg::ru::zh,ru,zh,dependent,0,0,1,1,0,0,1,1,0
qwen,rel::5/phone_18.jpg,rel::5/phone_18.jpg::th::en,th,en,dependent,0,0,0,1,0,1,0,1,1
qwen,rel::5/phone_18.jpg,rel::5/phone_18.jpg::th::ru,th,ru,dependent,0,1,0,1,1,1,0,0,0
qwen,rel::5/phone_18.jpg,rel::5/phone_18.jpg::th::zh,th,zh,dependent,0,0,0,1,0,1,0,1,1
qwen,rel::5/phone_18.jpg,rel::5/phone_18.jpg::zh::en,zh,en,dependent,1,1,0,1,0,1,-1,0,1
qwen,rel::5/phone_18.jpg,rel::5/phone_18.jpg::zh::ru,zh,ru,dependent,0,1,1,1,1,0,1,0,-1
qwen,rel::5/phone_18.jpg,rel::5/phone_18.jpg::zh::th,zh,th,dependent,1,0,0,0,-1,0,-1,0,1
qwen,rel::5/phone_2.jpg,rel::5/phone_2.jpg::en::ru,en,ru,dependent,1,1,1,1,0,0,0,0,0
qwen,rel::5/phone_2.jpg,rel::5/phone_2.jpg::en::th,en,th,dependent,1,1,0,1,0,1,-1,0,1
qwen,rel::5/phone_2.jpg,rel::5/phone_2.jpg::en::zh,en,zh,dependent,1,1,1,1,0,0,0,0,0
qwen,rel::5/phone_2.jpg,rel::5/phone_2.jpg::ru::en,ru,en,dependent,1,1,1,1,0,0,0,0,0
qwen,rel::5/phone_2.jpg,rel::5/phone_2.jpg::ru::th,ru,th,dependent,0,0,0,1,0,1,0,1,1
qwen,rel::5/phone_2.jpg,rel::5/phone_2.jpg::ru::zh,ru,zh,dependent,0,1,1,1,1,0,1,0,-1
qwen,rel::5/phone_2.jpg,rel::5/phone_2.jpg::th::en,th,en,dependent,0,0,1,1,0,0,1,1,0
qwen,rel::5/phone_2.jpg,rel::5/phone_2.jpg::th::ru,th,ru,dependent,0,1,0,1,1,1,0,0,0
qwen,rel::5/phone_2.jpg,rel::5/phone_2.jpg::th::zh,th,zh,dependent,0,0,1,1,0,0,1,1,0
qwen,rel::5/phone_2.jpg,rel::5/phone_2.jpg::zh::en,zh,en,dependent,1,1,1,1,0,0,0,0,0
qwen,rel::5/phone_2.jpg,rel::5/phone_2.jpg::zh::ru,zh,ru,dependent,1,1,1,1,0,0,0,0,0
qwen,rel::5/phone_2.jpg,rel::5/phone_2.jpg::zh::th,zh,th,dependent,1,1,0,1,0,1,-1,0,1
qwen,rel::5/phone_3.jpg,rel::5/phone_3.jpg::en::ru,en,ru,dependent,1,1,1,1,0,0,0,0,0
qwen,rel::5/phone_3.jpg,rel::5/phone_3.jpg::en::th,en,th,dependent,0,1,1,0,1,-1,1,-1,-2
qwen,rel::5/phone_3.jpg,rel::5/phone_3.jpg::en::zh,en,zh,dependent,0,0,0,0,0,0,0,0,0
qwen,rel::5/phone_3.jpg,rel::5/phone_3.jpg::ru::en,ru,en,dependent,1,1,1,1,0,0,0,0,0
qwen,rel::5/phone_3.jpg,rel::5/phone_3.jpg::ru::th,ru,th,dependent,0,1,1,0,1,-1,1,-1,-2
qwen,rel::5/phone_3.jpg,rel::5/phone_3.jpg::ru::zh,ru,zh,dependent,0,0,0,0,0,0,0,0,0
qwen,rel::5/phone_3.jpg,rel::5/phone_3.jpg::th::en,th,en,dependent,1,1,1,1,0,0,0,0,0
qwen,rel::5/phone_3.jpg,rel::5/phone_3.jpg::th::ru,th,ru,dependent,1,1,1,1,0,0,0,0,0
qwen,rel::5/phone_3.jpg,rel::5/phone_3.jpg::th::zh,th,zh,dependent,1,1,0,0,0,0,-1,-1,0
qwen,rel::5/phone_3.jpg,rel::5/phone_3.jpg::zh::en,zh,en,dependent,1,1,1,1,0,0,0,0,0
qwen,rel::5/phone_3.jpg,rel::5/phone_3.jpg::zh::ru,zh,ru,dependent,1,1,1,1,0,0,0,0,0
qwen,rel::5/phone_3.jpg,rel::5/phone_3.jpg::zh::th,zh,th,dependent,0,1,0,0,1,0,0,-1,-1
qwen,rel::5/phone_4.jpg,rel::5/phone_4.jpg::en::ru,en,ru,dependent,1,1,1,1,0,0,0,0,0
qwen,rel::5/phone_4.jpg,rel::5/phone_4.jpg::en::th,en,th,dependent,1,1,1,1,0,0,0,0,0
qwen,rel::5/phone_4.jpg,rel::5/phone_4.jpg::en::zh,en,zh,dependent,1,1,1,1,0,0,0,0,0
qwen,rel::5/phone_4.jpg,rel::5/phone_4.jpg::ru::en,ru,en,dependent,1,1,1,1,0,0,0,0,0
qwen,rel::5/phone_4.jpg,rel::5/phone_4.jpg::ru::th,ru,th,dependent,0,1,0,1,1,1,0,0,0
qwen,rel::5/phone_4.jpg,rel::5/phone_4.jpg::ru::zh,ru,zh,dependent,1,1,0,1,0,1,-1,0,1
qwen,rel::5/phone_4.jpg,rel::5/phone_4.jpg::th::en,th,en,dependent,1,1,1,1,0,0,0,0,0
qwen,rel::5/phone_4.jpg,rel::5/phone_4.jpg::th::ru,th,ru,dependent,0,1,0,1,1,1,0,0,0
qwen,rel::5/phone_4.jpg,rel::5/phone_4.jpg::th::zh,th,zh,dependent,0,1,0,1,1,1,0,0,0
qwen,rel::5/phone_4.jpg,rel::5/phone_4.jpg::zh::en,zh,en,dependent,1,1,1,1,0,0,0,0,0
qwen,rel::5/phone_4.jpg,rel::5/phone_4.jpg::zh::ru,zh,ru,dependent,0,1,0,1,1,1,0,0,0
qwen,rel::5/phone_4.jpg,rel::5/phone_4.jpg::zh::th,zh,th,dependent,0,1,1,1,1,0,1,0,-1
qwen,rel::5/phone_5.jpg,rel::5/phone_5.jpg::en::ru,en,ru,dependent,0,0,0,1,0,1,0,1,1
qwen,rel::5/phone_5.jpg,rel::5/phone_5.jpg::en::th,en,th,dependent,1,0,0,0,-1,0,-1,0,1
qwen,rel::5/phone_5.jpg,rel::5/phone_5.jpg::en::zh,en,zh,dependent,0,0,0,0,0,0,0,0,0
qwen,rel::5/phone_5.jpg,rel::5/phone_5.jpg::ru::en,ru,en,dependent,1,0,0,0,-1,0,-1,0,1
qwen,rel::5/phone_5.jpg,rel::5/phone_5.jpg::ru::th,ru,th,dependent,1,1,1,0,0,-1,0,-1,-1
qwen,rel::5/phone_5.jpg,rel::5/phone_5.jpg::ru::zh,ru,zh,dependent,1,0,0,0,-1,0,-1,0,1
qwen,rel::5/phone_5.jpg,rel::5/phone_5.jpg::th::en,th,en,dependent,1,1,0,0,0,0,-1,-1,0
qwen,rel::5/phone_5.jpg,rel::5/phone_5.jpg::th::ru,th,ru,dependent,1,1,1,1,0,0,0,0,0
qwen,rel::5/phone_5.jpg,rel::5/phone_5.jpg::th::zh,th,zh,dependent,0,1,0,0,1,0,0,-1,-1
qwen,rel::5/phone_5.jpg,rel::5/phone_5.jpg::zh::en,zh,en,dependent,0,0,0,0,0,0,0,0,0
qwen,rel::5/phone_5.jpg,rel::5/phone_5.jpg::zh::ru,zh,ru,dependent,0,0,1,1,0,0,1,1,0
qwen,rel::5/phone_5.jpg,rel::5/phone_5.jpg::zh::th,zh,th,dependent,0,1,1,0,1,-1,1,-1,-2
qwen,rel::5/phone_6.jpg,rel::5/phone_6.jpg::en::ru,en,ru,dependent,0,0,0,0,0,0,0,0,0
qwen,rel::5/phone_6.jpg,rel::5/phone_6.jpg::en::th,en,th,dependent,1,0,1,1,-1,0,0,1,1
qwen,rel::5/phone_6.jpg,rel::5/phone_6.jpg::en::zh,en,zh,dependent,0,0,0,0,0,0,0,0,0
qwen,rel::5/phone_6.jpg,rel::5/phone_6.jpg::ru::en,ru,en,dependent,0,0,0,0,0,0,0,0,0
qwen,rel::5/phone_6.jpg,rel::5/phone_6.jpg::ru::th,ru,th,dependent,0,1,1,1,1,0,1,0,-1
qwen,rel::5/phone_6.jpg,rel::5/phone_6.jpg::ru::zh,ru,zh,dependent,0,1,0,0,1,0,0,-1,-1
qwen,rel::5/phone_6.jpg,rel::5/phone_6.jpg::th::en,th,en,dependent,0,0,0,0,0,0,0,0,0
qwen,rel::5/phone_6.jpg,rel::5/phone_6.jpg::th::ru,th,ru,dependent,0,0,0,0,0,0,0,0,0
qwen,rel::5/phone_6.jpg,rel::5/phone_6.jpg::th::zh,th,zh,dependent,1,1,0,0,0,0,-1,-1,0
qwen,rel::5/phone_6.jpg,rel::5/phone_6.jpg::zh::en,zh,en,dependent,0,0,0,0,0,0,0,0,0
qwen,rel::5/phone_6.jpg,rel::5/phone_6.jpg::zh::ru,zh,ru,dependent,0,0,0,0,0,0,0,0,0
qwen,rel::5/phone_6.jpg,rel::5/phone_6.jpg::zh::th,zh,th,dependent,0,0,1,1,0,0,1,1,0
qwen,rel::5/phone_7.jpg,rel::5/phone_7.jpg::en::ru,en,ru,dependent,1,1,1,1,0,0,0,0,0
qwen,rel::5/phone_7.jpg,rel::5/phone_7.jpg::en::th,en,th,dependent,1,1,0,1,0,1,-1,0,1
qwen,rel::5/phone_7.jpg,rel::5/phone_7.jpg::en::zh,en,zh,dependent,1,1,1,1,0,0,0,0,0
qwen,rel::5/phone_7.jpg,rel::5/phone_7.jpg::ru::en,ru,en,dependent,1,1,1,1,0,0,0,0,0
qwen,rel::5/phone_7.jpg,rel::5/phone_7.jpg::ru::th,ru,th,dependent,1,1,0,1,0,1,-1,0,1
qwen,rel::5/phone_7.jpg,rel::5/phone_7.jpg::ru::zh,ru,zh,dependent,1,1,1,1,0,0,0,0,0
qwen,rel::5/phone_7.jpg,rel::5/phone_7.jpg::th::en,th,en,dependent,0,1,1,1,1,0,1,0,-1
qwen,rel::5/phone_7.jpg,rel::5/phone_7.jpg::th::ru,th,ru,dependent,0,1,0,1,1,1,0,0,0
qwen,rel::5/phone_7.jpg,rel::5/phone_7.jpg::th::zh,th,zh,dependent,1,1,1,1,0,0,0,0,0
qwen,rel::5/phone_7.jpg,rel::5/phone_7.jpg::zh::en,zh,en,dependent,1,1,1,1,0,0,0,0,0
qwen,rel::5/phone_7.jpg,rel::5/phone_7.jpg::zh::ru,zh,ru,dependent,1,1,1,1,0,0,0,0,0
qwen,rel::5/phone_7.jpg,rel::5/phone_7.jpg::zh::th,zh,th,dependent,0,1,0,1,1,1,0,0,0
qwen,rel::5/phone_8.jpg,rel::5/phone_8.jpg::en::ru,en,ru,dependent,0,1,0,1,1,1,0,0,0
qwen,rel::5/phone_8.jpg,rel::5/phone_8.jpg::en::th,en,th,dependent,0,1,0,0,1,0,0,-1,-1
qwen,rel::5/phone_8.jpg,rel::5/phone_8.jpg::en::zh,en,zh,dependent,0,0,0,0,0,0,0,0,0
qwen,rel::5/phone_8.jpg,rel::5/phone_8.jpg::ru::en,ru,en,dependent,0,1,0,1,1,1,0,0,0
qwen,rel::5/phone_8.jpg,rel::5/phone_8.jpg::ru::th,ru,th,dependent,0,0,0,0,0,0,0,0,0
qwen,rel::5/phone_8.jpg,rel::5/phone_8.jpg::ru::zh,ru,zh,dependent,0,0,0,0,0,0,0,0,0
qwen,rel::5/phone_8.jpg,rel::5/phone_8.jpg::th::en,th,en,dependent,0,0,0,1,0,1,0,1,1
qwen,rel::5/phone_8.jpg,rel::5/phone_8.jpg::th::ru,th,ru,dependent,0,1,0,1,1,1,0,0,0
qwen,rel::5/phone_8.jpg,rel::5/phone_8.jpg::th::zh,th,zh,dependent,0,0,0,0,0,0,0,0,0
qwen,rel::5/phone_8.jpg,rel::5/phone_8.jpg::zh::en,zh,en,dependent,0,1,0,1,1,1,0,0,0
qwen,rel::5/phone_8.jpg,rel::5/phone_8.jpg::zh::ru,zh,ru,dependent,0,1,0,1,1,1,0,0,0
qwen,rel::5/phone_8.jpg,rel::5/phone_8.jpg::zh::th,zh,th,dependent,0,1,0,0,1,0,0,-1,-1
qwen,rel::5/phone_9.jpg,rel::5/phone_9.jpg::en::ru,en,ru,dependent,1,1,1,1,0,0,0,0,0
qwen,rel::5/phone_9.jpg,rel::5/phone_9.jpg::en::th,en,th,dependent,1,1,0,1,0,1,-1,0,1
qwen,rel::5/phone_9.jpg,rel::5/phone_9.jpg::en::zh,en,zh,dependent,1,1,1,1,0,0,0,0,0
qwen,rel::5/phone_9.jpg,rel::5/phone_9.jpg::ru::en,ru,en,dependent,1,1,1,1,0,0,0,0,0
qwen,rel::5/phone_9.jpg,rel::5/phone_9.jpg::ru::th,ru,th,dependent,0,1,0,1,1,1,0,0,0
qwen,rel::5/phone_9.jpg,rel::5/phone_9.jpg::ru::zh,ru,zh,dependent,1,1,1,1,0,0,0,0,0
qwen,rel::5/phone_9.jpg,rel::5/phone_9.jpg::th::en,th,en,dependent,1,1,1,1,0,0,0,0,0
qwen,rel::5/phone_9.jpg,rel::5/phone_9.jpg::th::ru,th,ru,dependent,1,1,1,1,0,0,0,0,0
qwen,rel::5/phone_9.jpg,rel::5/phone_9.jpg::th::zh,th,zh,dependent,1,1,1,1,0,0,0,0,0
qwen,rel::5/phone_9.jpg,rel::5/phone_9.jpg::zh::en,zh,en,dependent,1,1,1,1,0,0,0,0,0
qwen,rel::5/phone_9.jpg,rel::5/phone_9.jpg::zh::ru,zh,ru,dependent,1,1,1,1,0,0,0,0,0
qwen,rel::5/phone_9.jpg,rel::5/phone_9.jpg::zh::th,zh,th,dependent,0,1,0,1,1,1,0,0,0
qwen,rel::5/record_1.jpg,rel::5/record_1.jpg::en::ru,en,ru,dependent,1,1,1,1,0,0,0,0,0
qwen,rel::5/record_1.jpg,rel::5/record_1.jpg::en::th,en,th,dependent,0,1,1,0,1,-1,1,-1,-2
qwen,rel::5/record_1.jpg,rel::5/record_1.jpg::en::zh,en,zh,dependent,0,1,1,1,1,0,1,0,-1
qwen,rel::5/record_1.jpg,rel::5/record_1.jpg::ru::en,ru,en,dependent,1,1,1,1,0,0,0,0,0
qwen,rel::5/record_1.jpg,rel::5/record_1.jpg::ru::th,ru,th,dependent,1,1,1,0,0,-1,0,-1,-1
qwen,rel::5/record_1.jpg,rel::5/record_1.jpg::ru::zh,ru,zh,dependent,0,1,1,1,1,0,1,0,-1
qwen,rel::5/record_1.jpg,rel::5/record_1.jpg::th::en,th,en,dependent,0,1,1,1,1,0,1,0,-1
qwen,rel::5/record_1.jpg,rel::5/record_1.jpg::th::ru,th,ru,dependent,0,1,1,1,1,0,1,0,-1
qwen,rel::5/record_1.jpg,rel::5/record_1.jpg::th::zh,th,zh,dependent,0,1,1,1,1,0,1,0,-1
qwen,rel::5/record_1.jpg,rel::5/record_1.jpg::zh::en,zh,en,dependent,1,1,0,1,0,1,-1,0,1
qwen,rel::5/record_1.jpg,rel::5/record_1.jpg::zh::ru,zh,ru,dependent,1,1,1,1,0,0,0,0,0
qwen,rel::5/record_1.jpg,rel::5/record_1.jpg::zh::th,zh,th,dependent,1,1,1,0,0,-1,0,-1,-1
qwen,rel::5/record_10.jpg,rel::5/record_10.jpg::en::ru,en,ru,dependent,0,0,1,1,0,0,1,1,0
qwen,rel::5/record_10.jpg,rel::5/record_10.jpg::en::th,en,th,dependent,1,0,1,0,-1,-1,0,0,0
qwen,rel::5/record_10.jpg,rel::5/record_10.jpg::en::zh,en,zh,dependent,0,0,1,0,0,-1,1,0,-1
qwen,rel::5/record_10.jpg,rel::5/record_10.jpg::ru::en,ru,en,dependent,1,1,1,0,0,-1,0,-1,-1
qwen,rel::5/record_10.jpg,rel::5/record_10.jpg::ru::th,ru,th,dependent,1,1,1,0,0,-1,0,-1,-1
qwen,rel::5/record_10.jpg,rel::5/record_10.jpg::ru::zh,ru,zh,dependent,1,1,1,0,0,-1,0,-1,-1
qwen,rel::5/record_10.jpg,rel::5/record_10.jpg::th::en,th,en,dependent,0,1,0,0,1,0,0,-1,-1
qwen,rel::5/record_10.jpg,rel::5/record_10.jpg::th::ru,th,ru,dependent,1,1,1,1,0,0,0,0,0
qwen,rel::5/record_10.jpg,rel::5/record_10.jpg::th::zh,th,zh,dependent,0,1,0,0,1,0,0,-1,-1
qwen,rel::5/record_10.jpg,rel::5/record_10.jpg::zh::en,zh,en,dependent,0,0,0,0,0,0,0,0,0
qwen,rel::5/record_10.jpg,rel::5/record_10.jpg::zh::ru,zh,ru,dependent,1,1,1,1,0,0,0,0,0
qwen,rel::5/record_10.jpg,rel::5/record_10.jpg::zh::th,zh,th,dependent,1,1,1,0,0,-1,0,-1,-1
qwen,rel::5/record_11.jpg,rel::5/record_11.jpg::en::ru,en,ru,dependent,1,1,1,1,0,0,0,0,0
qwen,rel::5/record_11.jpg,rel::5/record_11.jpg::en::th,en,th,dependent,1,1,1,1,0,0,0,0,0
qwen,rel::5/record_11.jpg,rel::5/record_11.jpg::en::zh,en,zh,dependent,1,1,1,1,0,0,0,0,0
qwen,rel::5/record_11.jpg,rel::5/record_11.jpg::ru::en,ru,en,dependent,1,1,1,1,0,0,0,0,0
qwen,rel::5/record_11.jpg,rel::5/record_11.jpg::ru::th,ru,th,dependent,1,1,1,1,0,0,0,0,0
qwen,rel::5/record_11.jpg,rel::5/record_11.jpg::ru::zh,ru,zh,dependent,1,1,1,1,0,0,0,0,0
qwen,rel::5/record_11.jpg,rel::5/record_11.jpg::th::en,th,en,dependent,1,1,1,1,0,0,0,0,0
qwen,rel::5/record_11.jpg,rel::5/record_11.jpg::th::ru,th,ru,dependent,1,1,1,1,0,0,0,0,0
qwen,rel::5/record_11.jpg,rel::5/record_11.jpg::th::zh,th,zh,dependent,1,1,1,1,0,0,0,0,0
qwen,rel::5/record_11.jpg,rel::5/record_11.jpg::zh::en,zh,en,dependent,1,1,1,1,0,0,0,0,0
qwen,rel::5/record_11.jpg,rel::5/record_11.jpg::zh::ru,zh,ru,dependent,1,1,1,1,0,0,0,0,0
qwen,rel::5/record_11.jpg,rel::5/record_11.jpg::zh::th,zh,th,dependent,1,1,1,1,0,0,0,0,0
qwen,rel::5/record_12.jpg,rel::5/record_12.jpg::en::ru,en,ru,dependent,0,0,1,1,0,0,1,1,0
qwen,rel::5/record_12.jpg,rel::5/record_12.jpg::en::th,en,th,dependent,1,0,1,0,-1,-1,0,0,0
qwen,rel::5/record_12.jpg,rel::5/record_12.jpg::en::zh,en,zh,dependent,0,0,0,0,0,0,0,0,0
qwen,rel::5/record_12.jpg,rel::5/record_12.jpg::ru::en,ru,en,dependent,1,0,0,0,-1,0,-1,0,1
qwen,rel::5/record_12.jpg,rel::5/record_12.jpg::ru::th,ru,th,dependent,1,0,0,0,-1,0,-1,0,1
qwen,rel::5/record_12.jpg,rel::5/record_12.jpg::ru::zh,ru,zh,dependent,1,1,0,0,0,0,-1,-1,0
qwen,rel::5/record_12.jpg,rel::5/record_12.jpg::th::en,th,en,dependent,0,0,0,0,0,0,0,0,0
qwen,rel::5/record_12.jpg,rel::5/record_12.jpg::th::ru,th,ru,dependent,0,0,1,1,0,0,1,1,0
qwen,rel::5/record_12.jpg,rel::5/record_12.jpg::th::zh,th,zh,dependent,0,0,0,0,0,0,0,0,0
qwen,rel::5/record_12.jpg,rel::5/record_12.jpg::zh::en,zh,en,dependent,0,0,0,0,0,0,0,0,0
qwen,rel::5/record_12.jpg,rel::5/record_12.jpg::zh::ru,zh,ru,dependent,0,0,1,1,0,0,1,1,0
qwen,rel::5/record_12.jpg,rel::5/record_12.jpg::zh::th,zh,th,dependent,0,0,0,0,0,0,0,0,0
qwen,rel::5/record_13.jpg,rel::5/record_13.jpg::en::ru,en,ru,independent,1,1,1,1,0,0,0,0,0
qwen,rel::5/record_13.jpg,rel::5/record_13.jpg::en::th,en,th,independent,1,1,1,1,0,0,0,0,0
qwen,rel::5/record_13.jpg,rel::5/record_13.jpg::en::zh,en,zh,independent,1,1,1,1,0,0,0,0,0
qwen,rel::5/record_13.jpg,rel::5/record_13.jpg::ru::en,ru,en,independent,1,1,1,1,0,0,0,0,0
qwen,rel::5/record_13.jpg,rel::5/record_13.jpg::ru::th,ru,th,independent,1,1,1,1,0,0,0,0,0
qwen,rel::5/record_13.jpg,rel::5/record_13.jpg::ru::zh,ru,zh,independent,1,1,1,1,0,0,0,0,0
qwen,rel::5/record_13.jpg,rel::5/record_13.jpg::th::en,th,en,independent,1,1,1,1,0,0,0,0,0
qwen,rel::5/record_13.jpg,rel::5/record_13.jpg::th::ru,th,ru,independent,1,1,1,1,0,0,0,0,0
qwen,rel::5/record_13.jpg,rel::5/record_13.jpg::th::zh,th,zh,independent,1,1,1,1,0,0,0,0,0
qwen,rel::5/record_13.jpg,rel::5/record_13.jpg::zh::en,zh,en,independent,1,1,1,1,0,0,0,0,0
qwen,rel::5/record_13.jpg,rel::5/record_13.jpg::zh::ru,zh,ru,independent,1,1,1,1,0,0,0,0,0
qwen,rel::5/record_13.jpg,rel::5/record_13.jpg::zh::th,zh,th,independent,1,1,1,1,0,0,0,0,0
qwen,rel::5/record_14.jpg,rel::5/record_14.jpg::en::ru,en,ru,dependent,0,0,0,0,0,0,0,0,0
qwen,rel::5/record_14.jpg,rel::5/record_14.jpg::en::th,en,th,dependent,0,0,1,0,0,-1,1,0,-1
qwen,rel::5/record_14.jpg,rel::5/record_14.jpg::en::zh,en,zh,dependent,0,0,0,0,0,0,0,0,0
qwen,rel::5/record_14.jpg,rel::5/record_14.jpg::ru::en,ru,en,dependent,0,0,0,0,0,0,0,0,0
qwen,rel::5/record_14.jpg,rel::5/record_14.jpg::ru::th,ru,th,dependent,0,0,1,0,0,-1,1,0,-1
qwen,rel::5/record_14.jpg,rel::5/record_14.jpg::ru::zh,ru,zh,dependent,0,0,1,0,0,-1,1,0,-1
qwen,rel::5/record_14.jpg,rel::5/record_14.jpg::th::en,th,en,dependent,0,0,0,0,0,0,0,0,0
qwen,rel::5/record_14.jpg,rel::5/record_14.jpg::th::ru,th,ru,dependent,0,0,0,0,0,0,0,0,0
qwen,rel::5/record_14.jpg,rel::5/record_14.jpg::th::zh,th,zh,dependent,1,0,1,0,-1,-1,0,0,0
qwen,rel::5/record_14.jpg,rel::5/record_14.jpg::zh::en,zh,en,dependent,0,0,0,0,0,0,0,0,0
qwen,rel::5/record_14.jpg,rel::5/record_14.jpg::zh::ru,zh,ru,dependent,0,0,0,0,0,0,0,0,0
qwen,rel::5/record_14.jpg,rel::5/record_14.jpg::zh::th,zh,th,dependent,0,0,1,0,0,-1,1,0,-1
qwen,rel::5/record_15.jpg,rel::5/record_15.jpg::en::ru,en,ru,dependent,1,0,0,0,-1,0,-1,0,1
qwen,rel::5/record_15.jpg,rel::5/record_15.jpg::en::th,en,th,dependent,1,1,0,1,0,1,-1,0,1
qwen,rel::5/record_15.jpg,rel::5/record_15.jpg::en::zh,en,zh,dependent,1,1,1,1,0,0,0,0,0
qwen,rel::5/record_15.jpg,rel::5/record_15.jpg::ru::en,ru,en,dependent,0,1,1,1,1,0,1,0,-1
qwen,rel::5/record_15.jpg,rel::5/record_15.jpg::ru::th,ru,th,dependent,0,0,0,1,0,1,0,1,1
qwen,rel::5/record_15.jpg,rel::5/record_15.jpg::ru::zh,ru,zh,dependent,1,1,0,1,0,1,-1,0,1
qwen,rel::5/record_15.jpg,rel::5/record_15.jpg::th::en,th,en,dependent,1,1,1,1,0,0,0,0,0
qwen,rel::5/record_15.jpg,rel::5/record_15.jpg::th::ru,th,ru,dependent,1,1,0,0,0,0,-1,-1,0
qwen,rel::5/record_15.jpg,rel::5/record_15.jpg::th::zh,th,zh,dependent,1,0,0,1,-1,1,-1,1,2
qwen,rel::5/record_15.jpg,rel::5/record_15.jpg::zh::en,zh,en,dependent,0,1,1,1,1,0,1,0,-1
qwen,rel::5/record_15.jpg,rel::5/record_15.jpg::zh::ru,zh,ru,dependent,0,0,0,0,0,0,0,0,0
qwen,rel::5/record_15.jpg,rel::5/record_15.jpg::zh::th,zh,th,dependent,1,1,0,1,0,1,-1,0,1
qwen,rel::5/record_16.jpg,rel::5/record_16.jpg::en::ru,en,ru,dependent,1,1,1,1,0,0,0,0,0
qwen,rel::5/record_16.jpg,rel::5/record_16.jpg::en::th,en,th,dependent,1,1,0,0,0,0,-1,-1,0
qwen,rel::5/record_16.jpg,rel::5/record_16.jpg::en::zh,en,zh,dependent,1,1,1,1,0,0,0,0,0
qwen,rel::5/record_16.jpg,rel::5/record_16.jpg::ru::en,ru,en,dependent,1,1,1,1,0,0,0,0,0
qwen,rel::5/record_16.jpg,rel::5/record_16.jpg::ru::th,ru,th,dependent,0,1,0,0,1,0,0,-1,-1
qwen,rel::5/record_16.jpg,rel::5/record_16.jpg::ru::zh,ru,zh,dependent,1,1,1,1,0,0,0,0,0
qwen,rel::5/record_16.jpg,rel::5/record_16.jpg::th::en,th,en,dependent,0,0,1,1,0,0,1,1,0
qwen,rel::5/record_16.jpg,rel::5/record_16.jpg::th::ru,th,ru,dependent,0,0,1,1,0,0,1,1,0
qwen,rel::5/record_16.jpg,rel::5/record_16.jpg::th::zh,th,zh,dependent,0,0,1,1,0,0,1,1,0
qwen,rel::5/record_16.jpg,rel::5/record_16.jpg::zh::en,zh,en,dependent,1,1,1,1,0,0,0,0,0
qwen,rel::5/record_16.jpg,rel::5/record_16.jpg::zh::ru,zh,ru,dependent,1,1,1,1,0,0,0,0,0
qwen,rel::5/record_16.jpg,rel::5/record_16.jpg::zh::th,zh,th,dependent,1,1,0,0,0,0,-1,-1,0
qwen,rel::5/record_17.jpg,rel::5/record_17.jpg::en::ru,en,ru,dependent,0,0,0,1,0,1,0,1,1
qwen,rel::5/record_17.jpg,rel::5/record_17.jpg::en::th,en,th,dependent,0,0,0,0,0,0,0,0,0
qwen,rel::5/record_17.jpg,rel::5/record_17.jpg::en::zh,en,zh,dependent,0,0,0,0,0,0,0,0,0
qwen,rel::5/record_17.jpg,rel::5/record_17.jpg::ru::en,ru,en,dependent,0,1,0,0,1,0,0,-1,-1
qwen,rel::5/record_17.jpg,rel::5/record_17.jpg::ru::th,ru,th,dependent,0,1,0,0,1,0,0,-1,-1
qwen,rel::5/record_17.jpg,rel::5/record_17.jpg::ru::zh,ru,zh,dependent,0,0,0,0,0,0,0,0,0
qwen,rel::5/record_17.jpg,rel::5/record_17.jpg::th::en,th,en,dependent,0,0,0,0,0,0,0,0,0
qwen,rel::5/record_17.jpg,rel::5/record_17.jpg::th::ru,th,ru,dependent,0,0,0,1,0,1,0,1,1
qwen,rel::5/record_17.jpg,rel::5/record_17.jpg::th::zh,th,zh,dependent,0,0,0,0,0,0,0,0,0
qwen,rel::5/record_17.jpg,rel::5/record_17.jpg::zh::en,zh,en,dependent,0,0,0,0,0,0,0,0,0
qwen,rel::5/record_17.jpg,rel::5/record_17.jpg::zh::ru,zh,ru,dependent,0,0,0,1,0,1,0,1,1
qwen,rel::5/record_17.jpg,rel::5/record_17.jpg::zh::th,zh,th,dependent,0,0,0,0,0,0,0,0,0
qwen,rel::5/record_18.jpg,rel::5/record_18.jpg::en::ru,en,ru,dependent,1,0,1,1,-1,0,0,1,1
qwen,rel::5/record_18.jpg,rel::5/record_18.jpg::en::th,en,th,dependent,0,0,0,0,0,0,0,0,0
qwen,rel::5/record_18.jpg,rel::5/record_18.jpg::en::zh,en,zh,dependent,1,1,1,1,0,0,0,0,0
qwen,rel::5/record_18.jpg,rel::5/record_18.jpg::ru::en,ru,en,dependent,1,1,1,1,0,0,0,0,0
qwen,rel::5/record_18.jpg,rel::5/record_18.jpg::ru::th,ru,th,dependent,0,0,0,0,0,0,0,0,0
qwen,rel::5/record_18.jpg,rel::5/record_18.jpg::ru::zh,ru,zh,dependent,0,1,1,1,1,0,1,0,-1
qwen,rel::5/record_18.jpg,rel::5/record_18.jpg::th::en,th,en,dependent,0,1,0,1,1,1,0,0,0
qwen,rel::5/record_18.jpg,rel::5/record_18.jpg::th::ru,th,ru,dependent,0,0,1,1,0,0,1,1,0
qwen,rel::5/record_18.jpg,rel::5/record_18.jpg::th::zh,th,zh,dependent,0,0,1,1,0,0,1,1,0
qwen,rel::5/record_18.jpg,rel::5/record_18.jpg::zh::en,zh,en,dependent,1,1,1,1,0,0,0,0,0
qwen,rel::5/record_18.jpg,rel::5/record_18.jpg::zh::ru,zh,ru,dependent,1,0,1,1,-1,0,0,1,1
qwen,rel::5/record_18.jpg,rel::5/record_18.jpg::zh::th,zh,th,dependent,0,0,1,0,0,-1,1,0,-1
qwen,rel::5/record_19.jpg,rel::5/record_19.jpg::en::ru,en,ru,dependent,1,1,1,1,0,0,0,0,0
qwen,rel::5/record_19.jpg,rel::5/record_19.jpg::en::th,en,th,dependent,1,1,0,1,0,1,-1,0,1
qwen,rel::5/record_19.jpg,rel::5/record_19.jpg::en::zh,en,zh,dependent,0,0,0,0,0,0,0,0,0
qwen,rel::5/record_19.jpg,rel::5/record_19.jpg::ru::en,ru,en,dependent,1,1,1,1,0,0,0,0,0
qwen,rel::5/record_19.jpg,rel::5/record_19.jpg::ru::th,ru,th,dependent,0,1,0,1,1,1,0,0,0
qwen,rel::5/record_19.jpg,rel::5/record_19.jpg::ru::zh,ru,zh,dependent,0,0,0,0,0,0,0,0,0
qwen,rel::5/record_19.jpg,rel::5/record_19.jpg::th::en,th,en,dependent,1,1,1,1,0,0,0,0,0
qwen,rel::5/record_19.jpg,rel::5/record_19.jpg::th::ru,th,ru,dependent,1,1,0,1,0,1,-1,0,1
qwen,rel::5/record_19.jpg,rel::5/record_19.jpg::th::zh,th,zh,dependent,0,0,0,0,0,0,0,0,0
qwen,rel::5/record_19.jpg,rel::5/record_19.jpg::zh::en,zh,en,dependent,1,1,0,1,0,1,-1,0,1
qwen,rel::5/record_19.jpg,rel::5/record_19.jpg::zh::ru,zh,ru,dependent,1,1,0,1,0,1,-1,0,1
qwen,rel::5/record_19.jpg,rel::5/record_19.jpg::zh::th,zh,th,dependent,0,1,0,1,1,1,0,0,0
qwen,rel::5/record_2.jpg,rel::5/record_2.jpg::en::ru,en,ru,dependent,0,1,0,1,1,1,0,0,0
qwen,rel::5/record_2.jpg,rel::5/record_2.jpg::en::th,en,th,dependent,0,0,1,0,0,-1,1,0,-1
qwen,rel::5/record_2.jpg,rel::5/record_2.jpg::en::zh,en,zh,dependent,0,1,0,1,1,1,0,0,0
qwen,rel::5/record_2.jpg,rel::5/record_2.jpg::ru::en,ru,en,dependent,0,1,0,1,1,1,0,0,0
qwen,rel::5/record_2.jpg,rel::5/record_2.jpg::ru::th,ru,th,dependent,0,0,0,0,0,0,0,0,0
qwen,rel::5/record_2.jpg,rel::5/record_2.jpg::ru::zh,ru,zh,dependent,0,1,0,1,1,1,0,0,0
qwen,rel::5/record_2.jpg,rel::5/record_2.jpg::th::en,th,en,dependent,0,1,0,1,1,1,0,0,0
qwen,rel::5/record_2.jpg,rel::5/record_2.jpg::th::ru,th,ru,dependent,0,1,0,1,1,1,0,0,0
qwen,rel::5/record_2.jpg,rel::5/record_2.jpg::th::zh,th,zh,dependent,0,1,0,1,1,1,0,0,0
qwen,rel::5/record_2.jpg,rel::5/record_2.jpg::zh::en,zh,en,dependent,1,1,1,1,0,0,0,0,0
qwen,rel::5/record_2.jpg,rel::5/record_2.jpg::zh::ru,zh,ru,dependent,0,1,0,1,1,1,0,0,0
qwen,rel::5/record_2.jpg,rel::5/record_2.jpg::zh::th,zh,th,dependent,1,0,1,0,-1,-1,0,0,0
qwen,rel::5/record_20.jpg,rel::5/record_20.jpg::en::ru,en,ru,dependent,1,1,1,1,0,0,0,0,0
qwen,rel::5/record_20.jpg,rel::5/record_20.jpg::en::th,en,th,dependent,1,1,1,1,0,0,0,0,0
qwen,rel::5/record_20.jpg,rel::5/record_20.jpg::en::zh,en,zh,dependent,1,1,1,1,0,0,0,0,0
qwen,rel::5/record_20.jpg,rel::5/record_20.jpg::ru::en,ru,en,dependent,1,1,1,1,0,0,0,0,0
qwen,rel::5/record_20.jpg,rel::5/record_20.jpg::ru::th,ru,th,dependent,1,1,1,1,0,0,0,0,0
qwen,rel::5/record_20.jpg,rel::5/record_20.jpg::ru::zh,ru,zh,dependent,1,1,1,1,0,0,0,0,0
qwen,rel::5/record_20.jpg,rel::5/record_20.jpg::th::en,th,en,dependent,1,1,1,1,0,0,0,0,0
qwen,rel::5/record_20.jpg,rel::5/record_20.jpg::th::ru,th,ru,dependent,1,1,1,1,0,0,0,0,0
qwen,rel::5/record_20.jpg,rel::5/record_20.jpg::th::zh,th,zh,dependent,1,1,1,1,0,0,0,0,0
qwen,rel::5/record_20.jpg,rel::5/record_20.jpg::zh::en,zh,en,dependent,1,1,1,1,0,0,0,0,0
qwen,rel::5/record_20.jpg,rel::5/record_20.jpg::zh::ru,zh,ru,dependent,1,1,1,1,0,0,0,0,0
qwen,rel::5/record_20.jpg,rel::5/record_20.jpg::zh::th,zh,th,dependent,1,1,1,1,0,0,0,0,0
qwen,rel::5/record_3.jpg,rel::5/record_3.jpg::en::th,en,th,dependent,1,1,1,1,0,0,0,0,0
qwen,rel::5/record_3.jpg,rel::5/record_3.jpg::en::zh,en,zh,dependent,0,0,0,0,0,0,0,0,0
qwen,rel::5/record_3.jpg,rel::5/record_3.jpg::th::en,th,en,dependent,1,1,1,1,0,0,0,0,0
qwen,rel::5/record_3.jpg,rel::5/record_3.jpg::th::zh,th,zh,dependent,0,0,0,0,0,0,0,0,0
qwen,rel::5/record_3.jpg,rel::5/record_3.jpg::zh::en,zh,en,dependent,0,0,1,1,0,0,1,1,0
qwen,rel::5/record_3.jpg,rel::5/record_3.jpg::zh::th,zh,th,dependent,1,1,0,1,0,1,-1,0,1
qwen,rel::5/record_4.jpg,rel::5/record_4.jpg::en::ru,en,ru,independent,1,1,1,1,0,0,0,0,0
qwen,rel::5/record_4.jpg,rel::5/record_4.jpg::en::th,en,th,independent,1,1,1,1,0,0,0,0,0
qwen,rel::5/record_4.jpg,rel::5/record_4.jpg::en::zh,en,zh,independent,1,1,1,1,0,0,0,0,0
qwen,rel::5/record_4.jpg,rel::5/record_4.jpg::ru::en,ru,en,independent,1,1,1,1,0,0,0,0,0
qwen,rel::5/record_4.jpg,rel::5/record_4.jpg::ru::th,ru,th,independent,1,1,1,1,0,0,0,0,0
qwen,rel::5/record_4.jpg,rel::5/record_4.jpg::ru::zh,ru,zh,independent,1,1,1,1,0,0,0,0,0
qwen,rel::5/record_4.jpg,rel::5/record_4.jpg::th::en,th,en,independent,1,1,1,1,0,0,0,0,0
qwen,rel::5/record_4.jpg,rel::5/record_4.jpg::th::ru,th,ru,independent,1,1,1,1,0,0,0,0,0
qwen,rel::5/record_4.jpg,rel::5/record_4.jpg::th::zh,th,zh,independent,1,1,1,1,0,0,0,0,0
qwen,rel::5/record_4.jpg,rel::5/record_4.jpg::zh::en,zh,en,independent,1,1,1,1,0,0,0,0,0
qwen,rel::5/record_4.jpg,rel::5/record_4.jpg::zh::ru,zh,ru,independent,1,1,1,1,0,0,0,0,0
qwen,rel::5/record_4.jpg,rel::5/record_4.jpg::zh::th,zh,th,independent,1,1,1,1,0,0,0,0,0
qwen,rel::5/record_5.jpg,rel::5/record_5.jpg::en::ru,en,ru,dependent,1,1,1,1,0,0,0,0,0
qwen,rel::5/record_5.jpg,rel::5/record_5.jpg::en::th,en,th,dependent,1,1,1,1,0,0,0,0,0
qwen,rel::5/record_5.jpg,rel::5/record_5.jpg::en::zh,en,zh,dependent,1,1,1,1,0,0,0,0,0
qwen,rel::5/record_5.jpg,rel::5/record_5.jpg::ru::en,ru,en,dependent,1,1,1,1,0,0,0,0,0
qwen,rel::5/record_5.jpg,rel::5/record_5.jpg::ru::th,ru,th,dependent,1,1,1,1,0,0,0,0,0
qwen,rel::5/record_5.jpg,rel::5/record_5.jpg::ru::zh,ru,zh,dependent,1,1,1,1,0,0,0,0,0
qwen,rel::5/record_5.jpg,rel::5/record_5.jpg::th::en,th,en,dependent,1,1,1,1,0,0,0,0,0
qwen,rel::5/record_5.jpg,rel::5/record_5.jpg::th::ru,th,ru,dependent,1,1,1,1,0,0,0,0,0
qwen,rel::5/record_5.jpg,rel::5/record_5.jpg::th::zh,th,zh,dependent,1,1,1,1,0,0,0,0,0
qwen,rel::5/record_5.jpg,rel::5/record_5.jpg::zh::en,zh,en,dependent,1,1,1,1,0,0,0,0,0
qwen,rel::5/record_5.jpg,rel::5/record_5.jpg::zh::ru,zh,ru,dependent,1,1,1,1,0,0,0,0,0
qwen,rel::5/record_5.jpg,rel::5/record_5.jpg::zh::th,zh,th,dependent,1,1,1,1,0,0,0,0,0
qwen,rel::5/record_6.jpg,rel::5/record_6.jpg::en::ru,en,ru,independent,1,1,1,1,0,0,0,0,0
qwen,rel::5/record_6.jpg,rel::5/record_6.jpg::en::th,en,th,independent,1,1,1,1,0,0,0,0,0
qwen,rel::5/record_6.jpg,rel::5/record_6.jpg::en::zh,en,zh,independent,1,1,1,1,0,0,0,0,0
qwen,rel::5/record_6.jpg,rel::5/record_6.jpg::ru::en,ru,en,independent,1,1,1,1,0,0,0,0,0
qwen,rel::5/record_6.jpg,rel::5/record_6.jpg::ru::th,ru,th,independent,1,1,1,1,0,0,0,0,0
qwen,rel::5/record_6.jpg,rel::5/record_6.jpg::ru::zh,ru,zh,independent,1,1,1,1,0,0,0,0,0
qwen,rel::5/record_6.jpg,rel::5/record_6.jpg::th::en,th,en,independent,1,1,1,1,0,0,0,0,0
qwen,rel::5/record_6.jpg,rel::5/record_6.jpg::th::ru,th,ru,independent,1,1,1,1,0,0,0,0,0
qwen,rel::5/record_6.jpg,rel::5/record_6.jpg::th::zh,th,zh,independent,1,1,1,1,0,0,0,0,0
qwen,rel::5/record_6.jpg,rel::5/record_6.jpg::zh::en,zh,en,independent,1,1,1,1,0,0,0,0,0
qwen,rel::5/record_6.jpg,rel::5/record_6.jpg::zh::ru,zh,ru,independent,1,1,1,1,0,0,0,0,0
qwen,rel::5/record_6.jpg,rel::5/record_6.jpg::zh::th,zh,th,independent,1,1,1,1,0,0,0,0,0
qwen,rel::5/record_7.jpg,rel::5/record_7.jpg::en::ru,en,ru,dependent,1,1,1,1,0,0,0,0,0
qwen,rel::5/record_7.jpg,rel::5/record_7.jpg::en::th,en,th,dependent,0,0,0,0,0,0,0,0,0
qwen,rel::5/record_7.jpg,rel::5/record_7.jpg::en::zh,en,zh,dependent,1,1,1,1,0,0,0,0,0
qwen,rel::5/record_7.jpg,rel::5/record_7.jpg::ru::en,ru,en,dependent,1,1,1,1,0,0,0,0,0
qwen,rel::5/record_7.jpg,rel::5/record_7.jpg::ru::th,ru,th,dependent,0,0,0,0,0,0,0,0,0
qwen,rel::5/record_7.jpg,rel::5/record_7.jpg::ru::zh,ru,zh,dependent,1,1,1,1,0,0,0,0,0
qwen,rel::5/record_7.jpg,rel::5/record_7.jpg::th::en,th,en,dependent,0,1,1,1,1,0,1,0,-1
qwen,rel::5/record_7.jpg,rel::5/record_7.jpg::th::ru,th,ru,dependent,0,0,1,1,0,0,1,1,0
qwen,rel::5/record_7.jpg,rel::5/record_7.jpg::th::zh,th,zh,dependent,0,1,1,1,1,0,1,0,-1
qwen,rel::5/record_7.jpg,rel::5/record_7.jpg::zh::en,zh,en,dependent,1,1,1,1,0,0,0,0,0
qwen,rel::5/record_7.jpg,rel::5/record_7.jpg::zh::ru,zh,ru,dependent,1,1,1,1,0,0,0,0,0
qwen,rel::5/record_7.jpg,rel::5/record_7.jpg::zh::th,zh,th,dependent,1,1,1,0,0,-1,0,-1,-1
qwen,rel::5/record_8.jpg,rel::5/record_8.jpg::en::ru,en,ru,dependent,1,1,0,1,0,1,-1,0,1
qwen,rel::5/record_8.jpg,rel::5/record_8.jpg::en::th,en,th,dependent,1,1,0,0,0,0,-1,-1,0
qwen,rel::5/record_8.jpg,rel::5/record_8.jpg::en::zh,en,zh,dependent,1,1,1,1,0,0,0,0,0
qwen,rel::5/record_8.jpg,rel::5/record_8.jpg::ru::en,ru,en,dependent,0,1,0,1,1,1,0,0,0
qwen,rel::5/record_8.jpg,rel::5/record_8.jpg::ru::th,ru,th,dependent,1,1,0,0,0,0,-1,-1,0
qwen,rel::5/record_8.jpg,rel::5/record_8.jpg::ru::zh,ru,zh,dependent,1,1,0,1,0,1,-1,0,1
qwen,rel::5/record_8.jpg,rel::5/record_8.jpg::th::en,th,en,dependent,0,0,0,1,0,1,0,1,1
qwen,rel::5/record_8.jpg,rel::5/record_8.jpg::th::ru,th,ru,dependent,0,0,0,1,0,1,0,1,1
qwen,rel::5/record_8.jpg,rel::5/record_8.jpg::th::zh,th,zh,dependent,0,0,1,1,0,0,1,1,0
qwen,rel::5/record_8.jpg,rel::5/record_8.jpg::zh::en,zh,en,dependent,1,1,1,1,0,0,0,0,0
qwen,rel::5/record_8.jpg,rel::5/record_8.jpg::zh::ru,zh,ru,dependent,0,0,0,1,0,1,0,1,1
qwen,rel::5/record_8.jpg,rel::5/record_8.jpg::zh::th,zh,th,dependent,1,0,0,0,-1,0,-1,0,1
qwen,rel::5/record_9.jpg,rel::5/record_9.jpg::en::ru,en,ru,independent,1,1,1,1,0,0,0,0,0
qwen,rel::5/record_9.jpg,rel::5/record_9.jpg::en::th,en,th,independent,1,1,1,1,0,0,0,0,0
qwen,rel::5/record_9.jpg,rel::5/record_9.jpg::en::zh,en,zh,independent,1,1,1,1,0,0,0,0,0
qwen,rel::5/record_9.jpg,rel::5/record_9.jpg::ru::en,ru,en,independent,1,1,1,1,0,0,0,0,0
qwen,rel::5/record_9.jpg,rel::5/record_9.jpg::ru::th,ru,th,independent,1,1,1,1,0,0,0,0,0
qwen,rel::5/record_9.jpg,rel::5/record_9.jpg::ru::zh,ru,zh,independent,1,1,1,1,0,0,0,0,0
qwen,rel::5/record_9.jpg,rel::5/record_9.jpg::th::en,th,en,independent,1,1,1,1,0,0,0,0,0
qwen,rel::5/record_9.jpg,rel::5/record_9.jpg::th::ru,th,ru,independent,1,1,1,1,0,0,0,0,0
qwen,rel::5/record_9.jpg,rel::5/record_9.jpg::th::zh,th,zh,independent,1,1,1,1,0,0,0,0,0
qwen,rel::5/record_9.jpg,rel::5/record_9.jpg::zh::en,zh,en,independent,1,1,1,1,0,0,0,0,0
qwen,rel::5/record_9.jpg,rel::5/record_9.jpg::zh::ru,zh,ru,independent,1,1,1,1,0,0,0,0,0
qwen,rel::5/record_9.jpg,rel::5/record_9.jpg::zh::th,zh,th,independent,1,1,1,1,0,0,0,0,0
qwen,rel::6/camera_1.jpg,rel::6/camera_1.jpg::en::ru,en,ru,dependent,1,1,1,1,0,0,0,0,0
qwen,rel::6/camera_1.jpg,rel::6/camera_1.jpg::en::th,en,th,dependent,1,1,1,1,0,0,0,0,0
qwen,rel::6/camera_1.jpg,rel::6/camera_1.jpg::en::zh,en,zh,dependent,1,1,1,1,0,0,0,0,0
qwen,rel::6/camera_1.jpg,rel::6/camera_1.jpg::ru::en,ru,en,dependent,1,1,1,1,0,0,0,0,0
qwen,rel::6/camera_1.jpg,rel::6/camera_1.jpg::ru::th,ru,th,dependent,1,1,1,1,0,0,0,0,0
qwen,rel::6/camera_1.jpg,rel::6/camera_1.jpg::ru::zh,ru,zh,dependent,1,1,1,1,0,0,0,0,0
qwen,rel::6/camera_1.jpg,rel::6/camera_1.jpg::th::en,th,en,dependent,1,1,1,1,0,0,0,0,0
qwen,rel::6/camera_1.jpg,rel::6/camera_1.jpg::th::ru,th,ru,dependent,1,1,1,1,0,0,0,0,0
qwen,rel::6/camera_1.jpg,rel::6/camera_1.jpg::th::zh,th,zh,dependent,1,1,0,1,0,1,-1,0,1
qwen,rel::6/camera_1.jpg,rel::6/camera_1.jpg::zh::en,zh,en,dependent,1,1,1,1,0,0,0,0,0
qwen,rel::6/camera_1.jpg,rel::6/camera_1.jpg::zh::ru,zh,ru,dependent,1,1,1,1,0,0,0,0,0
qwen,rel::6/camera_1.jpg,rel::6/camera_1.jpg::zh::th,zh,th,dependent,1,1,1,1,0,0,0,0,0
qwen,rel::6/camera_10.jpg,rel::6/camera_10.jpg::en::ru,en,ru,independent,0,0,0,0,0,0,0,0,0
qwen,rel::6/camera_10.jpg,rel::6/camera_10.jpg::en::th,en,th,independent,0,0,0,0,0,0,0,0,0
qwen,rel::6/camera_10.jpg,rel::6/camera_10.jpg::en::zh,en,zh,independent,0,0,0,0,0,0,0,0,0
qwen,rel::6/camera_10.jpg,rel::6/camera_10.jpg::ru::en,ru,en,independent,0,0,0,0,0,0,0,0,0
qwen,rel::6/camera_10.jpg,rel::6/camera_10.jpg::ru::th,ru,th,independent,0,0,0,0,0,0,0,0,0
qwen,rel::6/camera_10.jpg,rel::6/camera_10.jpg::ru::zh,ru,zh,independent,0,0,0,0,0,0,0,0,0
qwen,rel::6/camera_10.jpg,rel::6/camera_10.jpg::th::en,th,en,independent,0,0,0,0,0,0,0,0,0
qwen,rel::6/camera_10.jpg,rel::6/camera_10.jpg::th::ru,th,ru,independent,0,0,0,0,0,0,0,0,0
qwen,rel::6/camera_10.jpg,rel::6/camera_10.jpg::th::zh,th,zh,independent,0,0,0,0,0,0,0,0,0
qwen,rel::6/camera_10.jpg,rel::6/camera_10.jpg::zh::en,zh,en,independent,0,0,0,0,0,0,0,0,0
qwen,rel::6/camera_10.jpg,rel::6/camera_10.jpg::zh::ru,zh,ru,independent,0,0,0,0,0,0,0,0,0
qwen,rel::6/camera_10.jpg,rel::6/camera_10.jpg::zh::th,zh,th,independent,0,0,0,0,0,0,0,0,0
qwen,rel::6/camera_2.jpg,rel::6/camera_2.jpg::en::ru,en,ru,independent,1,1,1,1,0,0,0,0,0
qwen,rel::6/camera_2.jpg,rel::6/camera_2.jpg::en::th,en,th,independent,1,1,1,1,0,0,0,0,0
qwen,rel::6/camera_2.jpg,rel::6/camera_2.jpg::en::zh,en,zh,independent,1,1,1,1,0,0,0,0,0
qwen,rel::6/camera_2.jpg,rel::6/camera_2.jpg::ru::en,ru,en,independent,1,1,1,1,0,0,0,0,0
qwen,rel::6/camera_2.jpg,rel::6/camera_2.jpg::ru::th,ru,th,independent,1,1,1,1,0,0,0,0,0
qwen,rel::6/camera_2.jpg,rel::6/camera_2.jpg::ru::zh,ru,zh,independent,1,1,1,1,0,0,0,0,0
qwen,rel::6/camera_2.jpg,rel::6/camera_2.jpg::th::en,th,en,independent,1,1,1,1,0,0,0,0,0
qwen,rel::6/camera_2.jpg,rel::6/camera_2.jpg::th::ru,th,ru,independent,1,1,1,1,0,0,0,0,0
qwen,rel::6/camera_2.jpg,rel::6/camera_2.jpg::th::zh,th,zh,independent,1,1,1,1,0,0,0,0,0
qwen,rel::6/camera_2.jpg,rel::6/camera_2.jpg::zh::en,zh,en,independent,1,1,1,1,0,0,0,0,0
qwen,rel::6/camera_2.jpg,rel::6/camera_2.jpg::zh::ru,zh,ru,independent,1,1,1,1,0,0,0,0,0
qwen,rel::6/camera_2.jpg,rel::6/camera_2.jpg::zh::th,zh,th,independent,1,1,1,1,0,0,0,0,0
qwen,rel::6/camera_3.jpg,rel::6/camera_3.jpg::en::ru,en,ru,independent,0,0,0,0,0,0,0,0,0
qwen,rel::6/camera_3.jpg,rel::6/camera_3.jpg::en::th,en,th,independent,0,0,0,0,0,0,0,0,0
qwen,rel::6/camera_3.jpg,rel::6/camera_3.jpg::en::zh,en,zh,independent,0,0,0,0,0,0,0,0,0
qwen,rel::6/camera_3.jpg,rel::6/camera_3.jpg::ru::en,ru,en,independent,0,0,0,0,0,0,0,0,0
qwen,rel::6/camera_3.jpg,rel::6/camera_3.jpg::ru::th,ru,th,independent,0,0,0,0,0,0,0,0,0
qwen,rel::6/camera_3.jpg,rel::6/camera_3.jpg::ru::zh,ru,zh,independent,0,0,0,0,0,0,0,0,0
qwen,rel::6/camera_3.jpg,rel::6/camera_3.jpg::th::en,th,en,independent,0,0,0,0,0,0,0,0,0
qwen,rel::6/camera_3.jpg,rel::6/camera_3.jpg::th::ru,th,ru,independent,0,0,0,0,0,0,0,0,0
qwen,rel::6/camera_3.jpg,rel::6/camera_3.jpg::th::zh,th,zh,independent,0,0,0,0,0,0,0,0,0
qwen,rel::6/camera_3.jpg,rel::6/camera_3.jpg::zh::en,zh,en,independent,0,0,0,0,0,0,0,0,0
qwen,rel::6/camera_3.jpg,rel::6/camera_3.jpg::zh::ru,zh,ru,independent,0,0,0,0,0,0,0,0,0
qwen,rel::6/camera_3.jpg,rel::6/camera_3.jpg::zh::th,zh,th,independent,0,0,0,0,0,0,0,0,0
qwen,rel::6/camera_4.jpg,rel::6/camera_4.jpg::en::ru,en,ru,dependent,1,1,1,1,0,0,0,0,0
qwen,rel::6/camera_4.jpg,rel::6/camera_4.jpg::en::th,en,th,dependent,0,1,0,1,1,1,0,0,0
qwen,rel::6/camera_4.jpg,rel::6/camera_4.jpg::en::zh,en,zh,dependent,0,1,0,1,1,1,0,0,0
qwen,rel::6/camera_4.jpg,rel::6/camera_4.jpg::ru::en,ru,en,dependent,1,1,1,1,0,0,0,0,0
qwen,rel::6/camera_4.jpg,rel::6/camera_4.jpg::ru::th,ru,th,dependent,0,1,0,1,1,1,0,0,0
qwen,rel::6/camera_4.jpg,rel::6/camera_4.jpg::ru::zh,ru,zh,dependent,0,1,0,1,1,1,0,0,0
qwen,rel::6/camera_4.jpg,rel::6/camera_4.jpg::th::en,th,en,dependent,1,1,1,1,0,0,0,0,0
qwen,rel::6/camera_4.jpg,rel::6/camera_4.jpg::th::ru,th,ru,dependent,1,1,1,1,0,0,0,0,0
qwen,rel::6/camera_4.jpg,rel::6/camera_4.jpg::th::zh,th,zh,dependent,1,1,1,1,0,0,0,0,0
qwen,rel::6/camera_4.jpg,rel::6/camera_4.jpg::zh::en,zh,en,dependent,1,1,1,1,0,0,0,0,0
qwen,rel::6/camera_4.jpg,rel::6/camera_4.jpg::zh::ru,zh,ru,dependent,1,1,1,1,0,0,0,0,0
qwen,rel::6/camera_4.jpg,rel::6/camera_4.jpg::zh::th,zh,th,dependent,0,1,0,1,1,1,0,0,0
qwen,rel::6/camera_5.jpg,rel::6/camera_5.jpg::en::ru,en,ru,dependent,1,1,1,1,0,0,0,0,0
qwen,rel::6/camera_5.jpg,rel::6/camera_5.jpg::en::th,en,th,dependent,1,1,1,1,0,0,0,0,0
qwen,rel::6/camera_5.jpg,rel::6/camera_5.jpg::en::zh,en,zh,dependent,1,1,1,1,0,0,0,0,0
qwen,rel::6/camera_5.jpg,rel::6/camera_5.jpg::ru::en,ru,en,dependent,1,1,1,1,0,0,0,0,0
qwen,rel::6/camera_5.jpg,rel::6/camera_5.jpg::ru::th,ru,th,dependent,1,1,1,1,0,0,0,0,0
qwen,rel::6/camera_5.jpg,rel::6/camera_5.jpg::ru::zh,ru,zh,dependent,1,1,1,1,0,0,0,0,0
qwen,rel::6/camera_5.jpg,rel::6/camera_5.jpg::th::en,th,en,dependent,1,1,1,1,0,0,0,0,0
qwen,rel::6/camera_5.jpg,rel::6/camera_5.jpg::th::ru,th,ru,dependent,1,1,1,1,0,0,0,0,0
qwen,rel::6/camera_5.jpg,rel::6/camera_5.jpg::th::zh,th,zh,dependent,1,1,1,1,0,0,0,0,0
qwen,rel::6/camera_5.jpg,rel::6/camera_5.jpg::zh::en,zh,en,dependent,1,1,1,1,0,0,0,0,0
qwen,rel::6/camera_5.jpg,rel::6/camera_5.jpg::zh::ru,zh,ru,dependent,1,1,1,1,0,0,0,0,0
qwen,rel::6/camera_5.jpg,rel::6/camera_5.jpg::zh::th,zh,th,dependent,1,1,1,1,0,0,0,0,0
qwen,rel::6/camera_6.jpg,rel::6/camera_6.jpg::en::ru,en,ru,dependent,1,1,1,1,0,0,0,0,0
qwen,rel::6/camera_6.jpg,rel::6/camera_6.jpg::en::th,en,th,dependent,0,1,0,1,1,1,0,0,0
qwen,rel::6/camera_6.jpg,rel::6/camera_6.jpg::en::zh,en,zh,dependent,0,1,0,0,1,0,0,-1,-1
qwen,rel::6/camera_6.jpg,rel::6/camera_6.jpg::ru::en,ru,en,dependent,1,1,1,1,0,0,0,0,0
qwen,rel::6/camera_6.jpg,rel::6/camera_6.jpg::ru::th,ru,th,dependent,1,1,0,1,0,1,-1,0,1
qwen,rel::6/camera_6.jpg,rel::6/camera_6.jpg::ru::zh,ru,zh,dependent,1,1,0,0,0,0,-1,-1,0
qwen,rel::6/camera_6.jpg,rel::6/camera_6.jpg::th::en,th,en,dependent,0,1,0,1,1,1,0,0,0
qwen,rel::6/camera_6.jpg,rel::6/camera_6.jpg::th::ru,th,ru,dependent,0,0,0,1,0,1,0,1,1
qwen,rel::6/camera_6.jpg,rel::6/camera_6.jpg::th::zh,th,zh,dependent,0,0,0,0,0,0,0,0,0
qwen,rel::6/camera_6.jpg,rel::6/camera_6.jpg::zh::en,zh,en,dependent,0,0,0,1,0,1,0,1,1
qwen,rel::6/camera_6.jpg,rel::6/camera_6.jpg::zh::ru,zh,ru,dependent,0,0,0,1,0,1,0,1,1
qwen,rel::6/camera_6.jpg,rel::6/camera_6.jpg::zh::th,zh,th,dependent,0,0,0,1,0,1,0,1,1
qwen,rel::6/camera_7.jpg,rel::6/camera_7.jpg::en::ru,en,ru,independent,1,1,0,0,0,0,-1,-1,0
qwen,rel::6/camera_7.jpg,rel::6/camera_7.jpg::en::th,en,th,independent,1,1,1,1,0,0,0,0,0
qwen,rel::6/camera_7.jpg,rel::6/camera_7.jpg::en::zh,en,zh,independent,1,1,1,0,0,-1,0,-1,-1
qwen,rel::6/camera_7.jpg,rel::6/camera_7.jpg::ru::en,ru,en,independent,0,0,1,1,0,0,1,1,0
qwen,rel::6/camera_7.jpg,rel::6/camera_7.jpg::ru::th,ru,th,independent,0,0,1,1,0,0,1,1,0
qwen,rel::6/camera_7.jpg,rel::6/camera_7.jpg::ru::zh,ru,zh,independent,0,0,1,0,0,-1,1,0,-1
qwen,rel::6/camera_7.jpg,rel::6/camera_7.jpg::th::en,th,en,independent,1,1,1,1,0,0,0,0,0
qwen,rel::6/camera_7.jpg,rel::6/camera_7.jpg::th::ru,th,ru,independent,1,1,0,0,0,0,-1,-1,0
qwen,rel::6/camera_7.jpg,rel::6/camera_7.jpg::th::zh,th,zh,independent,1,0,1,0,-1,-1,0,0,0
qwen,rel::6/camera_7.jpg,rel::6/camera_7.jpg::zh::en,zh,en,independent,1,1,1,1,0,0,0,0,0
qwen,rel::6/camera_7.jpg,rel::6/camera_7.jpg::zh::ru,zh,ru,independent,1,1,0,0,0,0,-1,-1,0
qwen,rel::6/camera_7.jpg,rel::6/camera_7.jpg::zh::th,zh,th,independent,1,1,0,0,0,0,-1,-1,0
qwen,rel::6/camera_8.jpg,rel::6/camera_8.jpg::en::ru,en,ru,dependent,1,1,1,1,0,0,0,0,0
qwen,rel::6/camera_8.jpg,rel::6/camera_8.jpg::en::th,en,th,dependent,1,1,0,1,0,1,-1,0,1
qwen,rel::6/camera_8.jpg,rel::6/camera_8.jpg::en::zh,en,zh,dependent,1,1,1,1,0,0,0,0,0
qwen,rel::6/camera_8.jpg,rel::6/camera_8.jpg::ru::en,ru,en,dependent,1,1,1,1,0,0,0,0,0
qwen,rel::6/camera_8.jpg,rel::6/camera_8.jpg::ru::th,ru,th,dependent,0,1,0,1,1,1,0,0,0
qwen,rel::6/camera_8.jpg,rel::6/camera_8.jpg::ru::zh,ru,zh,dependent,0,1,1,1,1,0,1,0,-1
qwen,rel::6/camera_8.jpg,rel::6/camera_8.jpg::th::en,th,en,dependent,1,1,1,1,0,0,0,0,0
qwen,rel::6/camera_8.jpg,rel::6/camera_8.jpg::th::ru,th,ru,dependent,1,0,1,1,-1,0,0,1,1
qwen,rel::6/camera_8.jpg,rel::6/camera_8.jpg::th::zh,th,zh,dependent,1,1,1,1,0,0,0,0,0
qwen,rel::6/camera_8.jpg,rel::6/camera_8.jpg::zh::en,zh,en,dependent,1,1,1,1,0,0,0,0,0
qwen,rel::6/camera_8.jpg,rel::6/camera_8.jpg::zh::ru,zh,ru,dependent,0,1,0,1,1,1,0,0,0
qwen,rel::6/camera_8.jpg,rel::6/camera_8.jpg::zh::th,zh,th,dependent,1,1,1,1,0,0,0,0,0
qwen,rel::6/camera_9.jpg,rel::6/camera_9.jpg::en::ru,en,ru,dependent,1,1,0,0,0,0,-1,-1,0
qwen,rel::6/camera_9.jpg,rel::6/camera_9.jpg::en::th,en,th,dependent,1,1,0,0,0,0,-1,-1,0
qwen,rel::6/camera_9.jpg,rel::6/camera_9.jpg::en::zh,en,zh,dependent,1,1,1,1,0,0,0,0,0
qwen,rel::6/camera_9.jpg,rel::6/camera_9.jpg::ru::en,ru,en,dependent,0,0,1,1,0,0,1,1,0
qwen,rel::6/camera_9.jpg,rel::6/camera_9.jpg::ru::th,ru,th,dependent,0,0,0,0,0,0,0,0,0
qwen,rel::6/camera_9.jpg,rel::6/camera_9.jpg::ru::zh,ru,zh,dependent,0,0,1,1,0,0,1,1,0
qwen,rel::6/camera_9.jpg,rel::6/camera_9.jpg::th::en,th,en,dependent,0,0,1,1,0,0,1,1,0
qwen,rel::6/camera_9.jpg,rel::6/camera_9.jpg::th::ru,th,ru,dependent,0,0,0,0,0,0,0,0,0
qwen,rel::6/camera_9.jpg,rel::6/camera_9.jpg::th::zh,th,zh,dependent,0,0,1,1,0,0,1,1,0
qwen,rel::6/camera_9.jpg,rel::6/camera_9.jpg::zh::en,zh,en,dependent,1,1,1,1,0,0,0,0,0
qwen,rel::6/camera_9.jpg,rel::6/camera_9.jpg::zh::ru,zh,ru,dependent,1,1,0,0,0,0,-1,-1,0
qwen,rel::6/camera_9.jpg,rel::6/camera_9.jpg::zh::th,zh,th,dependent,1,1,0,0,0,0,-1,-1,0
qwen,rel::6/health_1.jpg,rel::6/health_1.jpg::en::ru,en,ru,dependent,1,1,1,1,0,0,0,0,0
qwen,rel::6/health_1.jpg,rel::6/health_1.jpg::en::th,en,th,dependent,1,1,1,1,0,0,0,0,0
qwen,rel::6/health_1.jpg,rel::6/health_1.jpg::en::zh,en,zh,dependent,1,1,1,1,0,0,0,0,0
qwen,rel::6/health_1.jpg,rel::6/health_1.jpg::ru::en,ru,en,dependent,1,1,1,1,0,0,0,0,0
qwen,rel::6/health_1.jpg,rel::6/health_1.jpg::ru::th,ru,th,dependent,1,1,0,1,0,1,-1,0,1
qwen,rel::6/health_1.jpg,rel::6/health_1.jpg::ru::zh,ru,zh,dependent,1,1,0,1,0,1,-1,0,1
qwen,rel::6/health_1.jpg,rel::6/health_1.jpg::th::en,th,en,dependent,1,1,1,1,0,0,0,0,0
qwen,rel::6/health_1.jpg,rel::6/health_1.jpg::th::ru,th,ru,dependent,1,1,1,1,0,0,0,0,0
qwen,rel::6/health_1.jpg,rel::6/health_1.jpg::th::zh,th,zh,dependent,0,1,1,1,1,0,1,0,-1
qwen,rel::6/health_1.jpg,rel::6/health_1.jpg::zh::en,zh,en,dependent,1,1,1,1,0,0,0,0,0
qwen,rel::6/health_1.jpg,rel::6/health_1.jpg::zh::ru,zh,ru,dependent,1,1,1,1,0,0,0,0,0
qwen,rel::6/health_1.jpg,rel::6/health_1.jpg::zh::th,zh,th,dependent,1,1,0,1,0,1,-1,0,1
qwen,rel::6/health_10.jpg,rel::6/health_10.jpg::en::ru,en,ru,dependent,1,1,1,1,0,0,0,0,0
qwen,rel::6/health_10.jpg,rel::6/health_10.jpg::en::th,en,th,dependent,1,1,1,1,0,0,0,0,0
qwen,rel::6/health_10.jpg,rel::6/health_10.jpg::en::zh,en,zh,dependent,1,1,1,1,0,0,0,0,0
qwen,rel::6/health_10.jpg,rel::6/health_10.jpg::ru::en,ru,en,dependent,1,1,1,1,0,0,0,0,0
qwen,rel::6/health_10.jpg,rel::6/health_10.jpg::ru::th,ru,th,dependent,1,1,1,1,0,0,0,0,0
qwen,rel::6/health_10.jpg,rel::6/health_10.jpg::ru::zh,ru,zh,dependent,1,1,1,1,0,0,0,0,0
qwen,rel::6/health_10.jpg,rel::6/health_10.jpg::th::en,th,en,dependent,1,1,1,1,0,0,0,0,0
qwen,rel::6/health_10.jpg,rel::6/health_10.jpg::th::ru,th,ru,dependent,1,1,1,1,0,0,0,0,0
qwen,rel::6/health_10.jpg,rel::6/health_10.jpg::th::zh,th,zh,dependent,1,1,1,1,0,0,0,0,0
qwen,rel::6/health_10.jpg,rel::6/health_10.jpg::zh::en,zh,en,dependent,1,1,1,1,0,0,0,0,0
qwen,rel::6/health_10.jpg,rel::6/health_10.jpg::zh::ru,zh,ru,dependent,1,1,1,1,0,0,0,0,0
qwen,rel::6/health_10.jpg,rel::6/health_10.jpg::zh::th,zh,th,dependent,1,1,1,1,0,0,0,0,0
qwen,rel::6/health_2.jpg,rel::6/health_2.jpg::en::ru,en,ru,dependent,1,1,1,1,0,0,0,0,0
qwen,rel::6/health_2.jpg,rel::6/health_2.jpg::en::th,en,th,dependent,1,1,1,1,0,0,0,0,0
qwen,rel::6/health_2.jpg,rel::6/health_2.jpg::en::zh,en,zh,dependent,1,1,1,1,0,0,0,0,0
qwen,rel::6/health_2.jpg,rel::6/health_2.jpg::ru::en,ru,en,dependent,1,1,1,1,0,0,0,0,0
qwen,rel::6/health_2.jpg,rel::6/health_2.jpg::ru::th,ru,th,dependent,1,1,1,1,0,0,0,0,0
qwen,rel::6/health_2.jpg,rel::6/health_2.jpg::ru::zh,ru,zh,dependent,1,1,1,1,0,0,0,0,0
qwen,rel::6/health_2.jpg,rel::6/health_2.jpg::th::en,th,en,dependent,1,1,1,1,0,0,0,0,0
qwen,rel::6/health_2.jpg,rel::6/health_2.jpg::th::ru,th,ru,dependent,1,1,1,1,0,0,0,0,0
qwen,rel::6/health_2.jpg,rel::6/health_2.jpg::th::zh,th,zh,dependent,1,1,1,1,0,0,0,0,0
qwen,rel::6/health_2.jpg,rel::6/health_2.jpg::zh::en,zh,en,dependent,1,1,1,1,0,0,0,0,0
qwen,rel::6/health_2.jpg,rel::6/health_2.jpg::zh::ru,zh,ru,dependent,1,1,1,1,0,0,0,0,0
qwen,rel::6/health_2.jpg,rel::6/health_2.jpg::zh::th,zh,th,dependent,1,1,1,1,0,0,0,0,0
qwen,rel::6/health_3.jpg,rel::6/health_3.jpg::en::ru,en,ru,dependent,1,1,1,1,0,0,0,0,0
qwen,rel::6/health_3.jpg,rel::6/health_3.jpg::en::zh,en,zh,dependent,1,1,1,1,0,0,0,0,0
qwen,rel::6/health_3.jpg,rel::6/health_3.jpg::ru::en,ru,en,dependent,1,1,1,1,0,0,0,0,0
qwen,rel::6/health_3.jpg,rel::6/health_3.jpg::ru::zh,ru,zh,dependent,1,1,1,1,0,0,0,0,0
qwen,rel::6/health_3.jpg,rel::6/health_3.jpg::zh::en,zh,en,dependent,1,1,1,1,0,0,0,0,0
qwen,rel::6/health_3.jpg,rel::6/health_3.jpg::zh::ru,zh,ru,dependent,1,1,1,1,0,0,0,0,0
qwen,rel::6/health_4.jpg,rel::6/health_4.jpg::en::ru,en,ru,independent,1,1,1,1,0,0,0,0,0
qwen,rel::6/health_4.jpg,rel::6/health_4.jpg::en::th,en,th,independent,1,1,1,0,0,-1,0,-1,-1
qwen,rel::6/health_4.jpg,rel::6/health_4.jpg::en::zh,en,zh,independent,0,1,1,1,1,0,1,0,-1
qwen,rel::6/health_4.jpg,rel::6/health_4.jpg::ru::en,ru,en,independent,1,1,0,1,0,1,-1,0,1
qwen,rel::6/health_4.jpg,rel::6/health_4.jpg::ru::th,ru,th,independent,0,1,0,0,1,0,0,-1,-1
qwen,rel::6/health_4.jpg,rel::6/health_4.jpg::ru::zh,ru,zh,independent,0,1,0,1,1,1,0,0,0
qwen,rel::6/health_4.jpg,rel::6/health_4.jpg::th::en,th,en,independent,0,1,1,1,1,0,1,0,-1
qwen,rel::6/health_4.jpg,rel::6/health_4.jpg::th::ru,th,ru,independent,0,1,1,1,1,0,1,0,-1
qwen,rel::6/health_4.jpg,rel::6/health_4.jpg::th::zh,th,zh,independent,0,0,0,1,0,1,0,1,1
qwen,rel::6/health_4.jpg,rel::6/health_4.jpg::zh::en,zh,en,independent,1,1,1,1,0,0,0,0,0
qwen,rel::6/health_4.jpg,rel::6/health_4.jpg::zh::ru,zh,ru,independent,1,1,1,1,0,0,0,0,0
qwen,rel::6/health_4.jpg,rel::6/health_4.jpg::zh::th,zh,th,independent,1,1,1,0,0,-1,0,-1,-1
qwen,rel::6/health_5.jpg,rel::6/health_5.jpg::en::ru,en,ru,dependent,1,1,0,1,0,1,-1,0,1
qwen,rel::6/health_5.jpg,rel::6/health_5.jpg::en::th,en,th,dependent,1,1,1,0,0,-1,0,-1,-1
qwen,rel::6/health_5.jpg,rel::6/health_5.jpg::en::zh,en,zh,dependent,1,1,0,0,0,0,-1,-1,0
qwen,rel::6/health_5.jpg,rel::6/health_5.jpg::ru::en,ru,en,dependent,1,1,1,1,0,0,0,0,0
qwen,rel::6/health_5.jpg,rel::6/health_5.jpg::ru::th,ru,th,dependent,1,1,1,0,0,-1,0,-1,-1
qwen,rel::6/health_5.jpg,rel::6/health_5.jpg::ru::zh,ru,zh,dependent,1,1,0,0,0,0,-1,-1,0
qwen,rel::6/health_5.jpg,rel::6/health_5.jpg::th::en,th,en,dependent,0,1,1,1,1,0,1,0,-1
qwen,rel::6/health_5.jpg,rel::6/health_5.jpg::th::ru,th,ru,dependent,1,1,1,1,0,0,0,0,0
qwen,rel::6/health_5.jpg,rel::6/health_5.jpg::th::zh,th,zh,dependent,0,0,0,0,0,0,0,0,0
qwen,rel::6/health_5.jpg,rel::6/health_5.jpg::zh::en,zh,en,dependent,1,1,1,1,0,0,0,0,0
qwen,rel::6/health_5.jpg,rel::6/health_5.jpg::zh::ru,zh,ru,dependent,1,1,1,1,0,0,0,0,0
qwen,rel::6/health_5.jpg,rel::6/health_5.jpg::zh::th,zh,th,dependent,0,0,0,0,0,0,0,0,0
qwen,rel::6/health_6.jpg,rel::6/health_6.jpg::en::ru,en,ru,dependent,1,1,1,1,0,0,0,0,0
qwen,rel::6/health_6.jpg,rel::6/health_6.jpg::en::th,en,th,dependent,1,1,1,1,0,0,0,0,0
qwen,rel::6/health_6.jpg,rel::6/health_6.jpg::en::zh,en,zh,dependent,1,1,1,1,0,0,0,0,0
qwen,rel::6/health_6.jpg,rel::6/health_6.jpg::ru::en,ru,en,dependent,1,1,1,1,0,0,0,0,0
qwen,rel::6/health_6.jpg,rel::6/health_6.jpg::ru::th,ru,th,dependent,1,1,1,1,0,0,0,0,0
qwen,rel::6/health_6.jpg,rel::6/health_6.jpg::ru::zh,ru,zh,dependent,1,1,1,1,0,0,0,0,0
qwen,rel::6/health_6.jpg,rel::6/health_6.jpg::th::en,th,en,dependent,1,1,1,1,0,0,0,0,0
qwen,rel::6/health_6.jpg,rel::6/health_6.jpg::th::ru,th,ru,dependent,1,1,1,1,0,0,0,0,0
qwen,rel::6/health_6.jpg,rel::6/health_6.jpg::th::zh,th,zh,dependent,1,1,1,1,0,0,0,0,0
qwen,rel::6/health_6.jpg,rel::6/health_6.jpg::zh::en,zh,en,dependent,1,1,1,1,0,0,0,0,0
qwen,rel::6/health_6.jpg,rel::6/health_6.jpg::zh::ru,zh,ru,dependent,1,1,1,1,0,0,0,0,0
qwen,rel::6/health_6.jpg,rel::6/health_6.jpg::zh::th,zh,th,dependent,1,1,1,1,0,0,0,0,0
qwen,rel::6/health_7.jpg,rel::6/health_7.jpg::en::ru,en,ru,dependent,0,0,0,0,0,0,0,0,0
qwen,rel::6/health_7.jpg,rel::6/health_7.jpg::en::th,en,th,dependent,0,0,0,0,0,0,0,0,0
qwen,rel::6/health_7.jpg,rel::6/health_7.jpg::en::zh,en,zh,dependent,0,0,0,0,0,0,0,0,0
qwen,rel::6/health_7.jpg,rel::6/health_7.jpg::ru::en,ru,en,dependent,1,1,1,1,0,0,0,0,0
qwen,rel::6/health_7.jpg,rel::6/health_7.jpg::ru::th,ru,th,dependent,0,0,0,0,0,0,0,0,0
qwen,rel::6/health_7.jpg,rel::6/health_7.jpg::ru::zh,ru,zh,dependent,0,0,0,0,0,0,0,0,0
qwen,rel::6/health_7.jpg,rel::6/health_7.jpg::th::en,th,en,dependent,1,1,1,1,0,0,0,0,0
qwen,rel::6/health_7.jpg,rel::6/health_7.jpg::th::ru,th,ru,dependent,0,0,0,0,0,0,0,0,0
qwen,rel::6/health_7.jpg,rel::6/health_7.jpg::th::zh,th,zh,dependent,0,0,0,0,0,0,0,0,0
qwen,rel::6/health_7.jpg,rel::6/health_7.jpg::zh::en,zh,en,dependent,1,1,1,1,0,0,0,0,0
qwen,rel::6/health_7.jpg,rel::6/health_7.jpg::zh::ru,zh,ru,dependent,0,0,0,0,0,0,0,0,0
qwen,rel::6/health_7.jpg,rel::6/health_7.jpg::zh::th,zh,th,dependent,0,0,0,0,0,0,0,0,0
qwen,rel::6/health_8.jpg,rel::6/health_8.jpg::en::ru,en,ru,independent,1,1,1,1,0,0,0,0,0
qwen,rel::6/health_8.jpg,rel::6/health_8.jpg::en::th,en,th,independent,1,1,1,1,0,0,0,0,0
qwen,rel::6/health_8.jpg,rel::6/health_8.jpg::en::zh,en,zh,independent,1,1,1,1,0,0,0,0,0
qwen,rel::6/health_8.jpg,rel::6/health_8.jpg::ru::en,ru,en,independent,1,1,1,1,0,0,0,0,0
qwen,rel::6/health_8.jpg,rel::6/health_8.jpg::ru::th,ru,th,independent,1,1,1,1,0,0,0,0,0
qwen,rel::6/health_8.jpg,rel::6/health_8.jpg::ru::zh,ru,zh,independent,1,1,1,1,0,0,0,0,0
qwen,rel::6/health_8.jpg,rel::6/health_8.jpg::th::en,th,en,independent,1,1,1,1,0,0,0,0,0
qwen,rel::6/health_8.jpg,rel::6/health_8.jpg::th::ru,th,ru,independent,1,1,1,1,0,0,0,0,0
qwen,rel::6/health_8.jpg,rel::6/health_8.jpg::th::zh,th,zh,independent,1,1,1,1,0,0,0,0,0
qwen,rel::6/health_8.jpg,rel::6/health_8.jpg::zh::en,zh,en,independent,1,1,1,1,0,0,0,0,0
qwen,rel::6/health_8.jpg,rel::6/health_8.jpg::zh::ru,zh,ru,independent,1,1,1,1,0,0,0,0,0
qwen,rel::6/health_8.jpg,rel::6/health_8.jpg::zh::th,zh,th,independent,1,1,1,1,0,0,0,0,0
qwen,rel::6/health_9.jpg,rel::6/health_9.jpg::en::ru,en,ru,dependent,1,1,1,1,0,0,0,0,0
qwen,rel::6/health_9.jpg,rel::6/health_9.jpg::en::th,en,th,dependent,0,0,0,0,0,0,0,0,0
qwen,rel::6/health_9.jpg,rel::6/health_9.jpg::en::zh,en,zh,dependent,1,0,0,0,-1,0,-1,0,1
qwen,rel::6/health_9.jpg,rel::6/health_9.jpg::ru::en,ru,en,dependent,1,1,1,1,0,0,0,0,0
qwen,rel::6/health_9.jpg,rel::6/health_9.jpg::ru::th,ru,th,dependent,0,0,0,0,0,0,0,0,0
qwen,rel::6/health_9.jpg,rel::6/health_9.jpg::ru::zh,ru,zh,dependent,1,1,1,0,0,-1,0,-1,-1
qwen,rel::6/health_9.jpg,rel::6/health_9.jpg::th::en,th,en,dependent,1,1,1,1,0,0,0,0,0
qwen,rel::6/health_9.jpg,rel::6/health_9.jpg::th::ru,th,ru,dependent,1,1,1,1,0,0,0,0,0
qwen,rel::6/health_9.jpg,rel::6/health_9.jpg::th::zh,th,zh,dependent,1,1,1,0,0,-1,0,-1,-1
qwen,rel::6/health_9.jpg,rel::6/health_9.jpg::zh::en,zh,en,dependent,0,1,1,1,1,0,1,0,-1
qwen,rel::6/health_9.jpg,rel::6/health_9.jpg::zh::ru,zh,ru,dependent,1,0,1,1,-1,0,0,1,1
qwen,rel::6/health_9.jpg,rel::6/health_9.jpg::zh::th,zh,th,dependent,0,0,0,0,0,0,0,0,0
qwen,rel::6/message_1.jpg,rel::6/message_1.jpg::en::ru,en,ru,independent,1,1,0,1,0,1,-1,0,1
qwen,rel::6/message_1.jpg,rel::6/message_1.jpg::en::th,en,th,independent,1,1,1,1,0,0,0,0,0
qwen,rel::6/message_1.jpg,rel::6/message_1.jpg::en::zh,en,zh,independent,1,1,0,0,0,0,-1,-1,0
qwen,rel::6/message_1.jpg,rel::6/message_1.jpg::ru::en,ru,en,independent,0,1,1,1,1,0,1,0,-1
qwen,rel::6/message_1.jpg,rel::6/message_1.jpg::ru::th,ru,th,independent,0,1,1,1,1,0,1,0,-1
qwen,rel::6/message_1.jpg,rel::6/message_1.jpg::ru::zh,ru,zh,independent,0,1,0,0,1,0,0,-1,-1
qwen,rel::6/message_1.jpg,rel::6/message_1.jpg::th::en,th,en,independent,1,1,1,1,0,0,0,0,0
qwen,rel::6/message_1.jpg,rel::6/message_1.jpg::th::ru,th,ru,independent,1,1,0,1,0,1,-1,0,1
qwen,rel::6/message_1.jpg,rel::6/message_1.jpg::th::zh,th,zh,independent,1,1,0,0,0,0,-1,-1,0
qwen,rel::6/message_1.jpg,rel::6/message_1.jpg::zh::en,zh,en,independent,1,1,1,1,0,0,0,0,0
qwen,rel::6/message_1.jpg,rel::6/message_1.jpg::zh::ru,zh,ru,independent,1,1,0,1,0,1,-1,0,1
qwen,rel::6/message_1.jpg,rel::6/message_1.jpg::zh::th,zh,th,independent,1,0,1,1,-1,0,0,1,1
qwen,rel::6/message_10.jpg,rel::6/message_10.jpg::en::ru,en,ru,dependent,1,1,1,1,0,0,0,0,0
qwen,rel::6/message_10.jpg,rel::6/message_10.jpg::en::th,en,th,dependent,1,1,1,1,0,0,0,0,0
qwen,rel::6/message_10.jpg,rel::6/message_10.jpg::en::zh,en,zh,dependent,1,1,1,1,0,0,0,0,0
qwen,rel::6/message_10.jpg,rel::6/message_10.jpg::ru::en,ru,en,dependent,1,1,1,1,0,0,0,0,0
qwen,rel::6/message_10.jpg,rel::6/message_10.jpg::ru::th,ru,th,dependent,1,1,1,1,0,0,0,0,0
qwen,rel::6/message_10.jpg,rel::6/message_10.jpg::ru::zh,ru,zh,dependent,1,1,1,1,0,0,0,0,0
qwen,rel::6/message_10.jpg,rel::6/message_10.jpg::th::en,th,en,dependent,1,1,1,1,0,0,0,0,0
qwen,rel::6/message_10.jpg,rel::6/message_10.jpg::th::ru,th,ru,dependent,1,1,1,1,0,0,0,0,0
qwen,rel::6/message_10.jpg,rel::6/message_10.jpg::th::zh,th,zh,dependent,1,1,1,1,0,0,0,0,0
qwen,rel::6/message_10.jpg,rel::6/message_10.jpg::zh::en,zh,en,dependent,1,1,1,1,0,0,0,0,0
qwen,rel::6/message_10.jpg,rel::6/message_10.jpg::zh::ru,zh,ru,dependent,1,1,1,1,0,0,0,0,0
qwen,rel::6/message_10.jpg,rel::6/message_10.jpg::zh::th,zh,th,dependent,1,1,1,1,0,0,0,0,0
qwen,rel::6/message_2.jpg,rel::6/message_2.jpg::en::ru,en,ru,independent,1,1,1,1,0,0,0,0,0
qwen,rel::6/message_2.jpg,rel::6/message_2.jpg::en::th,en,th,independent,1,1,1,1,0,0,0,0,0
qwen,rel::6/message_2.jpg,rel::6/message_2.jpg::en::zh,en,zh,independent,1,0,1,1,-1,0,0,1,1
qwen,rel::6/message_2.jpg,rel::6/message_2.jpg::ru::en,ru,en,independent,1,1,1,1,0,0,0,0,0
qwen,rel::6/message_2.jpg,rel::6/message_2.jpg::ru::th,ru,th,independent,1,1,1,1,0,0,0,0,0
qwen,rel::6/message_2.jpg,rel::6/message_2.jpg::ru::zh,ru,zh,independent,1,1,1,1,0,0,0,0,0
qwen,rel::6/message_2.jpg,rel::6/message_2.jpg::th::en,th,en,independent,1,1,1,1,0,0,0,0,0
qwen,rel::6/message_2.jpg,rel::6/message_2.jpg::th::ru,th,ru,independent,1,1,1,1,0,0,0,0,0
qwen,rel::6/message_2.jpg,rel::6/message_2.jpg::th::zh,th,zh,independent,1,1,1,1,0,0,0,0,0
qwen,rel::6/message_2.jpg,rel::6/message_2.jpg::zh::en,zh,en,independent,1,1,1,1,0,0,0,0,0
qwen,rel::6/message_2.jpg,rel::6/message_2.jpg::zh::ru,zh,ru,independent,1,1,1,1,0,0,0,0,0
qwen,rel::6/message_2.jpg,rel::6/message_2.jpg::zh::th,zh,th,independent,1,1,1,1,0,0,0,0,0
qwen,rel::6/message_3.jpg,rel::6/message_3.jpg::en::ru,en,ru,dependent,1,1,1,1,0,0,0,0,0
qwen,rel::6/message_3.jpg,rel::6/message_3.jpg::en::th,en,th,dependent,1,1,1,1,0,0,0,0,0
qwen,rel::6/message_3.jpg,rel::6/message_3.jpg::en::zh,en,zh,dependent,1,1,1,1,0,0,0,0,0
qwen,rel::6/message_3.jpg,rel::6/message_3.jpg::ru::en,ru,en,dependent,1,1,1,1,0,0,0,0,0
qwen,rel::6/message_3.jpg,rel::6/message_3.jpg::ru::th,ru,th,dependent,1,1,0,1,0,1,-1,0,1
qwen,rel::6/message_3.jpg,rel::6/message_3.jpg::ru::zh,ru,zh,dependent,1,1,1,1,0,0,0,0,0
qwen,rel::6/message_3.jpg,rel::6/message_3.jpg::th::en,th,en,dependent,1,1,1,1,0,0,0,0,0
qwen,rel::6/message_3.jpg,rel::6/message_3.jpg::th::ru,th,ru,dependent,1,1,1,1,0,0,0,0,0
qwen,rel::6/message_3.jpg,rel::6/message_3.jpg::th::zh,th,zh,dependent,0,1,1,1,1,0,1,0,-1
qwen,rel::6/message_3.jpg,rel::6/message_3.jpg::zh::en,zh,en,dependent,1,1,1,1,0,0,0,0,0
qwen,rel::6/message_3.jpg,rel::6/message_3.jpg::zh::ru,zh,ru,dependent,1,1,0,1,0,1,-1,0,1
qwen,rel::6/message_3.jpg,rel::6/message_3.jpg::zh::th,zh,th,dependent,1,1,0,1,0,1,-1,0,1
qwen,rel::6/message_7.jpg,rel::6/message_7.jpg::en::ru,en,ru,independent,1,1,1,1,0,0,0,0,0
qwen,rel::6/message_7.jpg,rel::6/message_7.jpg::en::th,en,th,independent,1,1,1,1,0,0,0,0,0
qwen,rel::6/message_7.jpg,rel::6/message_7.jpg::en::zh,en,zh,independent,1,1,1,1,0,0,0,0,0
qwen,rel::6/message_7.jpg,rel::6/message_7.jpg::ru::en,ru,en,independent,1,1,1,1,0,0,0,0,0
qwen,rel::6/message_7.jpg,rel::6/message_7.jpg::ru::th,ru,th,independent,1,1,0,1,0,1,-1,0,1
qwen,rel::6/message_7.jpg,rel::6/message_7.jpg::ru::zh,ru,zh,independent,1,1,1,1,0,0,0,0,0
qwen,rel::6/message_7.jpg,rel::6/message_7.jpg::th::en,th,en,independent,1,1,1,1,0,0,0,0,0
qwen,rel::6/message_7.jpg,rel::6/message_7.jpg::th::ru,th,ru,independent,1,1,1,1,0,0,0,0,0
qwen,rel::6/message_7.jpg,rel::6/message_7.jpg::th::zh,th,zh,independent,1,1,1,1,0,0,0,0,0
qwen,rel::6/message_7.jpg,rel::6/message_7.jpg::zh::en,zh,en,independent,1,1,1,1,0,0,0,0,0
qwen,rel::6/message_7.jpg,rel::6/message_7.jpg::zh::ru,zh,ru,independent,1,1,1,1,0,0,0,0,0
qwen,rel::6/message_7.jpg,rel::6/message_7.jpg::zh::th,zh,th,independent,1,1,0,1,0,1,-1,0,1
qwen,rel::6/phone_1.jpg,rel::6/phone_1.jpg::en::ru,en,ru,independent,1,1,1,1,0,0,0,0,0
qwen,rel::6/phone_1.jpg,rel::6/phone_1.jpg::en::th,en,th,independent,1,1,1,1,0,0,0,0,0
qwen,rel::6/phone_1.jpg,rel::6/phone_1.jpg::en::zh,en,zh,independent,1,1,1,1,0,0,0,0,0
qwen,rel::6/phone_1.jpg,rel::6/phone_1.jpg::ru::en,ru,en,independent,1,1,1,1,0,0,0,0,0
qwen,rel::6/phone_1.jpg,rel::6/phone_1.jpg::ru::th,ru,th,independent,1,1,1,1,0,0,0,0,0
qwen,rel::6/phone_1.jpg,rel::6/phone_1.jpg::ru::zh,ru,zh,independent,1,1,1,1,0,0,0,0,0
qwen,rel::6/phone_1.jpg,rel::6/phone_1.jpg::th::en,th,en,independent,1,1,1,1,0,0,0,0,0
qwen,rel::6/phone_1.jpg,rel::6/phone_1.jpg::th::ru,th,ru,independent,1,1,1,1,0,0,0,0,0
qwen,rel::6/phone_1.jpg,rel::6/phone_1.jpg::th::zh,th,zh,independent,1,1,1,1,0,0,0,0,0
qwen,rel::6/phone_1.jpg,rel::6/phone_1.jpg::zh::en,zh,en,independent,1,1,1,1,0,0,0,0,0
qwen,rel::6/phone_1.jpg,rel::6/phone_1.jpg::zh::ru,zh,ru,independent,1,1,1,1,0,0,0,0,0
qwen,rel::6/phone_1.jpg,rel::6/phone_1.jpg::zh::th,zh,th,independent,1,1,1,1,0,0,0,0,0
qwen,rel::6/phone_10.jpg,rel::6/phone_10.jpg::en::ru,en,ru,independent,1,1,1,1,0,0,0,0,0
qwen,rel::6/phone_10.jpg,rel::6/phone_10.jpg::en::th,en,th,independent,1,1,1,1,0,0,0,0,0
qwen,rel::6/phone_10.jpg,rel::6/phone_10.jpg::en::zh,en,zh,independent,1,1,1,1,0,0,0,0,0
qwen,rel::6/phone_10.jpg,rel::6/phone_10.jpg::ru::en,ru,en,independent,1,1,1,1,0,0,0,0,0
qwen,rel::6/phone_10.jpg,rel::6/phone_10.jpg::ru::th,ru,th,independent,1,1,1,1,0,0,0,0,0
qwen,rel::6/phone_10.jpg,rel::6/phone_10.jpg::ru::zh,ru,zh,independent,1,1,1,1,0,0,0,0,0
qwen,rel::6/phone_10.jpg,rel::6/phone_10.jpg::th::en,th,en,independent,1,1,1,1,0,0,0,0,0
qwen,rel::6/phone_10.jpg,rel::6/phone_10.jpg::th::ru,th,ru,independent,1,1,1,1,0,0,0,0,0
qwen,rel::6/phone_10.jpg,rel::6/phone_10.jpg::th::zh,th,zh,independent,1,1,1,1,0,0,0,0,0
qwen,rel::6/phone_10.jpg,rel::6/phone_10.jpg::zh::en,zh,en,independent,1,1,1,1,0,0,0,0,0
qwen,rel::6/phone_10.jpg,rel::6/phone_10.jpg::zh::ru,zh,ru,independent,1,1,1,1,0,0,0,0,0
qwen,rel::6/phone_10.jpg,rel::6/phone_10.jpg::zh::th,zh,th,independent,1,1,1,1,0,0,0,0,0
qwen,rel::6/phone_2.jpg,rel::6/phone_2.jpg::en::ru,en,ru,independent,1,1,1,1,0,0,0,0,0
qwen,rel::6/phone_2.jpg,rel::6/phone_2.jpg::en::th,en,th,independent,1,1,1,1,0,0,0,0,0
qwen,rel::6/phone_2.jpg,rel::6/phone_2.jpg::en::zh,en,zh,independent,1,1,1,1,0,0,0,0,0
qwen,rel::6/phone_2.jpg,rel::6/phone_2.jpg::ru::en,ru,en,independent,1,1,1,1,0,0,0,0,0
qwen,rel::6/phone_2.jpg,rel::6/phone_2.jpg::ru::th,ru,th,independent,1,1,1,1,0,0,0,0,0
qwen,rel::6/phone_2.jpg,rel::6/phone_2.jpg::ru::zh,ru,zh,independent,1,1,1,1,0,0,0,0,0
qwen,rel::6/phone_2.jpg,rel::6/phone_2.jpg::th::en,th,en,independent,1,1,1,1,0,0,0,0,0
qwen,rel::6/phone_2.jpg,rel::6/phone_2.jpg::th::ru,th,ru,independent,1,1,1,1,0,0,0,0,0
qwen,rel::6/phone_2.jpg,rel::6/phone_2.jpg::th::zh,th,zh,independent,1,1,1,1,0,0,0,0,0
qwen,rel::6/phone_2.jpg,rel::6/phone_2.jpg::zh::en,zh,en,independent,1,1,1,1,0,0,0,0,0
qwen,rel::6/phone_2.jpg,rel::6/phone_2.jpg::zh::ru,zh,ru,independent,1,1,1,1,0,0,0,0,0
qwen,rel::6/phone_2.jpg,rel::6/phone_2.jpg::zh::th,zh,th,independent,1,1,1,1,0,0,0,0,0
qwen,rel::6/phone_3.jpg,rel::6/phone_3.jpg::en::ru,en,ru,independent,1,1,1,1,0,0,0,0,0
qwen,rel::6/phone_3.jpg,rel::6/phone_3.jpg::en::th,en,th,independent,0,0,0,0,0,0,0,0,0
qwen,rel::6/phone_3.jpg,rel::6/phone_3.jpg::en::zh,en,zh,independent,1,1,0,0,0,0,-1,-1,0
qwen,rel::6/phone_3.jpg,rel::6/phone_3.jpg::ru::en,ru,en,independent,1,1,1,1,0,0,0,0,0
qwen,rel::6/phone_3.jpg,rel::6/phone_3.jpg::ru::th,ru,th,independent,1,1,0,0,0,0,-1,-1,0
qwen,rel::6/phone_3.jpg,rel::6/phone_3.jpg::ru::zh,ru,zh,independent,0,0,0,0,0,0,0,0,0
qwen,rel::6/phone_3.jpg,rel::6/phone_3.jpg::th::en,th,en,independent,0,0,1,1,0,0,1,1,0
qwen,rel::6/phone_3.jpg,rel::6/phone_3.jpg::th::ru,th,ru,independent,0,0,1,1,0,0,1,1,0
qwen,rel::6/phone_3.jpg,rel::6/phone_3.jpg::th::zh,th,zh,independent,0,0,0,0,0,0,0,0,0
qwen,rel::6/phone_3.jpg,rel::6/phone_3.jpg::zh::en,zh,en,independent,0,0,1,1,0,0,1,1,0
qwen,rel::6/phone_3.jpg,rel::6/phone_3.jpg::zh::ru,zh,ru,independent,1,1,1,1,0,0,0,0,0
qwen,rel::6/phone_3.jpg,rel::6/phone_3.jpg::zh::th,zh,th,independent,1,1,0,0,0,0,-1,-1,0
qwen,rel::6/phone_4.jpg,rel::6/phone_4.jpg::en::ru,en,ru,dependent,1,1,1,1,0,0,0,0,0
qwen,rel::6/phone_4.jpg,rel::6/phone_4.jpg::en::th,en,th,dependent,0,1,0,1,1,1,0,0,0
qwen,rel::6/phone_4.jpg,rel::6/phone_4.jpg::en::zh,en,zh,dependent,1,1,1,1,0,0,0,0,0
qwen,rel::6/phone_4.jpg,rel::6/phone_4.jpg::ru::en,ru,en,dependent,1,1,1,1,0,0,0,0,0
qwen,rel::6/phone_4.jpg,rel::6/phone_4.jpg::ru::th,ru,th,dependent,1,1,1,1,0,0,0,0,0
qwen,rel::6/phone_4.jpg,rel::6/phone_4.jpg::ru::zh,ru,zh,dependent,1,1,1,1,0,0,0,0,0
qwen,rel::6/phone_4.jpg,rel::6/phone_4.jpg::th::en,th,en,dependent,1,1,1,1,0,0,0,0,0
qwen,rel::6/phone_4.jpg,rel::6/phone_4.jpg::th::ru,th,ru,dependent,1,1,1,1,0,0,0,0,0
qwen,rel::6/phone_4.jpg,rel::6/phone_4.jpg::th::zh,th,zh,dependent,1,1,1,1,0,0,0,0,0
qwen,rel::6/phone_4.jpg,rel::6/phone_4.jpg::zh::en,zh,en,dependent,1,1,1,1,0,0,0,0,0
qwen,rel::6/phone_4.jpg,rel::6/phone_4.jpg::zh::ru,zh,ru,dependent,1,1,1,1,0,0,0,0,0
qwen,rel::6/phone_4.jpg,rel::6/phone_4.jpg::zh::th,zh,th,dependent,1,1,0,1,0,1,-1,0,1
qwen,rel::6/phone_5.jpg,rel::6/phone_5.jpg::en::ru,en,ru,dependent,0,1,0,1,1,1,0,0,0
qwen,rel::6/phone_5.jpg,rel::6/phone_5.jpg::en::th,en,th,dependent,0,1,0,1,1,1,0,0,0
qwen,rel::6/phone_5.jpg,rel::6/phone_5.jpg::en::zh,en,zh,dependent,0,1,0,0,1,0,0,-1,-1
qwen,rel::6/phone_5.jpg,rel::6/phone_5.jpg::ru::en,ru,en,dependent,1,0,1,0,-1,-1,0,0,0
qwen,rel::6/phone_5.jpg,rel::6/phone_5.jpg::ru::th,ru,th,dependent,1,1,1,1,0,0,0,0,0
qwen,rel::6/phone_5.jpg,rel::6/phone_5.jpg::ru::zh,ru,zh,dependent,0,0,0,0,0,0,0,0,0
qwen,rel::6/phone_5.jpg,rel::6/phone_5.jpg::th::en,th,en,dependent,0,0,1,0,0,-1,1,0,-1
qwen,rel::6/phone_5.jpg,rel::6/phone_5.jpg::th::ru,th,ru,dependent,0,1,1,1,1,0,1,0,-1
qwen,rel::6/phone_5.jpg,rel::6/phone_5.jpg::th::zh,th,zh,dependent,0,0,0,0,0,0,0,0,0
qwen,rel::6/phone_5.jpg,rel::6/phone_5.jpg::zh::en,zh,en,dependent,0,0,0,0,0,0,0,0,0
qwen,rel::6/phone_5.jpg,rel::6/phone_5.jpg::zh::ru,zh,ru,dependent,0,1,0,1,1,1,0,0,0
qwen,rel::6/phone_5.jpg,rel::6/phone_5.jpg::zh::th,zh,th,dependent,0,1,1,1,1,0,1,0,-1
qwen,rel::6/phone_6.jpg,rel::6/phone_6.jpg::en::ru,en,ru,independent,1,1,1,1,0,0,0,0,0
qwen,rel::6/phone_6.jpg,rel::6/phone_6.jpg::en::th,en,th,independent,1,1,1,1,0,0,0,0,0
qwen,rel::6/phone_6.jpg,rel::6/phone_6.jpg::en::zh,en,zh,independent,1,1,0,0,0,0,-1,-1,0
qwen,rel::6/phone_6.jpg,rel::6/phone_6.jpg::ru::en,ru,en,independent,1,1,1,1,0,0,0,0,0
qwen,rel::6/phone_6.jpg,rel::6/phone_6.jpg::ru::th,ru,th,independent,1,1,1,1,0,0,0,0,0
qwen,rel::6/phone_6.jpg,rel::6/phone_6.jpg::ru::zh,ru,zh,independent,1,1,0,0,0,0,-1,-1,0
qwen,rel::6/phone_6.jpg,rel::6/phone_6.jpg::th::en,th,en,independent,1,1,1,1,0,0,0,0,0
qwen,rel::6/phone_6.jpg,rel::6/phone_6.jpg::th::ru,th,ru,independent,1,1,1,1,0,0,0,0,0
qwen,rel::6/phone_6.jpg,rel::6/phone_6.jpg::th::zh,th,zh,independent,1,1,0,0,0,0,-1,-1,0
qwen,rel::6/phone_6.jpg,rel::6/phone_6.jpg::zh::en,zh,en,independent,1,0,1,1,-1,0,0,1,1
qwen,rel::6/phone_6.jpg,rel::6/phone_6.jpg::zh::ru,zh,ru,independent,0,0,0,1,0,1,0,1,1
qwen,rel::6/phone_6.jpg,rel::6/phone_6.jpg::zh::th,zh,th,independent,1,0,1,1,-1,0,0,1,1
qwen,rel::6/phone_7.jpg,rel::6/phone_7.jpg::en::ru,en,ru,dependent,1,0,1,0,-1,-1,0,0,0
qwen,rel::6/phone_7.jpg,rel::6/phone_7.jpg::en::th,en,th,dependent,0,1,0,0,1,0,0,-1,-1
qwen,rel::6/phone_7.jpg,rel::6/phone_7.jpg::en::zh,en,zh,dependent,1,1,0,1,0,1,-1,0,1
qwen,rel::6/phone_7.jpg,rel::6/phone_7.jpg::ru::en,ru,en,dependent,0,1,0,1,1,1,0,0,0
qwen,rel::6/phone_7.jpg,rel::6/phone_7.jpg::ru::th,ru,th,dependent,0,1,0,0,1,0,0,-1,-1
qwen,rel::6/phone_7.jpg,rel::6/phone_7.jpg::ru::zh,ru,zh,dependent,0,1,0,1,1,1,0,0,0
qwen,rel::6/phone_7.jpg,rel::6/phone_7.jpg::th::en,th,en,dependent,0,1,0,1,1,1,0,0,0
qwen,rel::6/phone_7.jpg,rel::6/phone_7.jpg::th::ru,th,ru,dependent,0,0,1,0,0,-1,1,0,-1
qwen,rel::6/phone_7.jpg,rel::6/phone_7.jpg::th::zh,th,zh,dependent,0,1,0,1,1,1,0,0,0
qwen,rel::6/phone_7.jpg,rel::6/phone_7.jpg::zh::en,zh,en,dependent,0,1,0,1,1,1,0,0,0
qwen,rel::6/phone_7.jpg,rel::6/phone_7.jpg::zh::ru,zh,ru,dependent,0,0,0,0,0,0,0,0,0
qwen,rel::6/phone_7.jpg,rel::6/phone_7.jpg::zh::th,zh,th,dependent,0,1,0,0,1,0,0,-1,-1
qwen,rel::6/phone_9.jpg,rel::6/phone_9.jpg::en::ru,en,ru,dependent,1,1,1,1,0,0,0,0,0
qwen,rel::6/phone_9.jpg,rel::6/phone_9.jpg::en::th,en,th,dependent,1,1,0,1,0,1,-1,0,1
qwen,rel::6/phone_9.jpg,rel::6/phone_9.jpg::en::zh,en,zh,dependent,1,1,1,1,0,0,0,0,0
qwen,rel::6/phone_9.jpg,rel::6/phone_9.jpg::ru::en,ru,en,dependent,1,1,1,1,0,0,0,0,0
qwen,rel::6/phone_9.jpg,rel::6/phone_9.jpg::ru::th,ru,th,dependent,1,1,1,1,0,0,0,0,0
qwen,rel::6/phone_9.jpg,rel::6/phone_9.jpg::ru::zh,ru,zh,dependent,1,1,1,1,0,0,0,0,0
qwen,rel::6/phone_9.jpg,rel::6/phone_9.jpg::th::en,th,en,dependent,1,1,1,1,0,0,0,0,0
qwen,rel::6/phone_9.jpg,rel::6/phone_9.jpg::th::ru,th,ru,dependent,1,1,1,1,0,0,0,0,0
qwen,rel::6/phone_9.jpg,rel::6/phone_9.jpg::th::zh,th,zh,dependent,1,1,1,1,0,0,0,0,0
qwen,rel::6/phone_9.jpg,rel::6/phone_9.jpg::zh::en,zh,en,dependent,1,1,1,1,0,0,0,0,0
qwen,rel::6/phone_9.jpg,rel::6/phone_9.jpg::zh::ru,zh,ru,dependent,1,1,1,1,0,0,0,0,0
qwen,rel::6/phone_9.jpg,rel::6/phone_9.jpg::zh::th,zh,th,dependent,1,1,1,1,0,0,0,0,0
qwen,rel::6/record_1.jpg,rel::6/record_1.jpg::en::ru,en,ru,dependent,1,1,1,1,0,0,0,0,0
qwen,rel::6/record_1.jpg,rel::6/record_1.jpg::en::th,en,th,dependent,1,1,1,1,0,0,0,0,0
qwen,rel::6/record_1.jpg,rel::6/record_1.jpg::en::zh,en,zh,dependent,1,1,1,1,0,0,0,0,0
qwen,rel::6/record_1.jpg,rel::6/record_1.jpg::ru::en,ru,en,dependent,1,1,1,1,0,0,0,0,0
qwen,rel::6/record_1.jpg,rel::6/record_1.jpg::ru::th,ru,th,dependent,1,1,1,1,0,0,0,0,0
qwen,rel::6/record_1.jpg,rel::6/record_1.jpg::ru::zh,ru,zh,dependent,1,1,1,1,0,0,0,0,0
qwen,rel::6/record_1.jpg,rel::6/record_1.jpg::th::en,th,en,dependent,1,1,1,1,0,0,0,0,0
qwen,rel::6/record_1.jpg,rel::6/record_1.jpg::th::ru,th,ru,dependent,1,1,1,1,0,0,0,0,0
qwen,rel::6/record_1.jpg,rel::6/record_1.jpg::th::zh,th,zh,dependent,1,1,1,1,0,0,0,0,0
qwen,rel::6/record_1.jpg,rel::6/record_1.jpg::zh::en,zh,en,dependent,1,1,1,1,0,0,0,0,0
qwen,rel::6/record_1.jpg,rel::6/record_1.jpg::zh::ru,zh,ru,dependent,1,1,1,1,0,0,0,0,0
qwen,rel::6/record_1.jpg,rel::6/record_1.jpg::zh::th,zh,th,dependent,1,1,0,1,0,1,-1,0,1
qwen,rel::6/record_5.jpg,rel::6/record_5.jpg::en::ru,en,ru,dependent,0,0,1,1,0,0,1,1,0
qwen,rel::6/record_5.jpg,rel::6/record_5.jpg::en::th,en,th,dependent,0,0,0,1,0,1,0,1,1
qwen,rel::6/record_5.jpg,rel::6/record_5.jpg::en::zh,en,zh,dependent,1,0,1,1,-1,0,0,1,1
qwen,rel::6/record_5.jpg,rel::6/record_5.jpg::ru::en,ru,en,dependent,1,1,0,1,0,1,-1,0,1
qwen,rel::6/record_5.jpg,rel::6/record_5.jpg::ru::th,ru,th,dependent,0,1,0,1,1,1,0,0,0
qwen,rel::6/record_5.jpg,rel::6/record_5.jpg::ru::zh,ru,zh,dependent,1,1,1,1,0,0,0,0,0
qwen,rel::6/record_5.jpg,rel::6/record_5.jpg::th::en,th,en,dependent,1,1,0,1,0,1,-1,0,1
qwen,rel::6/record_5.jpg,rel::6/record_5.jpg::th::ru,th,ru,dependent,0,1,1,1,1,0,1,0,-1
qwen,rel::6/record_5.jpg,rel::6/record_5.jpg::th::zh,th,zh,dependent,1,1,1,1,0,0,0,0,0
qwen,rel::6/record_5.jpg,rel::6/record_5.jpg::zh::en,zh,en,dependent,1,1,0,1,0,1,-1,0,1
qwen,rel::6/record_5.jpg,rel::6/record_5.jpg::zh::ru,zh,ru,dependent,1,1,1,1,0,0,0,0,0
qwen,rel::6/record_5.jpg,rel::6/record_5.jpg::zh::th,zh,th,dependent,0,1,0,1,1,1,0,0,0
qwen,rel::6/safari_10.jpg,rel::6/safari_10.jpg::en::ru,en,ru,dependent,1,1,0,1,0,1,-1,0,1
qwen,rel::6/safari_10.jpg,rel::6/safari_10.jpg::en::th,en,th,dependent,0,1,0,0,1,0,0,-1,-1
qwen,rel::6/safari_10.jpg,rel::6/safari_10.jpg::en::zh,en,zh,dependent,1,1,0,0,0,0,-1,-1,0
qwen,rel::6/safari_10.jpg,rel::6/safari_10.jpg::ru::en,ru,en,dependent,1,1,1,1,0,0,0,0,0
qwen,rel::6/safari_10.jpg,rel::6/safari_10.jpg::ru::th,ru,th,dependent,1,1,0,0,0,0,-1,-1,0
qwen,rel::6/safari_10.jpg,rel::6/safari_10.jpg::ru::zh,ru,zh,dependent,1,1,0,0,0,0,-1,-1,0
qwen,rel::6/safari_10.jpg,rel::6/safari_10.jpg::th::en,th,en,dependent,1,1,1,1,0,0,0,0,0
qwen,rel::6/safari_10.jpg,rel::6/safari_10.jpg::th::ru,th,ru,dependent,1,1,0,1,0,1,-1,0,1
qwen,rel::6/safari_10.jpg,rel::6/safari_10.jpg::th::zh,th,zh,dependent,0,0,0,0,0,0,0,0,0
qwen,rel::6/safari_10.jpg,rel::6/safari_10.jpg::zh::en,zh,en,dependent,0,0,1,1,0,0,1,1,0
qwen,rel::6/safari_10.jpg,rel::6/safari_10.jpg::zh::ru,zh,ru,dependent,1,1,0,1,0,1,-1,0,1
qwen,rel::6/safari_10.jpg,rel::6/safari_10.jpg::zh::th,zh,th,dependent,0,0,0,0,0,0,0,0,0
qwen,rel::6/safari_2.jpg,rel::6/safari_2.jpg::en::ru,en,ru,dependent,0,1,0,1,1,1,0,0,0
qwen,rel::6/safari_2.jpg,rel::6/safari_2.jpg::en::th,en,th,dependent,1,1,0,1,0,1,-1,0,1
qwen,rel::6/safari_2.jpg,rel::6/safari_2.jpg::en::zh,en,zh,dependent,1,1,1,1,0,0,0,0,0
qwen,rel::6/safari_2.jpg,rel::6/safari_2.jpg::ru::en,ru,en,dependent,1,1,1,1,0,0,0,0,0
qwen,rel::6/safari_2.jpg,rel::6/safari_2.jpg::ru::th,ru,th,dependent,0,1,0,1,1,1,0,0,0
qwen,rel::6/safari_2.jpg,rel::6/safari_2.jpg::ru::zh,ru,zh,dependent,0,1,1,1,1,0,1,0,-1
qwen,rel::6/safari_2.jpg,rel::6/safari_2.jpg::th::en,th,en,dependent,1,1,1,1,0,0,0,0,0
qwen,rel::6/safari_2.jpg,rel::6/safari_2.jpg::th::ru,th,ru,dependent,0,1,0,1,1,1,0,0,0
qwen,rel::6/safari_2.jpg,rel::6/safari_2.jpg::th::zh,th,zh,dependent,0,1,1,1,1,0,1,0,-1
qwen,rel::6/safari_2.jpg,rel::6/safari_2.jpg::zh::en,zh,en,dependent,1,1,1,1,0,0,0,0,0
qwen,rel::6/safari_2.jpg,rel::6/safari_2.jpg::zh::ru,zh,ru,dependent,1,1,0,1,0,1,-1,0,1
qwen,rel::6/safari_2.jpg,rel::6/safari_2.jpg::zh::th,zh,th,dependent,1,1,0,1,0,1,-1,0,1
qwen,rel::6/safari_3.jpg,rel::6/safari_3.jpg::en::ru,en,ru,dependent,1,1,1,1,0,0,0,0,0
qwen,rel::6/safari_3.jpg,rel::6/safari_3.jpg::en::th,en,th,dependent,1,1,1,1,0,0,0,0,0
qwen,rel::6/safari_3.jpg,rel::6/safari_3.jpg::en::zh,en,zh,dependent,1,1,1,1,0,0,0,0,0
qwen,rel::6/safari_3.jpg,rel::6/safari_3.jpg::ru::en,ru,en,dependent,1,1,1,1,0,0,0,0,0
qwen,rel::6/safari_3.jpg,rel::6/safari_3.jpg::ru::th,ru,th,dependent,0,1,1,1,1,0,1,0,-1
qwen,rel::6/safari_3.jpg,rel::6/safari_3.jpg::ru::zh,ru,zh,dependent,1,1,1,1,0,0,0,0,0
qwen,rel::6/safari_3.jpg,rel::6/safari_3.jpg::th::en,th,en,dependent,1,1,1,1,0,0,0,0,0
qwen,rel::6/safari_3.jpg,rel::6/safari_3.jpg::th::ru,th,ru,dependent,1,1,1,1,0,0,0,0,0
qwen,rel::6/safari_3.jpg,rel::6/safari_3.jpg::th::zh,th,zh,dependent,1,1,1,1,0,0,0,0,0
qwen,rel::6/safari_3.jpg,rel::6/safari_3.jpg::zh::en,zh,en,dependent,1,1,1,1,0,0,0,0,0
qwen,rel::6/safari_3.jpg,rel::6/safari_3.jpg::zh::ru,zh,ru,dependent,1,1,0,1,0,1,-1,0,1
qwen,rel::6/safari_3.jpg,rel::6/safari_3.jpg::zh::th,zh,th,dependent,1,1,1,1,0,0,0,0,0
qwen,rel::6/safari_5.jpg,rel::6/safari_5.jpg::en::ru,en,ru,dependent,1,1,1,1,0,0,0,0,0
qwen,rel::6/safari_5.jpg,rel::6/safari_5.jpg::en::th,en,th,dependent,0,1,0,1,1,1,0,0,0
qwen,rel::6/safari_5.jpg,rel::6/safari_5.jpg::en::zh,en,zh,dependent,1,1,1,1,0,0,0,0,0
qwen,rel::6/safari_5.jpg,rel::6/safari_5.jpg::ru::en,ru,en,dependent,1,1,1,1,0,0,0,0,0
qwen,rel::6/safari_5.jpg,rel::6/safari_5.jpg::ru::th,ru,th,dependent,0,1,0,1,1,1,0,0,0
qwen,rel::6/safari_5.jpg,rel::6/safari_5.jpg::ru::zh,ru,zh,dependent,1,1,1,1,0,0,0,0,0
qwen,rel::6/safari_5.jpg,rel::6/safari_5.jpg::th::en,th,en,dependent,1,1,1,1,0,0,0,0,0
qwen,rel::6/safari_5.jpg,rel::6/safari_5.jpg::th::ru,th,ru,dependent,1,1,1,1,0,0,0,0,0
qwen,rel::6/safari_5.jpg,rel::6/safari_5.jpg::th::zh,th,zh,dependent,1,1,1,1,0,0,0,0,0
qwen,rel::6/safari_5.jpg,rel::6/safari_5.jpg::zh::en,zh,en,dependent,1,1,1,1,0,0,0,0,0
qwen,rel::6/safari_5.jpg,rel::6/safari_5.jpg::zh::ru,zh,ru,dependent,1,1,1,1,0,0,0,0,0
qwen,rel::6/safari_5.jpg,rel::6/safari_5.jpg::zh::th,zh,th,dependent,1,1,0,1,0,1,-1,0,1
qwen,rel::6/safari_6.jpg,rel::6/safari_6.jpg::en::ru,en,ru,independent,1,1,0,0,0,0,-1,-1,0
qwen,rel::6/safari_6.jpg,rel::6/safari_6.jpg::en::th,en,th,independent,0,0,1,1,0,0,1,1,0
qwen,rel::6/safari_6.jpg,rel::6/safari_6.jpg::en::zh,en,zh,independent,0,0,1,1,0,0,1,1,0
qwen,rel::6/safari_6.jpg,rel::6/safari_6.jpg::ru::en,ru,en,independent,0,0,1,1,0,0,1,1,0
qwen,rel::6/safari_6.jpg,rel::6/safari_6.jpg::ru::th,ru,th,independent,0,0,1,1,0,0,1,1,0
qwen,rel::6/safari_6.jpg,rel::6/safari_6.jpg::ru::zh,ru,zh,independent,0,0,1,1,0,0,1,1,0
qwen,rel::6/safari_6.jpg,rel::6/safari_6.jpg::th::en,th,en,independent,1,1,1,1,0,0,0,0,0
qwen,rel::6/safari_6.jpg,rel::6/safari_6.jpg::th::ru,th,ru,independent,1,1,0,0,0,0,-1,-1,0
qwen,rel::6/safari_6.jpg,rel::6/safari_6.jpg::th::zh,th,zh,independent,1,1,1,1,0,0,0,0,0
qwen,rel::6/safari_6.jpg,rel::6/safari_6.jpg::zh::en,zh,en,independent,1,1,1,1,0,0,0,0,0
qwen,rel::6/safari_6.jpg,rel::6/safari_6.jpg::zh::ru,zh,ru,independent,1,1,0,0,0,0,-1,-1,0
qwen,rel::6/safari_6.jpg,rel::6/safari_6.jpg::zh::th,zh,th,independent,1,1,1,1,0,0,0,0,0
qwen,rel::6/safari_7.jpg,rel::6/safari_7.jpg::en::ru,en,ru,dependent,1,1,1,1,0,0,0,0,0
qwen,rel::6/safari_7.jpg,rel::6/safari_7.jpg::en::th,en,th,dependent,1,1,0,1,0,1,-1,0,1
qwen,rel::6/safari_7.jpg,rel::6/safari_7.jpg::en::zh,en,zh,dependent,1,1,1,1,0,0,0,0,0
qwen,rel::6/safari_7.jpg,rel::6/safari_7.jpg::ru::en,ru,en,dependent,1,1,1,1,0,0,0,0,0
qwen,rel::6/safari_7.jpg,rel::6/safari_7.jpg::ru::th,ru,th,dependent,1,1,0,1,0,1,-1,0,1
qwen,rel::6/safari_7.jpg,rel::6/safari_7.jpg::ru::zh,ru,zh,dependent,1,1,1,1,0,0,0,0,0
qwen,rel::6/safari_7.jpg,rel::6/safari_7.jpg::th::en,th,en,dependent,1,1,1,1,0,0,0,0,0
qwen,rel::6/safari_7.jpg,rel::6/safari_7.jpg::th::ru,th,ru,dependent,1,1,1,1,0,0,0,0,0
qwen,rel::6/safari_7.jpg,rel::6/safari_7.jpg::th::zh,th,zh,dependent,0,1,1,1,1,0,1,0,-1
qwen,rel::6/safari_7.jpg,rel::6/safari_7.jpg::zh::en,zh,en,dependent,1,1,1,1,0,0,0,0,0
qwen,rel::6/safari_7.jpg,rel::6/safari_7.jpg::zh::ru,zh,ru,dependent,1,1,1,1,0,0,0,0,0
qwen,rel::6/safari_7.jpg,rel::6/safari_7.jpg::zh::th,zh,th,dependent,1,1,0,1,0,1,-1,0,1
qwen,rel::6/sport_1.jpg,rel::6/sport_1.jpg::en::ru,en,ru,dependent,1,1,1,1,0,0,0,0,0
qwen,rel::6/sport_1.jpg,rel::6/sport_1.jpg::en::th,en,th,dependent,1,1,1,1,0,0,0,0,0
qwen,rel::6/sport_1.jpg,rel::6/sport_1.jpg::en::zh,en,zh,dependent,1,0,1,1,-1,0,0,1,1
qwen,rel::6/sport_1.jpg,rel::6/sport_1.jpg::ru::en,ru,en,dependent,1,1,1,1,0,0,0,0,0
qwen,rel::6/sport_1.jpg,rel::6/sport_1.jpg::ru::th,ru,th,dependent,1,1,1,1,0,0,0,0,0
qwen,rel::6/sport_1.jpg,rel::6/sport_1.jpg::ru::zh,ru,zh,dependent,1,1,1,1,0,0,0,0,0
qwen,rel::6/sport_1.jpg,rel::6/sport_1.jpg::th::en,th,en,dependent,1,1,1,1,0,0,0,0,0
qwen,rel::6/sport_1.jpg,rel::6/sport_1.jpg::th::ru,th,ru,dependent,1,1,1,1,0,0,0,0,0
qwen,rel::6/sport_1.jpg,rel::6/sport_1.jpg::th::zh,th,zh,dependent,1,1,1,1,0,0,0,0,0
qwen,rel::6/sport_1.jpg,rel::6/sport_1.jpg::zh::en,zh,en,dependent,1,1,1,1,0,0,0,0,0
qwen,rel::6/sport_1.jpg,rel::6/sport_1.jpg::zh::ru,zh,ru,dependent,1,1,1,1,0,0,0,0,0
qwen,rel::6/sport_1.jpg,rel::6/sport_1.jpg::zh::th,zh,th,dependent,1,1,1,1,0,0,0,0,0
qwen,rel::6/sport_10.jpg,rel::6/sport_10.jpg::en::ru,en,ru,dependent,0,0,0,0,0,0,0,0,0
qwen,rel::6/sport_10.jpg,rel::6/sport_10.jpg::en::th,en,th,dependent,1,0,0,0,-1,0,-1,0,1
qwen,rel::6/sport_10.jpg,rel::6/sport_10.jpg::en::zh,en,zh,dependent,0,0,0,0,0,0,0,0,0
qwen,rel::6/sport_10.jpg,rel::6/sport_10.jpg::ru::en,ru,en,dependent,1,1,0,1,0,1,-1,0,1
qwen,rel::6/sport_10.jpg,rel::6/sport_10.jpg::ru::th,ru,th,dependent,0,0,0,0,0,0,0,0,0
qwen,rel::6/sport_10.jpg,rel::6/sport_10.jpg::ru::zh,ru,zh,dependent,0,0,0,0,0,0,0,0,0
qwen,rel::6/sport_10.jpg,rel::6/sport_10.jpg::th::en,th,en,dependent,1,1,0,1,0,1,-1,0,1
qwen,rel::6/sport_10.jpg,rel::6/sport_10.jpg::th::ru,th,ru,dependent,0,0,0,0,0,0,0,0,0
qwen,rel::6/sport_10.jpg,rel::6/sport_10.jpg::th::zh,th,zh,dependent,0,0,0,0,0,0,0,0,0
qwen,rel::6/sport_10.jpg,rel::6/sport_10.jpg::zh::en,zh,en,dependent,1,1,1,1,0,0,0,0,0
qwen,rel::6/sport_10.jpg,rel::6/sport_10.jpg::zh::ru,zh,ru,dependent,0,0,0,0,0,0,0,0,0
qwen,rel::6/sport_10.jpg,rel::6/sport_10.jpg::zh::th,zh,th,dependent,0,0,0,0,0,0,0,0,0
qwen,rel::6/sport_2.jpg,rel::6/sport_2.jpg::en::ru,en,ru,dependent,1,1,1,1,0,0,0,0,0
qwen,rel::6/sport_2.jpg,rel::6/sport_2.jpg::en::th,en,th,dependent,1,1,1,1,0,0,0,0,0
qwen,rel::6/sport_2.jpg,rel::6/sport_2.jpg::en::zh,en,zh,dependent,1,1,1,1,0,0,0,0,0
qwen,rel::6/sport_2.jpg,rel::6/sport_2.jpg::ru::en,ru,en,dependent,1,1,1,1,0,0,0,0,0
qwen,rel::6/sport_2.jpg,rel::6/sport_2.jpg::ru::th,ru,th,dependent,1,1,1,1,0,0,0,0,0
qwen,rel::6/sport_2.jpg,rel::6/sport_2.jpg::ru::zh,ru,zh,dependent,1,1,1,1,0,0,0,0,0
qwen,rel::6/sport_2.jpg,rel::6/sport_2.jpg::th::en,th,en,dependent,1,0,1,1,-1,0,0,1,1
qwen,rel::6/sport_2.jpg,rel::6/sport_2.jpg::th::ru,th,ru,dependent,1,1,1,1,0,0,0,0,0
qwen,rel::6/sport_2.jpg,rel::6/sport_2.jpg::th::zh,th,zh,dependent,0,0,1,1,0,0,1,1,0
qwen,rel::6/sport_2.jpg,rel::6/sport_2.jpg::zh::en,zh,en,dependent,1,1,1,1,0,0,0,0,0
qwen,rel::6/sport_2.jpg,rel::6/sport_2.jpg::zh::ru,zh,ru,dependent,1,1,1,1,0,0,0,0,0
qwen,rel::6/sport_2.jpg,rel::6/sport_2.jpg::zh::th,zh,th,dependent,1,1,1,1,0,0,0,0,0
qwen,rel::6/sport_3.jpg,rel::6/sport_3.jpg::en::ru,en,ru,dependent,1,1,1,1,0,0,0,0,0
qwen,rel::6/sport_3.jpg,rel::6/sport_3.jpg::en::th,en,th,dependent,1,1,1,1,0,0,0,0,0
qwen,rel::6/sport_3.jpg,rel::6/sport_3.jpg::en::zh,en,zh,dependent,1,1,1,1,0,0,0,0,0
qwen,rel::6/sport_3.jpg,rel::6/sport_3.jpg::ru::en,ru,en,dependent,1,1,1,1,0,0,0,0,0
qwen,rel::6/sport_3.jpg,rel::6/sport_3.jpg::ru::th,ru,th,dependent,1,1,1,1,0,0,0,0,0
qwen,rel::6/sport_3.jpg,rel::6/sport_3.jpg::ru::zh,ru,zh,dependent,0,1,1,1,1,0,1,0,-1
qwen,rel::6/sport_3.jpg,rel::6/sport_3.jpg::th::en,th,en,dependent,1,1,1,1,0,0,0,0,0
qwen,rel::6/sport_3.jpg,rel::6/sport_3.jpg::th::ru,th,ru,dependent,1,1,1,1,0,0,0,0,0
qwen,rel::6/sport_3.jpg,rel::6/sport_3.jpg::th::zh,th,zh,dependent,1,1,1,1,0,0,0,0,0
qwen,rel::6/sport_3.jpg,rel::6/sport_3.jpg::zh::en,zh,en,dependent,1,1,1,1,0,0,0,0,0
qwen,rel::6/sport_3.jpg,rel::6/sport_3.jpg::zh::ru,zh,ru,dependent,1,1,1,1,0,0,0,0,0
qwen,rel::6/sport_3.jpg,rel::6/sport_3.jpg::zh::th,zh,th,dependent,1,1,1,1,0,0,0,0,0
qwen,rel::6/sport_4.jpg,rel::6/sport_4.jpg::en::ru,en,ru,dependent,1,1,1,1,0,0,0,0,0
qwen,rel::6/sport_4.jpg,rel::6/sport_4.jpg::en::th,en,th,dependent,1,1,1,1,0,0,0,0,0
qwen,rel::6/sport_4.jpg,rel::6/sport_4.jpg::en::zh,en,zh,dependent,1,1,1,1,0,0,0,0,0
qwen,rel::6/sport_4.jpg,rel::6/sport_4.jpg::ru::en,ru,en,dependent,1,1,1,1,0,0,0,0,0
qwen,rel::6/sport_4.jpg,rel::6/sport_4.jpg::ru::th,ru,th,dependent,1,1,1,1,0,0,0,0,0
qwen,rel::6/sport_4.jpg,rel::6/sport_4.jpg::ru::zh,ru,zh,dependent,1,1,1,1,0,0,0,0,0
qwen,rel::6/sport_4.jpg,rel::6/sport_4.jpg::th::en,th,en,dependent,1,1,1,1,0,0,0,0,0
qwen,rel::6/sport_4.jpg,rel::6/sport_4.jpg::th::ru,th,ru,dependent,1,1,1,1,0,0,0,0,0
qwen,rel::6/sport_4.jpg,rel::6/sport_4.jpg::th::zh,th,zh,dependent,1,1,1,1,0,0,0,0,0
qwen,rel::6/sport_4.jpg,rel::6/sport_4.jpg::zh::en,zh,en,dependent,1,1,1,1,0,0,0,0,0
qwen,rel::6/sport_4.jpg,rel::6/sport_4.jpg::zh::ru,zh,ru,dependent,1,1,1,1,0,0,0,0,0
qwen,rel::6/sport_4.jpg,rel::6/sport_4.jpg::zh::th,zh,th,dependent,1,0,1,1,-1,0,0,1,1
qwen,rel::6/sport_5.jpg,rel::6/sport_5.jpg::en::ru,en,ru,dependent,1,1,1,1,0,0,0,0,0
qwen,rel::6/sport_5.jpg,rel::6/sport_5.jpg::en::th,en,th,dependent,1,0,0,0,-1,0,-1,0,1
qwen,rel::6/sport_5.jpg,rel::6/sport_5.jpg::en::zh,en,zh,dependent,0,0,0,0,0,0,0,0,0
qwen,rel::6/sport_5.jpg,rel::6/sport_5.jpg::ru::en,ru,en,dependent,1,1,1,1,0,0,0,0,0
qwen,rel::6/sport_5.jpg,rel::6/sport_5.jpg::ru::th,ru,th,dependent,1,1,0,0,0,0,-1,-1,0
qwen,rel::6/sport_5.jpg,rel::6/sport_5.jpg::ru::zh,ru,zh,dependent,1,1,0,0,0,0,-1,-1,0
qwen,rel::6/sport_5.jpg,rel::6/sport_5.jpg::th::en,th,en,dependent,1,1,0,1,0,1,-1,0,1
qwen,rel::6/sport_5.jpg,rel::6/sport_5.jpg::th::ru,th,ru,dependent,0,0,1,1,0,0,1,1,0
qwen,rel::6/sport_5.jpg,rel::6/sport_5.jpg::th::zh,th,zh,dependent,1,0,0,0,-1,0,-1,0,1
qwen,rel::6/sport_5.jpg,rel::6/sport_5.jpg::zh::en,zh,en,dependent,0,0,0,1,0,1,0,1,1
qwen,rel::6/sport_5.jpg,rel::6/sport_5.jpg::zh::ru,zh,ru,dependent,0,0,0,1,0,1,0,1,1
qwen,rel::6/sport_5.jpg,rel::6/sport_5.jpg::zh::th,zh,th,dependent,0,0,0,0,0,0,0,0,0
qwen,rel::6/sport_6.jpg,rel::6/sport_6.jpg::en::ru,en,ru,independent,0,0,0,0,0,0,0,0,0
qwen,rel::6/sport_6.jpg,rel::6/sport_6.jpg::en::th,en,th,independent,1,0,0,0,-1,0,-1,0,1
qwen,rel::6/sport_6.jpg,rel::6/sport_6.jpg::en::zh,en,zh,independent,0,0,0,0,0,0,0,0,0
qwen,rel::6/sport_6.jpg,rel::6/sport_6.jpg::ru::en,ru,en,independent,0,0,1,0,0,-1,1,0,-1
qwen,rel::6/sport_6.jpg,rel::6/sport_6.jpg::ru::th,ru,th,independent,0,0,0,0,0,0,0,0,0
qwen,rel::6/sport_6.jpg,rel::6/sport_6.jpg::ru::zh,ru,zh,independent,0,0,0,0,0,0,0,0,0
qwen,rel::6/sport_6.jpg,rel::6/sport_6.jpg::th::en,th,en,independent,0,0,0,0,0,0,0,0,0
qwen,rel::6/sport_6.jpg,rel::6/sport_6.jpg::th::ru,th,ru,independent,0,0,1,0,0,-1,1,0,-1
qwen,rel::6/sport_6.jpg,rel::6/sport_6.jpg::th::zh,th,zh,independent,0,0,0,0,0,0,0,0,0
qwen,rel::6/sport_6.jpg,rel::6/sport_6.jpg::zh::en,zh,en,independent,0,0,0,0,0,0,0,0,0
qwen,rel::6/sport_6.jpg,rel::6/sport_6.jpg::zh::ru,zh,ru,independent,0,0,0,0,0,0,0,0,0
qwen,rel::6/sport_6.jpg,rel::6/sport_6.jpg::zh::th,zh,th,independent,0,0,0,0,0,0,0,0,0
qwen,rel::6/sport_7.jpg,rel::6/sport_7.jpg::en::ru,en,ru,dependent,1,1,1,1,0,0,0,0,0
qwen,rel::6/sport_7.jpg,rel::6/sport_7.jpg::en::th,en,th,dependent,0,1,0,1,1,1,0,0,0
qwen,rel::6/sport_7.jpg,rel::6/sport_7.jpg::en::zh,en,zh,dependent,0,1,0,1,1,1,0,0,0
qwen,rel::6/sport_7.jpg,rel::6/sport_7.jpg::ru::en,ru,en,dependent,1,1,1,1,0,0,0,0,0
qwen,rel::6/sport_7.jpg,rel::6/sport_7.jpg::ru::th,ru,th,dependent,0,1,0,1,1,1,0,0,0
qwen,rel::6/sport_7.jpg,rel::6/sport_7.jpg::ru::zh,ru,zh,dependent,1,0,1,1,-1,0,0,1,1
qwen,rel::6/sport_7.jpg,rel::6/sport_7.jpg::th::en,th,en,dependent,1,1,1,1,0,0,0,0,0
qwen,rel::6/sport_7.jpg,rel::6/sport_7.jpg::th::ru,th,ru,dependent,0,0,0,1,0,1,0,1,1
qwen,rel::6/sport_7.jpg,rel::6/sport_7.jpg::th::zh,th,zh,dependent,0,0,0,1,0,1,0,1,1
qwen,rel::6/sport_7.jpg,rel::6/sport_7.jpg::zh::en,zh,en,dependent,1,1,1,1,0,0,0,0,0
qwen,rel::6/sport_7.jpg,rel::6/sport_7.jpg::zh::ru,zh,ru,dependent,1,1,0,1,0,1,-1,0,1
qwen,rel::6/sport_7.jpg,rel::6/sport_7.jpg::zh::th,zh,th,dependent,0,1,0,1,1,1,0,0,0
qwen,rel::6/sport_8.jpg,rel::6/sport_8.jpg::en::ru,en,ru,dependent,1,1,1,1,0,0,0,0,0
qwen,rel::6/sport_8.jpg,rel::6/sport_8.jpg::en::th,en,th,dependent,1,1,1,1,0,0,0,0,0
qwen,rel::6/sport_8.jpg,rel::6/sport_8.jpg::en::zh,en,zh,dependent,1,1,1,1,0,0,0,0,0
qwen,rel::6/sport_8.jpg,rel::6/sport_8.jpg::ru::en,ru,en,dependent,0,1,1,1,1,0,1,0,-1
qwen,rel::6/sport_8.jpg,rel::6/sport_8.jpg::ru::th,ru,th,dependent,0,1,0,1,1,1,0,0,0
qwen,rel::6/sport_8.jpg,rel::6/sport_8.jpg::ru::zh,ru,zh,dependent,0,1,1,1,1,0,1,0,-1
qwen,rel::6/sport_8.jpg,rel::6/sport_8.jpg::th::en,th,en,dependent,1,1,1,1,0,0,0,0,0
qwen,rel::6/sport_8.jpg,rel::6/sport_8.jpg::th::ru,th,ru,dependent,1,1,1,1,0,0,0,0,0
qwen,rel::6/sport_8.jpg,rel::6/sport_8.jpg::th::zh,th,zh,dependent,1,1,1,1,0,0,0,0,0
qwen,rel::6/sport_8.jpg,rel::6/sport_8.jpg::zh::en,zh,en,dependent,1,1,1,1,0,0,0,0,0
qwen,rel::6/sport_8.jpg,rel::6/sport_8.jpg::zh::ru,zh,ru,dependent,1,1,1,1,0,0,0,0,0
qwen,rel::6/sport_8.jpg,rel::6/sport_8.jpg::zh::th,zh,th,dependent,0,1,0,1,1,1,0,0,0
qwen,rel::6/sport_9.jpg,rel::6/sport_9.jpg::en::ru,en,ru,dependent,0,0,0,0,0,0,0,0,0
qwen,rel::6/sport_9.jpg,rel::6/sport_9.jpg::en::th,en,th,dependent,0,0,0,0,0,0,0,0,0
qwen,rel::6/sport_9.jpg,rel::6/sport_9.jpg::en::zh,en,zh,dependent,0,0,0,1,0,1,0,1,1
qwen,rel::6/sport_9.jpg,rel::6/sport_9.jpg::ru::en,ru,en,dependent,0,0,0,0,0,0,0,0,0
qwen,rel::6/sport_9.jpg,rel::6/sport_9.jpg::ru::th,ru,th,dependent,0,0,1,0,0,-1,1,0,-1
qwen,rel::6/sport_9.jpg,rel::6/sport_9.jpg::ru::zh,ru,zh,dependent,0,1,0,1,1,1,0,0,0
qwen,rel::6/sport_9.jpg,rel::6/sport_9.jpg::th::en,th,en,dependent,0,0,0,0,0,0,0,0,0
qwen,rel::6/sport_9.jpg,rel::6/sport_9.jpg::th::ru,th,ru,dependent,0,0,1,0,0,-1,1,0,-1
qwen,rel::6/sport_9.jpg,rel::6/sport_9.jpg::th::zh,th,zh,dependent,1,0,1,1,-1,0,0,1,1
qwen,rel::6/sport_9.jpg,rel::6/sport_9.jpg::zh::en,zh,en,dependent,1,1,0,0,0,0,-1,-1,0
qwen,rel::6/sport_9.jpg,rel::6/sport_9.jpg::zh::ru,zh,ru,dependent,1,1,1,0,0,-1,0,-1,-1
qwen,rel::6/sport_9.jpg,rel::6/sport_9.jpg::zh::th,zh,th,dependent,1,0,0,0,-1,0,-1,0,1
qwen,rel::6/wallet_1.jpg,rel::6/wallet_1.jpg::en::ru,en,ru,dependent,1,1,1,1,0,0,0,0,0
qwen,rel::6/wallet_1.jpg,rel::6/wallet_1.jpg::en::th,en,th,dependent,1,1,1,1,0,0,0,0,0
qwen,rel::6/wallet_1.jpg,rel::6/wallet_1.jpg::en::zh,en,zh,dependent,1,1,1,1,0,0,0,0,0
qwen,rel::6/wallet_1.jpg,rel::6/wallet_1.jpg::ru::en,ru,en,dependent,1,1,1,1,0,0,0,0,0
qwen,rel::6/wallet_1.jpg,rel::6/wallet_1.jpg::ru::th,ru,th,dependent,1,1,1,1,0,0,0,0,0
qwen,rel::6/wallet_1.jpg,rel::6/wallet_1.jpg::ru::zh,ru,zh,dependent,1,1,1,1,0,0,0,0,0
qwen,rel::6/wallet_1.jpg,rel::6/wallet_1.jpg::th::en,th,en,dependent,1,1,1,1,0,0,0,0,0
qwen,rel::6/wallet_1.jpg,rel::6/wallet_1.jpg::th::ru,th,ru,dependent,1,1,1,1,0,0,0,0,0
qwen,rel::6/wallet_1.jpg,rel::6/wallet_1.jpg::th::zh,th,zh,dependent,1,1,1,1,0,0,0,0,0
qwen,rel::6/wallet_1.jpg,rel::6/wallet_1.jpg::zh::en,zh,en,dependent,1,1,1,1,0,0,0,0,0
qwen,rel::6/wallet_1.jpg,rel::6/wallet_1.jpg::zh::ru,zh,ru,dependent,1,1,1,1,0,0,0,0,0
qwen,rel::6/wallet_1.jpg,rel::6/wallet_1.jpg::zh::th,zh,th,dependent,1,1,1,1,0,0,0,0,0
qwen,rel::6/wallet_2.jpg,rel::6/wallet_2.jpg::en::ru,en,ru,dependent,1,1,0,0,0,0,-1,-1,0
qwen,rel::6/wallet_2.jpg,rel::6/wallet_2.jpg::en::th,en,th,dependent,0,1,1,1,1,0,1,0,-1
qwen,rel::6/wallet_2.jpg,rel::6/wallet_2.jpg::en::zh,en,zh,dependent,1,1,0,0,0,0,-1,-1,0
qwen,rel::6/wallet_2.jpg,rel::6/wallet_2.jpg::ru::en,ru,en,dependent,0,0,1,1,0,0,1,1,0
qwen,rel::6/wallet_2.jpg,rel::6/wallet_2.jpg::ru::th,ru,th,dependent,0,0,1,1,0,0,1,1,0
qwen,rel::6/wallet_2.jpg,rel::6/wallet_2.jpg::ru::zh,ru,zh,dependent,0,0,0,0,0,0,0,0,0
qwen,rel::6/wallet_2.jpg,rel::6/wallet_2.jpg::th::en,th,en,dependent,1,1,1,1,0,0,0,0,0
qwen,rel::6/wallet_2.jpg,rel::6/wallet_2.jpg::th::ru,th,ru,dependent,1,1,0,0,0,0,-1,-1,0
qwen,rel::6/wallet_2.jpg,rel::6/wallet_2.jpg::th::zh,th,zh,dependent,1,1,0,0,0,0,-1,-1,0
qwen,rel::6/wallet_2.jpg,rel::6/wallet_2.jpg::zh::en,zh,en,dependent,1,1,1,1,0,0,0,0,0
qwen,rel::6/wallet_2.jpg,rel::6/wallet_2.jpg::zh::ru,zh,ru,dependent,0,1,0,0,1,0,0,-1,-1
qwen,rel::6/wallet_2.jpg,rel::6/wallet_2.jpg::zh::th,zh,th,dependent,1,1,1,1,0,0,0,0,0
qwen,rel::6/wallet_3.jpg,rel::6/wallet_3.jpg::en::ru,en,ru,dependent,0,0,0,0,0,0,0,0,0
qwen,rel::6/wallet_3.jpg,rel::6/wallet_3.jpg::en::th,en,th,dependent,0,0,0,0,0,0,0,0,0
qwen,rel::6/wallet_3.jpg,rel::6/wallet_3.jpg::en::zh,en,zh,dependent,0,0,0,0,0,0,0,0,0
qwen,rel::6/wallet_3.jpg,rel::6/wallet_3.jpg::ru::en,ru,en,dependent,0,0,0,0,0,0,0,0,0
qwen,rel::6/wallet_3.jpg,rel::6/wallet_3.jpg::ru::th,ru,th,dependent,0,0,0,0,0,0,0,0,0
qwen,rel::6/wallet_3.jpg,rel::6/wallet_3.jpg::ru::zh,ru,zh,dependent,0,0,0,0,0,0,0,0,0
qwen,rel::6/wallet_3.jpg,rel::6/wallet_3.jpg::th::en,th,en,dependent,0,0,0,0,0,0,0,0,0
qwen,rel::6/wallet_3.jpg,rel::6/wallet_3.jpg::th::ru,th,ru,dependent,0,0,0,0,0,0,0,0,0
qwen,rel::6/wallet_3.jpg,rel::6/wallet_3.jpg::th::zh,th,zh,dependent,0,0,0,0,0,0,0,0,0
qwen,rel::6/wallet_3.jpg,rel::6/wallet_3.jpg::zh::en,zh,en,dependent,0,0,0,0,0,0,0,0,0
qwen,rel::6/wallet_3.jpg,rel::6/wallet_3.jpg::zh::ru,zh,ru,dependent,0,0,0,0,0,0,0,0,0
qwen,rel::6/wallet_3.jpg,rel::6/wallet_3.jpg::zh::th,zh,th,dependent,0,0,0,0,0,0,0,0,0
qwen,rel::6/wallet_4.jpg,rel::6/wallet_4.jpg::en::ru,en,ru,independent,1,1,1,1,0,0,0,0,0
qwen,rel::6/wallet_4.jpg,rel::6/wallet_4.jpg::en::th,en,th,independent,1,1,1,1,0,0,0,0,0
qwen,rel::6/wallet_4.jpg,rel::6/wallet_4.jpg::en::zh,en,zh,independent,1,1,1,1,0,0,0,0,0
qwen,rel::6/wallet_4.jpg,rel::6/wallet_4.jpg::ru::en,ru,en,independent,1,1,1,1,0,0,0,0,0
qwen,rel::6/wallet_4.jpg,rel::6/wallet_4.jpg::ru::th,ru,th,independent,1,1,1,1,0,0,0,0,0
qwen,rel::6/wallet_4.jpg,rel::6/wallet_4.jpg::ru::zh,ru,zh,independent,1,1,1,1,0,0,0,0,0
qwen,rel::6/wallet_4.jpg,rel::6/wallet_4.jpg::th::en,th,en,independent,1,1,1,1,0,0,0,0,0
qwen,rel::6/wallet_4.jpg,rel::6/wallet_4.jpg::th::ru,th,ru,independent,1,1,1,1,0,0,0,0,0
qwen,rel::6/wallet_4.jpg,rel::6/wallet_4.jpg::th::zh,th,zh,independent,1,1,1,1,0,0,0,0,0
qwen,rel::6/wallet_4.jpg,rel::6/wallet_4.jpg::zh::en,zh,en,independent,1,1,1,1,0,0,0,0,0
qwen,rel::6/wallet_4.jpg,rel::6/wallet_4.jpg::zh::ru,zh,ru,independent,1,1,1,1,0,0,0,0,0
qwen,rel::6/wallet_4.jpg,rel::6/wallet_4.jpg::zh::th,zh,th,independent,1,1,1,1,0,0,0,0,0
qwen,rel::6/wallet_6.jpg,rel::6/wallet_6.jpg::en::ru,en,ru,dependent,1,1,1,1,0,0,0,0,0
qwen,rel::6/wallet_6.jpg,rel::6/wallet_6.jpg::en::th,en,th,dependent,1,1,1,1,0,0,0,0,0
qwen,rel::6/wallet_6.jpg,rel::6/wallet_6.jpg::en::zh,en,zh,dependent,1,1,1,1,0,0,0,0,0
qwen,rel::6/wallet_6.jpg,rel::6/wallet_6.jpg::ru::en,ru,en,dependent,0,1,0,1,1,1,0,0,0
qwen,rel::6/wallet_6.jpg,rel::6/wallet_6.jpg::ru::th,ru,th,dependent,1,1,1,1,0,0,0,0,0
qwen,rel::6/wallet_6.jpg,rel::6/wallet_6.jpg::ru::zh,ru,zh,dependent,0,1,0,1,1,1,0,0,0
qwen,rel::6/wallet_6.jpg,rel::6/wallet_6.jpg::th::en,th,en,dependent,0,0,1,1,0,0,1,1,0
qwen,rel::6/wallet_6.jpg,rel::6/wallet_6.jpg::th::ru,th,ru,dependent,1,1,1,1,0,0,0,0,0
qwen,rel::6/wallet_6.jpg,rel::6/wallet_6.jpg::th::zh,th,zh,dependent,1,0,1,1,-1,0,0,1,1
qwen,rel::6/wallet_6.jpg,rel::6/wallet_6.jpg::zh::en,zh,en,dependent,1,1,0,1,0,1,-1,0,1
qwen,rel::6/wallet_6.jpg,rel::6/wallet_6.jpg::zh::ru,zh,ru,dependent,0,1,0,1,1,1,0,0,0
qwen,rel::6/wallet_6.jpg,rel::6/wallet_6.jpg::zh::th,zh,th,dependent,0,1,0,1,1,1,0,0,0
qwen,rel::6/wallet_7.jpg,rel::6/wallet_7.jpg::en::ru,en,ru,dependent,1,1,1,1,0,0,0,0,0
qwen,rel::6/wallet_7.jpg,rel::6/wallet_7.jpg::en::th,en,th,dependent,1,1,1,1,0,0,0,0,0
qwen,rel::6/wallet_7.jpg,rel::6/wallet_7.jpg::en::zh,en,zh,dependent,1,1,1,1,0,0,0,0,0
qwen,rel::6/wallet_7.jpg,rel::6/wallet_7.jpg::ru::en,ru,en,dependent,1,1,1,1,0,0,0,0,0
qwen,rel::6/wallet_7.jpg,rel::6/wallet_7.jpg::ru::th,ru,th,dependent,1,1,1,1,0,0,0,0,0
qwen,rel::6/wallet_7.jpg,rel::6/wallet_7.jpg::ru::zh,ru,zh,dependent,1,1,1,1,0,0,0,0,0
qwen,rel::6/wallet_7.jpg,rel::6/wallet_7.jpg::th::en,th,en,dependent,1,1,1,1,0,0,0,0,0
qwen,rel::6/wallet_7.jpg,rel::6/wallet_7.jpg::th::ru,th,ru,dependent,1,1,1,1,0,0,0,0,0
qwen,rel::6/wallet_7.jpg,rel::6/wallet_7.jpg::th::zh,th,zh,dependent,1,1,1,1,0,0,0,0,0
qwen,rel::6/wallet_7.jpg,rel::6/wallet_7.jpg::zh::en,zh,en,dependent,1,1,1,1,0,0,0,0,0
qwen,rel::6/wallet_7.jpg,rel::6/wallet_7.jpg::zh::ru,zh,ru,dependent,1,1,1,1,0,0,0,0,0
qwen,rel::6/wallet_7.jpg,rel::6/wallet_7.jpg::zh::th,zh,th,dependent,1,1,1,1,0,0,0,0,0
qwen,rel::6/wallet_8.jpg,rel::6/wallet_8.jpg::en::ru,en,ru,dependent,1,0,0,0,-1,0,-1,0,1
qwen,rel::6/wallet_8.jpg,rel::6/wallet_8.jpg::en::th,en,th,dependent,0,0,0,1,0,1,0,1,1
qwen,rel::6/wallet_8.jpg,rel::6/wallet_8.jpg::en::zh,en,zh,dependent,1,1,1,1,0,0,0,0,0
qwen,rel::6/wallet_8.jpg,rel::6/wallet_8.jpg::ru::en,ru,en,dependent,1,1,0,1,0,1,-1,0,1
qwen,rel::6/wallet_8.jpg,rel::6/wallet_8.jpg::ru::th,ru,th,dependent,0,1,0,1,1,1,0,0,0
qwen,rel::6/wallet_8.jpg,rel::6/wallet_8.jpg::ru::zh,ru,zh,dependent,0,1,0,1,1,1,0,0,0
qwen,rel::6/wallet_8.jpg,rel::6/wallet_8.jpg::th::en,th,en,dependent,1,1,0,1,0,1,-1,0,1
qwen,rel::6/wallet_8.jpg,rel::6/wallet_8.jpg::th::ru,th,ru,dependent,0,1,0,0,1,0,0,-1,-1
qwen,rel::6/wallet_8.jpg,rel::6/wallet_8.jpg::th::zh,th,zh,dependent,1,1,1,1,0,0,0,0,0
qwen,rel::6/wallet_8.jpg,rel::6/wallet_8.jpg::zh::en,zh,en,dependent,1,1,0,1,0,1,-1,0,1
qwen,rel::6/wallet_8.jpg,rel::6/wallet_8.jpg::zh::ru,zh,ru,dependent,1,1,0,0,0,0,-1,-1,0
qwen,rel::6/wallet_8.jpg,rel::6/wallet_8.jpg::zh::th,zh,th,dependent,1,1,0,1,0,1,-1,0,1
