parallel_id,gui_language,text_dependency,original_mismatch_accuracy,original_source_count,target_human_parallel_accuracy,target_human_parallel_count,oracle_recoverable_gap,target_human_parallel_endpoint_id
rel::1/booking_1.jpg,en,dependent,0.4,5,1,1,0.6,rel::1/booking_1.jpg::en
rel::1/booking_1.jpg,fr,dependent,0.6,5,0,1,-0.6,rel::1/booking_1.jpg::fr
rel::1/booking_1.jpg,ja,dependent,0.2,5,0,1,-0.2,rel::1/booking_1.jpg::ja
rel::1/booking_1.jpg,ru,dependent,0.8,5,1,1,0.19999999999999996,rel::1/booking_1.jpg::ru
rel::1/booking_1.jpg,th,dependent,0.8,5,1,1,0.19999999999999996,rel::1/booking_1.jpg::th
rel::1/booking_1.jpg,zh,dependent,0.4,5,0,1,-0.4,rel::1/booking_1.jpg::zh
rel::1/booking_10.jpg,en,dependent,0,5,0,1,0,rel::1/booking_10.jpg::en
rel::1/booking_10.jpg,fr,dependent,0.2,5,0,1,-0.2,rel::1/booking_10.jpg::fr
rel::1/booking_10.jpg,ja,dependent,0.8,5,0,1,-0.8,rel::1/booking_10.jpg::ja
rel::1/booking_10.jpg,ru,dependent,0.8,5,1,1,0.19999999999999996,rel::1/booking_10.jpg::ru
rel::1/booking_10.jpg,th,dependent,1,5,0,1,-1,rel::1/booking_10.jpg::th
rel::1/booking_10.jpg,zh,dependent,0.8,5,1,1,0.19999999999999996,rel::1/booking_10.jpg::zh
rel::1/booking_2.jpg,en,dependent,1,5,1,1,0,rel::1/booking_2.jpg::en
rel::1/booking_2.jpg,fr,dependent,0.6,5,1,1,0.4,rel::1/booking_2.jpg::fr
rel::1/booking_2.jpg,ja,dependent,0.6,5,1,1,0.4,rel::1/booking_2.jpg::ja
rel::1/booking_2.jpg,ru,dependent,0.6,5,1,1,0.4,rel::1/booking_2.jpg::ru
rel::1/booking_2.jpg,th,dependent,0.6,5,1,1,0.4,rel::1/booking_2.jpg::th
rel::1/booking_2.jpg,zh,dependent,0.6,5,1,1,0.4,rel::1/booking_2.jpg::zh
rel::1/booking_3.jpg,en,dependent,1,5,1,1,0,rel::1/booking_3.jpg::en
rel::1/booking_3.jpg,fr,dependent,0.4,5,1,1,0.6,rel::1/booking_3.jpg::fr
rel::1/booking_3.jpg,ja,dependent,0.6,5,1,1,0.4,rel::1/booking_3.jpg::ja
rel::1/booking_3.jpg,ru,dependent,1,5,0,1,-1,rel::1/booking_3.jpg::ru
rel::1/booking_3.jpg,th,dependent,1,5,1,1,0,rel::1/booking_3.jpg::th
rel::1/booking_3.jpg,zh,dependent,0.4,5,1,1,0.6,rel::1/booking_3.jpg::zh
rel::1/booking_4.jpg,en,independent,0.6,5,1,1,0.4,rel::1/booking_4.jpg::en
rel::1/booking_4.jpg,fr,independent,0.6,5,1,1,0.4,rel::1/booking_4.jpg::fr
rel::1/booking_4.jpg,ja,independent,0.6,5,0,1,-0.6,rel::1/booking_4.jpg::ja
rel::1/booking_4.jpg,ru,independent,1,5,0,1,-1,rel::1/booking_4.jpg::ru
rel::1/booking_4.jpg,th,independent,1,5,0,1,-1,rel::1/booking_4.jpg::th
rel::1/booking_4.jpg,zh,independent,0.6,5,1,1,0.4,rel::1/booking_4.jpg::zh
rel::1/booking_5.jpg,en,dependent,0,5,0,1,0,rel::1/booking_5.jpg::en
rel::1/booking_5.jpg,fr,dependent,0,5,0,1,0,rel::1/booking_5.jpg::fr
rel::1/booking_5.jpg,ja,dependent,0,5,0,1,0,rel::1/booking_5.jpg::ja
rel::1/booking_5.jpg,ru,dependent,0.2,5,0,1,-0.2,rel::1/booking_5.jpg::ru
rel::1/booking_5.jpg,th,dependent,0,5,0,1,0,rel::1/booking_5.jpg::th
rel::1/booking_5.jpg,zh,dependent,0.4,5,0,1,-0.4,rel::1/booking_5.jpg::zh
rel::1/booking_6.jpg,en,dependent,0.2,5,1,1,0.8,rel::1/booking_6.jpg::en
rel::1/booking_6.jpg,fr,dependent,0.2,5,0,1,-0.2,rel::1/booking_6.jpg::fr
rel::1/booking_6.jpg,ja,dependent,1,5,0,1,-1,rel::1/booking_6.jpg::ja
rel::1/booking_6.jpg,ru,dependent,0.8,5,1,1,0.19999999999999996,rel::1/booking_6.jpg::ru
rel::1/booking_6.jpg,th,dependent,0.8,5,1,1,0.19999999999999996,rel::1/booking_6.jpg::th
rel::1/booking_6.jpg,zh,dependent,0.8,5,1,1,0.19999999999999996,rel::1/booking_6.jpg::zh
rel::1/booking_7.jpg,en,dependent,0,5,0,1,0,rel::1/booking_7.jpg::en
rel::1/booking_7.jpg,fr,dependent,0.4,5,1,1,0.6,rel::1/booking_7.jpg::fr
rel::1/booking_7.jpg,ja,dependent,0.2,5,0,1,-0.2,rel::1/booking_7.jpg::ja
rel::1/booking_7.jpg,ru,dependent,0.2,5,0,1,-0.2,rel::1/booking_7.jpg::ru
rel::1/booking_7.jpg,th,dependent,0,5,0,1,0,rel::1/booking_7.jpg::th
rel::1/booking_7.jpg,zh,dependent,0.2,5,0,1,-0.2,rel::1/booking_7.jpg::zh
rel::1/booking_8.jpg,en,dependent,1,5,1,1,0,rel::1/booking_8.jpg::en
rel::1/booking_8.jpg,fr,dependent,0.8,5,1,1,0.19999999999999996,rel::1/booking_8.jpg::fr
rel::1/booking_8.jpg,ja,dependent,0.8,5,1,1,0.19999999999999996,rel::1/booking_8.jpg::ja
rel::1/booking_8.jpg,ru,dependent,1,5,1,1,0,rel::1/booking_8.jpg::ru
rel::1/booking_8.jpg,th,dependent,1,5,0,1,-1,rel::1/booking_8.jpg::th
rel::1/booking_8.jpg,zh,dependent,1,5,1,1,0,rel::1/booking_8.jpg::zh
rel::1/booking_9.jpg,en,dependent,1,5,1,1,0,rel::1/booking_9.jpg::en
rel::1/booking_9.jpg,fr,dependent,1,5,1,1,0,rel::1/booking_9.jpg::fr
rel::1/booking_9.jpg,ja,dependent,1,5,1,1,0,rel::1/booking_9.jpg::ja
rel::1/booking_9.jpg,ru,dependent,0.6,5,1,1,0.4,rel::1/booking_9.jpg::ru
rel::1/booking_9.jpg,th,dependent,0,5,0,1,0,rel::1/booking_9.jpg::th
rel::1/booking_9.jpg,zh,dependent,1,5,1,1,0,rel::1/booking_9.jpg::zh
rel::1/podcast_1.jpg,en,dependent,0.4,5,0,1,-0.4,rel::1/podcast_1.jpg::en
rel::1/podcast_1.jpg,fr,dependent,0.4,5,0,1,-0.4,rel::1/podcast_1.jpg::fr
rel::1/podcast_1.jpg,ja,dependent,0.2,5,0,1,-0.2,rel::1/podcast_1.jpg::ja
rel::1/podcast_1.jpg,ru,dependent,0,5,1,1,1,rel::1/podcast_1.jpg::ru
rel::1/podcast_1.jpg,th,dependent,0,5,0,1,0,rel::1/podcast_1.jpg::th
rel::1/podcast_1.jpg,zh,dependent,0.4,5,0,1,-0.4,rel::1/podcast_1.jpg::zh
rel::1/podcast_2.jpg,en,dependent,0.4,5,1,1,0.6,rel::1/podcast_2.jpg::en
rel::1/podcast_2.jpg,fr,dependent,0.4,5,1,1,0.6,rel::1/podcast_2.jpg::fr
rel::1/podcast_2.jpg,ja,dependent,0,5,1,1,1,rel::1/podcast_2.jpg::ja
rel::1/podcast_2.jpg,ru,dependent,0,5,1,1,1,rel::1/podcast_2.jpg::ru
rel::1/podcast_2.jpg,th,dependent,0,5,0,1,0,rel::1/podcast_2.jpg::th
rel::1/podcast_2.jpg,zh,dependent,0.4,5,1,1,0.6,rel::1/podcast_2.jpg::zh
rel::1/podcast_3.jpg,en,dependent,0.8,5,1,1,0.19999999999999996,rel::1/podcast_3.jpg::en
rel::1/podcast_3.jpg,fr,dependent,0.4,5,1,1,0.6,rel::1/podcast_3.jpg::fr
rel::1/podcast_3.jpg,ja,dependent,0.4,5,1,1,0.6,rel::1/podcast_3.jpg::ja
rel::1/podcast_3.jpg,ru,dependent,0.4,5,1,1,0.6,rel::1/podcast_3.jpg::ru
rel::1/podcast_3.jpg,th,dependent,0.2,5,1,1,0.8,rel::1/podcast_3.jpg::th
rel::1/podcast_3.jpg,zh,dependent,1,5,1,1,0,rel::1/podcast_3.jpg::zh
rel::1/podcast_4.jpg,en,dependent,1,5,1,1,0,rel::1/podcast_4.jpg::en
rel::1/podcast_4.jpg,fr,dependent,1,5,1,1,0,rel::1/podcast_4.jpg::fr
rel::1/podcast_4.jpg,ja,dependent,1,5,1,1,0,rel::1/podcast_4.jpg::ja
rel::1/podcast_4.jpg,ru,dependent,0.6,5,1,1,0.4,rel::1/podcast_4.jpg::ru
rel::1/podcast_4.jpg,th,dependent,0.8,5,1,1,0.19999999999999996,rel::1/podcast_4.jpg::th
rel::1/podcast_4.jpg,zh,dependent,1,5,1,1,0,rel::1/podcast_4.jpg::zh
rel::1/podcast_5.jpg,en,dependent,0.2,5,1,1,0.8,rel::1/podcast_5.jpg::en
rel::1/podcast_5.jpg,fr,dependent,0.4,5,1,1,0.6,rel::1/podcast_5.jpg::fr
rel::1/podcast_5.jpg,ja,dependent,0.4,5,0,1,-0.4,rel::1/podcast_5.jpg::ja
rel::1/podcast_5.jpg,ru,dependent,0.2,5,1,1,0.8,rel::1/podcast_5.jpg::ru
rel::1/podcast_5.jpg,th,dependent,0.6,5,0,1,-0.6,rel::1/podcast_5.jpg::th
rel::1/podcast_5.jpg,zh,dependent,0.4,5,1,1,0.6,rel::1/podcast_5.jpg::zh
rel::2/calendar_1.png,en,dependent,1,5,1,1,0,rel::2/calendar_1.png::en
rel::2/calendar_1.png,fr,dependent,1,5,1,1,0,rel::2/calendar_1.png::fr
rel::2/calendar_1.png,ja,dependent,1,5,1,1,0,rel::2/calendar_1.png::ja
rel::2/calendar_1.png,ru,dependent,1,5,1,1,0,rel::2/calendar_1.png::ru
rel::2/calendar_1.png,th,dependent,1,5,1,1,0,rel::2/calendar_1.png::th
rel::2/calendar_1.png,zh,dependent,1,5,1,1,0,rel::2/calendar_1.png::zh
rel::2/calendar_10.png,en,dependent,0,5,0,1,0,rel::2/calendar_10.png::en
rel::2/calendar_10.png,fr,dependent,0,5,0,1,0,rel::2/calendar_10.png::fr
rel::2/calendar_10.png,ja,dependent,0,5,1,1,1,rel::2/calendar_10.png::ja
rel::2/calendar_10.png,ru,dependent,0,5,1,1,1,rel::2/calendar_10.png::ru
rel::2/calendar_10.png,th,dependent,0,5,0,1,0,rel::2/calendar_10.png::th
rel::2/calendar_10.png,zh,dependent,0.4,5,0,1,-0.4,rel::2/calendar_10.png::zh
rel::2/calendar_2.png,en,dependent,0.4,5,1,1,0.6,rel::2/calendar_2.png::en
rel::2/calendar_2.png,fr,dependent,0.2,5,1,1,0.8,rel::2/calendar_2.png::fr
rel::2/calendar_2.png,ja,dependent,0.6,5,0,1,-0.6,rel::2/calendar_2.png::ja
rel::2/calendar_2.png,ru,dependent,0.4,5,1,1,0.6,rel::2/calendar_2.png::ru
rel::2/calendar_2.png,th,dependent,0.2,5,0,1,-0.2,rel::2/calendar_2.png::th
rel::2/calendar_2.png,zh,dependent,0.4,5,1,1,0.6,rel::2/calendar_2.png::zh
rel::2/calendar_3.png,en,dependent,0.2,5,1,1,0.8,rel::2/calendar_3.png::en
rel::2/calendar_3.png,fr,dependent,0.4,5,1,1,0.6,rel::2/calendar_3.png::fr
rel::2/calendar_3.png,ja,dependent,0.2,5,0,1,-0.2,rel::2/calendar_3.png::ja
rel::2/calendar_3.png,ru,dependent,0,5,0,1,0,rel::2/calendar_3.png::ru
rel::2/calendar_3.png,th,dependent,0,5,0,1,0,rel::2/calendar_3.png::th
rel::2/calendar_3.png,zh,dependent,0,5,1,1,1,rel::2/calendar_3.png::zh
rel::2/calendar_4.png,en,dependent,0.4,5,1,1,0.6,rel::2/calendar_4.png::en
rel::2/calendar_4.png,fr,dependent,0.4,5,1,1,0.6,rel::2/calendar_4.png::fr
rel::2/calendar_4.png,ja,dependent,0,5,0,1,0,rel::2/calendar_4.png::ja
rel::2/calendar_4.png,ru,dependent,0,5,1,1,1,rel::2/calendar_4.png::ru
rel::2/calendar_4.png,th,dependent,0,5,0,1,0,rel::2/calendar_4.png::th
rel::2/calendar_4.png,zh,dependent,0,5,1,1,1,rel::2/calendar_4.png::zh
rel::2/calendar_5.png,en,dependent,0,5,0,1,0,rel::2/calendar_5.png::en
rel::2/calendar_5.png,fr,dependent,0,5,0,1,0,rel::2/calendar_5.png::fr
rel::2/calendar_5.png,ja,dependent,0,5,0,1,0,rel::2/calendar_5.png::ja
rel::2/calendar_5.png,ru,dependent,0.4,5,0,1,-0.4,rel::2/calendar_5.png::ru
rel::2/calendar_5.png,th,dependent,0.6,5,0,1,-0.6,rel::2/calendar_5.png::th
rel::2/calendar_5.png,zh,dependent,0,5,0,1,0,rel::2/calendar_5.png::zh
rel::2/calendar_6.png,en,dependent,0.8,5,1,1,0.19999999999999996,rel::2/calendar_6.png::en
rel::2/calendar_6.png,fr,dependent,0.6,5,1,1,0.4,rel::2/calendar_6.png::fr
rel::2/calendar_6.png,ja,dependent,0.4,5,1,1,0.6,rel::2/calendar_6.png::ja
rel::2/calendar_6.png,ru,dependent,0.4,5,1,1,0.6,rel::2/calendar_6.png::ru
rel::2/calendar_6.png,th,dependent,0.4,5,0,1,-0.4,rel::2/calendar_6.png::th
rel::2/calendar_6.png,zh,dependent,0.4,5,1,1,0.6,rel::2/calendar_6.png::zh
rel::2/calendar_7.png,en,independent,0.6,5,1,1,0.4,rel::2/calendar_7.png::en
rel::2/calendar_7.png,fr,independent,0.4,5,1,1,0.6,rel::2/calendar_7.png::fr
rel::2/calendar_7.png,ja,independent,0.2,5,0,1,-0.2,rel::2/calendar_7.png::ja
rel::2/calendar_7.png,ru,independent,0,5,0,1,0,rel::2/calendar_7.png::ru
rel::2/calendar_7.png,th,independent,0,5,0,1,0,rel::2/calendar_7.png::th
rel::2/calendar_7.png,zh,independent,0.2,5,0,1,-0.2,rel::2/calendar_7.png::zh
rel::2/calendar_8.png,en,dependent,0,5,1,1,1,rel::2/calendar_8.png::en
rel::2/calendar_8.png,fr,dependent,0,5,0,1,0,rel::2/calendar_8.png::fr
rel::2/calendar_8.png,ja,dependent,0,5,0,1,0,rel::2/calendar_8.png::ja
rel::2/calendar_8.png,ru,dependent,0,5,0,1,0,rel::2/calendar_8.png::ru
rel::2/calendar_8.png,th,dependent,0,5,0,1,0,rel::2/calendar_8.png::th
rel::2/calendar_8.png,zh,dependent,0,5,0,1,0,rel::2/calendar_8.png::zh
rel::2/calendar_9.png,en,dependent,0.2,5,0,1,-0.2,rel::2/calendar_9.png::en
rel::2/calendar_9.png,fr,dependent,0,5,1,1,1,rel::2/calendar_9.png::fr
rel::2/calendar_9.png,ja,dependent,0,5,0,1,0,rel::2/calendar_9.png::ja
rel::2/calendar_9.png,ru,dependent,0,5,0,1,0,rel::2/calendar_9.png::ru
rel::2/calendar_9.png,th,dependent,0,5,0,1,0,rel::2/calendar_9.png::th
rel::2/calendar_9.png,zh,dependent,0,5,1,1,1,rel::2/calendar_9.png::zh
rel::2/clock_1.png,en,dependent,0.4,5,1,1,0.6,rel::2/clock_1.png::en
rel::2/clock_1.png,fr,dependent,0,5,0,1,0,rel::2/clock_1.png::fr
rel::2/clock_1.png,ja,dependent,0,5,1,1,1,rel::2/clock_1.png::ja
rel::2/clock_1.png,ru,dependent,0,5,1,1,1,rel::2/clock_1.png::ru
rel::2/clock_1.png,th,dependent,0,5,0,1,0,rel::2/clock_1.png::th
rel::2/clock_1.png,zh,dependent,0,5,0,1,0,rel::2/clock_1.png::zh
rel::2/clock_10.png,en,dependent,0.2,5,1,1,0.8,rel::2/clock_10.png::en
rel::2/clock_10.png,fr,dependent,0,5,0,1,0,rel::2/clock_10.png::fr
rel::2/clock_10.png,ja,dependent,0,5,0,1,0,rel::2/clock_10.png::ja
rel::2/clock_10.png,ru,dependent,0,5,0,1,0,rel::2/clock_10.png::ru
rel::2/clock_10.png,th,dependent,0,5,0,1,0,rel::2/clock_10.png::th
rel::2/clock_10.png,zh,dependent,0,5,0,1,0,rel::2/clock_10.png::zh
rel::2/clock_2.png,en,dependent,0.4,5,0,1,-0.4,rel::2/clock_2.png::en
rel::2/clock_2.png,fr,dependent,0.6,5,0,1,-0.6,rel::2/clock_2.png::fr
rel::2/clock_2.png,ja,dependent,0,5,0,1,0,rel::2/clock_2.png::ja
rel::2/clock_2.png,ru,dependent,0.2,5,0,1,-0.2,rel::2/clock_2.png::ru
rel::2/clock_2.png,th,dependent,0.2,5,0,1,-0.2,rel::2/clock_2.png::th
rel::2/clock_2.png,zh,dependent,0.2,5,0,1,-0.2,rel::2/clock_2.png::zh
rel::2/clock_3.png,en,independent,1,5,1,1,0,rel::2/clock_3.png::en
rel::2/clock_3.png,fr,independent,1,5,1,1,0,rel::2/clock_3.png::fr
rel::2/clock_3.png,ja,independent,0.8,5,0,1,-0.8,rel::2/clock_3.png::ja
rel::2/clock_3.png,ru,independent,0.8,5,1,1,0.19999999999999996,rel::2/clock_3.png::ru
rel::2/clock_3.png,th,independent,0.6,5,1,1,0.4,rel::2/clock_3.png::th
rel::2/clock_3.png,zh,independent,0.6,5,1,1,0.4,rel::2/clock_3.png::zh
rel::2/clock_4.png,en,dependent,0.8,5,1,1,0.19999999999999996,rel::2/clock_4.png::en
rel::2/clock_4.png,fr,dependent,0.8,5,1,1,0.19999999999999996,rel::2/clock_4.png::fr
rel::2/clock_4.png,ja,dependent,0.6,5,1,1,0.4,rel::2/clock_4.png::ja
rel::2/clock_4.png,ru,dependent,0.6,5,1,1,0.4,rel::2/clock_4.png::ru
rel::2/clock_4.png,th,dependent,0.8,5,0,1,-0.8,rel::2/clock_4.png::th
rel::2/clock_4.png,zh,dependent,1,5,1,1,0,rel::2/clock_4.png::zh
rel::2/clock_5.png,en,dependent,1,5,1,1,0,rel::2/clock_5.png::en
rel::2/clock_5.png,fr,dependent,0.6,5,1,1,0.4,rel::2/clock_5.png::fr
rel::2/clock_5.png,ja,dependent,0.4,5,1,1,0.6,rel::2/clock_5.png::ja
rel::2/clock_5.png,ru,dependent,0.6,5,1,1,0.4,rel::2/clock_5.png::ru
rel::2/clock_5.png,th,dependent,0,5,0,1,0,rel::2/clock_5.png::th
rel::2/clock_5.png,zh,dependent,0.6,5,1,1,0.4,rel::2/clock_5.png::zh
rel::2/clock_6.png,en,dependent,0.2,5,1,1,0.8,rel::2/clock_6.png::en
rel::2/clock_6.png,fr,dependent,0,5,1,1,1,rel::2/clock_6.png::fr
rel::2/clock_6.png,ja,dependent,0,5,0,1,0,rel::2/clock_6.png::ja
rel::2/clock_6.png,ru,dependent,0,5,0,1,0,rel::2/clock_6.png::ru
rel::2/clock_6.png,th,dependent,0,5,0,1,0,rel::2/clock_6.png::th
rel::2/clock_6.png,zh,dependent,0.2,5,0,1,-0.2,rel::2/clock_6.png::zh
rel::2/clock_7.png,en,dependent,1,5,1,1,0,rel::2/clock_7.png::en
rel::2/clock_7.png,fr,dependent,0.8,5,1,1,0.19999999999999996,rel::2/clock_7.png::fr
rel::2/clock_7.png,ja,dependent,0.6,5,1,1,0.4,rel::2/clock_7.png::ja
rel::2/clock_7.png,ru,dependent,0.8,5,0,1,-0.8,rel::2/clock_7.png::ru
rel::2/clock_7.png,th,dependent,0,5,0,1,0,rel::2/clock_7.png::th
rel::2/clock_7.png,zh,dependent,0.8,5,1,1,0.19999999999999996,rel::2/clock_7.png::zh
rel::2/clock_8.png,en,dependent,0.2,5,1,1,0.8,rel::2/clock_8.png::en
rel::2/clock_8.png,fr,dependent,0.2,5,0,1,-0.2,rel::2/clock_8.png::fr
rel::2/clock_8.png,ja,dependent,0.2,5,0,1,-0.2,rel::2/clock_8.png::ja
rel::2/clock_8.png,ru,dependent,0.4,5,0,1,-0.4,rel::2/clock_8.png::ru
rel::2/clock_8.png,th,dependent,0,5,0,1,0,rel::2/clock_8.png::th
rel::2/clock_8.png,zh,dependent,0.2,5,0,1,-0.2,rel::2/clock_8.png::zh
rel::2/clock_9.png,en,dependent,0,5,1,1,1,rel::2/clock_9.png::en
rel::2/clock_9.png,fr,dependent,0,5,1,1,1,rel::2/clock_9.png::fr
rel::2/clock_9.png,ja,dependent,0,5,1,1,1,rel::2/clock_9.png::ja
rel::2/clock_9.png,ru,dependent,0,5,0,1,0,rel::2/clock_9.png::ru
rel::2/clock_9.png,th,dependent,0,5,0,1,0,rel::2/clock_9.png::th
rel::2/clock_9.png,zh,dependent,0,5,1,1,1,rel::2/clock_9.png::zh
rel::2/freeform_1.png,en,independent,0.8,5,1,1,0.19999999999999996,rel::2/freeform_1.png::en
rel::2/freeform_1.png,fr,independent,0.8,5,1,1,0.19999999999999996,rel::2/freeform_1.png::fr
rel::2/freeform_1.png,ja,independent,0.8,5,1,1,0.19999999999999996,rel::2/freeform_1.png::ja
rel::2/freeform_1.png,ru,independent,0.6,5,0,1,-0.6,rel::2/freeform_1.png::ru
rel::2/freeform_1.png,th,independent,0.6,5,0,1,-0.6,rel::2/freeform_1.png::th
rel::2/freeform_1.png,zh,independent,0.6,5,1,1,0.4,rel::2/freeform_1.png::zh
rel::2/freeform_10.png,en,dependent,0.6,5,1,1,0.4,rel::2/freeform_10.png::en
rel::2/freeform_10.png,fr,dependent,0.2,5,0,1,-0.2,rel::2/freeform_10.png::fr
rel::2/freeform_10.png,ja,dependent,0.4,5,1,1,0.6,rel::2/freeform_10.png::ja
rel::2/freeform_10.png,ru,dependent,0,5,1,1,1,rel::2/freeform_10.png::ru
rel::2/freeform_10.png,th,dependent,0.2,5,0,1,-0.2,rel::2/freeform_10.png::th
rel::2/freeform_10.png,zh,dependent,0.2,5,1,1,0.8,rel::2/freeform_10.png::zh
rel::2/freeform_11.png,en,dependent,1,5,1,1,0,rel::2/freeform_11.png::en
rel::2/freeform_11.png,fr,dependent,1,5,1,1,0,rel::2/freeform_11.png::fr
rel::2/freeform_11.png,ja,dependent,1,5,1,1,0,rel::2/freeform_11.png::ja
rel::2/freeform_11.png,ru,dependent,1,5,0,1,-1,rel::2/freeform_11.png::ru
rel::2/freeform_11.png,th,dependent,1,5,0,1,-1,rel::2/freeform_11.png::th
rel::2/freeform_11.png,zh,dependent,1,5,1,1,0,rel::2/freeform_11.png::zh
rel::2/freeform_2.png,en,dependent,0.6,5,0,1,-0.6,rel::2/freeform_2.png::en
rel::2/freeform_2.png,fr,dependent,0.2,5,1,1,0.8,rel::2/freeform_2.png::fr
rel::2/freeform_2.png,ja,dependent,0.4,5,1,1,0.6,rel::2/freeform_2.png::ja
rel::2/freeform_2.png,ru,dependent,0.4,5,0,1,-0.4,rel::2/freeform_2.png::ru
rel::2/freeform_2.png,th,dependent,0.2,5,0,1,-0.2,rel::2/freeform_2.png::th
rel::2/freeform_2.png,zh,dependent,0.6,5,1,1,0.4,rel::2/freeform_2.png::zh
rel::2/freeform_3.png,en,dependent,1,5,1,1,0,rel::2/freeform_3.png::en
rel::2/freeform_3.png,fr,dependent,0.8,5,1,1,0.19999999999999996,rel::2/freeform_3.png::fr
rel::2/freeform_3.png,ja,dependent,1,5,1,1,0,rel::2/freeform_3.png::ja
rel::2/freeform_3.png,ru,dependent,0,5,1,1,1,rel::2/freeform_3.png::ru
rel::2/freeform_3.png,th,dependent,0.2,5,0,1,-0.2,rel::2/freeform_3.png::th
rel::2/freeform_3.png,zh,dependent,0.8,5,1,1,0.19999999999999996,rel::2/freeform_3.png::zh
rel::2/freeform_4.png,en,dependent,0.8,5,1,1,0.19999999999999996,rel::2/freeform_4.png::en
rel::2/freeform_4.png,fr,dependent,0.8,5,1,1,0.19999999999999996,rel::2/freeform_4.png::fr
rel::2/freeform_4.png,ja,dependent,0.8,5,1,1,0.19999999999999996,rel::2/freeform_4.png::ja
rel::2/freeform_4.png,ru,dependent,0.8,5,1,1,0.19999999999999996,rel::2/freeform_4.png::ru
rel::2/freeform_4.png,th,dependent,1,5,1,1,0,rel::2/freeform_4.png::th
rel::2/freeform_4.png,zh,dependent,1,5,1,1,0,rel::2/freeform_4.png::zh
rel::2/freeform_5.png,en,independent,0.2,5,1,1,0.8,rel::2/freeform_5.png::en
rel::2/freeform_5.png,fr,independent,0.4,5,1,1,0.6,rel::2/freeform_5.png::fr
rel::2/freeform_5.png,ja,independent,0.4,5,1,1,0.6,rel::2/freeform_5.png::ja
rel::2/freeform_5.png,ru,independent,0.6,5,1,1,0.4,rel::2/freeform_5.png::ru
rel::2/freeform_5.png,th,independent,0.4,5,0,1,-0.4,rel::2/freeform_5.png::th
rel::2/freeform_5.png,zh,independent,0.2,5,1,1,0.8,rel::2/freeform_5.png::zh
rel::2/freeform_6.png,en,dependent,0.4,5,0,1,-0.4,rel::2/freeform_6.png::en
rel::2/freeform_6.png,fr,dependent,0.6,5,1,1,0.4,rel::2/freeform_6.png::fr
rel::2/freeform_6.png,ja,dependent,0.8,5,1,1,0.19999999999999996,rel::2/freeform_6.png::ja
rel::2/freeform_6.png,ru,dependent,1,5,0,1,-1,rel::2/freeform_6.png::ru
rel::2/freeform_6.png,th,dependent,1,5,1,1,0,rel::2/freeform_6.png::th
rel::2/freeform_6.png,zh,dependent,0.6,5,1,1,0.4,rel::2/freeform_6.png::zh
rel::2/freeform_7.png,en,independent,1,5,1,1,0,rel::2/freeform_7.png::en
rel::2/freeform_7.png,fr,independent,0.8,5,0,1,-0.8,rel::2/freeform_7.png::fr
rel::2/freeform_7.png,ja,independent,0.4,5,1,1,0.6,rel::2/freeform_7.png::ja
rel::2/freeform_7.png,ru,independent,0.6,5,0,1,-0.6,rel::2/freeform_7.png::ru
rel::2/freeform_7.png,th,independent,0.6,5,0,1,-0.6,rel::2/freeform_7.png::th
rel::2/freeform_7.png,zh,independent,1,5,1,1,0,rel::2/freeform_7.png::zh
rel::2/freeform_8.png,en,independent,0.8,5,1,1,0.19999999999999996,rel::2/freeform_8.png::en
rel::2/freeform_8.png,fr,independent,1,5,1,1,0,rel::2/freeform_8.png::fr
rel::2/freeform_8.png,ja,independent,1,5,0,1,-1,rel::2/freeform_8.png::ja
rel::2/freeform_8.png,ru,independent,1,5,1,1,0,rel::2/freeform_8.png::ru
rel::2/freeform_8.png,th,independent,1,5,1,1,0,rel::2/freeform_8.png::th
rel::2/freeform_8.png,zh,independent,1,5,1,1,0,rel::2/freeform_8.png::zh
rel::2/freeform_9.png,en,dependent,0.2,5,0,1,-0.2,rel::2/freeform_9.png::en
rel::2/freeform_9.png,fr,dependent,0.2,5,0,1,-0.2,rel::2/freeform_9.png::fr
rel::2/freeform_9.png,ja,dependent,0,5,1,1,1,rel::2/freeform_9.png::ja
rel::2/freeform_9.png,ru,dependent,0.2,5,0,1,-0.2,rel::2/freeform_9.png::ru
rel::2/freeform_9.png,th,dependent,0.2,5,0,1,-0.2,rel::2/freeform_9.png::th
rel::2/freeform_9.png,zh,dependent,0.4,5,0,1,-0.4,rel::2/freeform_9.png::zh
rel::2/home_1.png,en,independent,1,5,1,1,0,rel::2/home_1.png::en
rel::2/home_1.png,fr,independent,1,5,1,1,0,rel::2/home_1.png::fr
rel::2/home_1.png,ja,independent,1,5,1,1,0,rel::2/home_1.png::ja
rel::2/home_1.png,ru,independent,1,5,1,1,0,rel::2/home_1.png::ru
rel::2/home_1.png,th,independent,1,5,1,1,0,rel::2/home_1.png::th
rel::2/home_1.png,zh,independent,1,5,1,1,0,rel::2/home_1.png::zh
rel::2/home_2.png,en,dependent,0,5,0,1,0,rel::2/home_2.png::en
rel::2/home_2.png,fr,dependent,0,5,0,1,0,rel::2/home_2.png::fr
rel::2/home_2.png,ja,dependent,0,5,0,1,0,rel::2/home_2.png::ja
rel::2/home_2.png,ru,dependent,0,5,0,1,0,rel::2/home_2.png::ru
rel::2/home_2.png,th,dependent,0,5,0,1,0,rel::2/home_2.png::th
rel::2/home_2.png,zh,dependent,0,5,0,1,0,rel::2/home_2.png::zh
rel::2/home_3.png,en,dependent,0.6,5,1,1,0.4,rel::2/home_3.png::en
rel::2/home_3.png,fr,dependent,0.4,5,1,1,0.6,rel::2/home_3.png::fr
rel::2/home_3.png,ja,dependent,0,5,0,1,0,rel::2/home_3.png::ja
rel::2/home_3.png,ru,dependent,0,5,0,1,0,rel::2/home_3.png::ru
rel::2/home_3.png,th,dependent,0.2,5,0,1,-0.2,rel::2/home_3.png::th
rel::2/home_3.png,zh,dependent,0.4,5,0,1,-0.4,rel::2/home_3.png::zh
rel::2/home_4.png,en,dependent,0.2,5,1,1,0.8,rel::2/home_4.png::en
rel::2/home_4.png,fr,dependent,0,5,0,1,0,rel::2/home_4.png::fr
rel::2/home_4.png,ja,dependent,0,5,0,1,0,rel::2/home_4.png::ja
rel::2/home_4.png,ru,dependent,0,5,0,1,0,rel::2/home_4.png::ru
rel::2/home_4.png,th,dependent,0,5,0,1,0,rel::2/home_4.png::th
rel::2/home_4.png,zh,dependent,0.2,5,0,1,-0.2,rel::2/home_4.png::zh
rel::2/home_5.png,en,dependent,1,5,1,1,0,rel::2/home_5.png::en
rel::2/home_5.png,fr,dependent,1,5,1,1,0,rel::2/home_5.png::fr
rel::2/home_5.png,ja,dependent,0.4,5,1,1,0.6,rel::2/home_5.png::ja
rel::2/home_5.png,ru,dependent,1,5,1,1,0,rel::2/home_5.png::ru
rel::2/home_5.png,th,dependent,1,5,1,1,0,rel::2/home_5.png::th
rel::2/home_5.png,zh,dependent,0.2,5,0,1,-0.2,rel::2/home_5.png::zh
rel::2/home_6.png,en,independent,0.4,5,1,1,0.6,rel::2/home_6.png::en
rel::2/home_6.png,fr,independent,0.4,5,1,1,0.6,rel::2/home_6.png::fr
rel::2/home_6.png,ja,independent,0.2,5,0,1,-0.2,rel::2/home_6.png::ja
rel::2/home_6.png,ru,independent,0.6,5,1,1,0.4,rel::2/home_6.png::ru
rel::2/home_6.png,th,independent,0.6,5,0,1,-0.6,rel::2/home_6.png::th
rel::2/home_6.png,zh,independent,0.8,5,1,1,0.19999999999999996,rel::2/home_6.png::zh
rel::2/home_7.png,en,dependent,0.4,5,1,1,0.6,rel::2/home_7.png::en
rel::2/home_7.png,fr,dependent,0.6,5,1,1,0.4,rel::2/home_7.png::fr
rel::2/home_7.png,ja,dependent,0.2,5,1,1,0.8,rel::2/home_7.png::ja
rel::2/home_7.png,ru,dependent,0.2,5,0,1,-0.2,rel::2/home_7.png::ru
rel::2/home_7.png,th,dependent,0.6,5,1,1,0.4,rel::2/home_7.png::th
rel::2/home_7.png,zh,dependent,0.6,5,1,1,0.4,rel::2/home_7.png::zh
rel::2/home_8.png,en,dependent,0,5,1,1,1,rel::2/home_8.png::en
rel::2/home_8.png,fr,dependent,0,5,0,1,0,rel::2/home_8.png::fr
rel::2/home_8.png,ja,dependent,0,5,0,1,0,rel::2/home_8.png::ja
rel::2/home_8.png,ru,dependent,0,5,0,1,0,rel::2/home_8.png::ru
rel::2/home_8.png,th,dependent,0,5,0,1,0,rel::2/home_8.png::th
rel::2/home_8.png,zh,dependent,0,5,0,1,0,rel::2/home_8.png::zh
rel::2/home_9.png,en,dependent,0.2,5,0,1,-0.2,rel::2/home_9.png::en
rel::2/home_9.png,fr,dependent,0.2,5,1,1,0.8,rel::2/home_9.png::fr
rel::2/home_9.png,ja,dependent,0.2,5,0,1,-0.2,rel::2/home_9.png::ja
rel::2/home_9.png,ru,dependent,0,5,0,1,0,rel::2/home_9.png::ru
rel::2/home_9.png,th,dependent,0,5,0,1,0,rel::2/home_9.png::th
rel::2/home_9.png,zh,dependent,0.2,5,0,1,-0.2,rel::2/home_9.png::zh
rel::2/map_1.png,en,dependent,0.8,5,1,1,0.19999999999999996,rel::2/map_1.png::en
rel::2/map_1.png,fr,dependent,0,5,1,1,1,rel::2/map_1.png::fr
rel::2/map_1.png,ja,dependent,0.2,5,1,1,0.8,rel::2/map_1.png::ja
rel::2/map_1.png,ru,dependent,0,5,1,1,1,rel::2/map_1.png::ru
rel::2/map_1.png,th,dependent,0,5,0,1,0,rel::2/map_1.png::th
rel::2/map_1.png,zh,dependent,0.4,5,1,1,0.6,rel::2/map_1.png::zh
rel::2/map_10.png,en,independent,0.8,5,1,1,0.19999999999999996,rel::2/map_10.png::en
rel::2/map_10.png,fr,independent,0.8,5,1,1,0.19999999999999996,rel::2/map_10.png::fr
rel::2/map_10.png,ja,independent,0.8,5,1,1,0.19999999999999996,rel::2/map_10.png::ja
rel::2/map_10.png,ru,independent,0.8,5,1,1,0.19999999999999996,rel::2/map_10.png::ru
rel::2/map_10.png,th,independent,1,5,0,1,-1,rel::2/map_10.png::th
rel::2/map_10.png,zh,independent,0.8,5,1,1,0.19999999999999996,rel::2/map_10.png::zh
rel::2/map_2.png,en,dependent,0.8,5,1,1,0.19999999999999996,rel::2/map_2.png::en
rel::2/map_2.png,fr,dependent,0.6,5,1,1,0.4,rel::2/map_2.png::fr
rel::2/map_2.png,ja,dependent,0.2,5,1,1,0.8,rel::2/map_2.png::ja
rel::2/map_2.png,ru,dependent,0,5,1,1,1,rel::2/map_2.png::ru
rel::2/map_2.png,th,dependent,0,5,0,1,0,rel::2/map_2.png::th
rel::2/map_2.png,zh,dependent,0.6,5,1,1,0.4,rel::2/map_2.png::zh
rel::2/map_3.png,en,dependent,0.8,5,1,1,0.19999999999999996,rel::2/map_3.png::en
rel::2/map_3.png,fr,dependent,0.8,5,1,1,0.19999999999999996,rel::2/map_3.png::fr
rel::2/map_3.png,ja,dependent,0.8,5,1,1,0.19999999999999996,rel::2/map_3.png::ja
rel::2/map_3.png,ru,dependent,0.4,5,1,1,0.6,rel::2/map_3.png::ru
rel::2/map_3.png,th,dependent,0.6,5,0,1,-0.6,rel::2/map_3.png::th
rel::2/map_3.png,zh,dependent,1,5,1,1,0,rel::2/map_3.png::zh
rel::2/map_4.png,en,independent,0.4,5,1,1,0.6,rel::2/map_4.png::en
rel::2/map_4.png,fr,independent,0.4,5,1,1,0.6,rel::2/map_4.png::fr
rel::2/map_4.png,ja,independent,0.4,5,0,1,-0.4,rel::2/map_4.png::ja
rel::2/map_4.png,ru,independent,0,5,1,1,1,rel::2/map_4.png::ru
rel::2/map_4.png,th,independent,0.4,5,0,1,-0.4,rel::2/map_4.png::th
rel::2/map_4.png,zh,independent,0.2,5,0,1,-0.2,rel::2/map_4.png::zh
rel::2/map_5.png,en,dependent,0.8,5,1,1,0.19999999999999996,rel::2/map_5.png::en
rel::2/map_5.png,fr,dependent,1,5,1,1,0,rel::2/map_5.png::fr
rel::2/map_5.png,ja,dependent,1,5,1,1,0,rel::2/map_5.png::ja
rel::2/map_5.png,ru,dependent,1,5,1,1,0,rel::2/map_5.png::ru
rel::2/map_5.png,th,dependent,1,5,1,1,0,rel::2/map_5.png::th
rel::2/map_5.png,zh,dependent,0.8,5,1,1,0.19999999999999996,rel::2/map_5.png::zh
rel::2/map_6.png,en,dependent,0.4,5,1,1,0.6,rel::2/map_6.png::en
rel::2/map_6.png,fr,dependent,0,5,0,1,0,rel::2/map_6.png::fr
rel::2/map_6.png,ja,dependent,0,5,0,1,0,rel::2/map_6.png::ja
rel::2/map_6.png,ru,dependent,0,5,0,1,0,rel::2/map_6.png::ru
rel::2/map_6.png,th,dependent,0,5,0,1,0,rel::2/map_6.png::th
rel::2/map_6.png,zh,dependent,0.4,5,1,1,0.6,rel::2/map_6.png::zh
rel::2/map_7.png,en,dependent,0.4,5,0,1,-0.4,rel::2/map_7.png::en
rel::2/map_7.png,fr,dependent,0,5,0,1,0,rel::2/map_7.png::fr
rel::2/map_7.png,ja,dependent,0,5,0,1,0,rel::2/map_7.png::ja
rel::2/map_7.png,ru,dependent,0,5,0,1,0,rel::2/map_7.png::ru
rel::2/map_7.png,th,dependent,0,5,0,1,0,rel::2/map_7.png::th
rel::2/map_7.png,zh,dependent,0.4,5,1,1,0.6,rel::2/map_7.png::zh
rel::2/map_8.png,en,dependent,0.4,5,1,1,0.6,rel::2/map_8.png::en
rel::2/map_8.png,fr,dependent,0.6,5,1,1,0.4,rel::2/map_8.png::fr
rel::2/map_8.png,ja,dependent,0.6,5,1,1,0.4,rel::2/map_8.png::ja
rel::2/map_8.png,ru,dependent,0.6,5,1,1,0.4,rel::2/map_8.png::ru
rel::2/map_8.png,th,dependent,0.8,5,1,1,0.19999999999999996,rel::2/map_8.png::th
rel::2/map_8.png,zh,dependent,0.4,5,1,1,0.6,rel::2/map_8.png::zh
rel::2/map_9.png,en,dependent,0.6,5,1,1,0.4,rel::2/map_9.png::en
rel::2/map_9.png,fr,dependent,0.4,5,1,1,0.6,rel::2/map_9.png::fr
rel::2/map_9.png,ja,dependent,0.8,5,1,1,0.19999999999999996,rel::2/map_9.png::ja
rel::2/map_9.png,ru,dependent,0.8,5,1,1,0.19999999999999996,rel::2/map_9.png::ru
rel::2/map_9.png,th,dependent,0.2,5,0,1,-0.2,rel::2/map_9.png::th
rel::2/map_9.png,zh,dependent,0.4,5,1,1,0.6,rel::2/map_9.png::zh
rel::2/note_1.png,en,dependent,0.8,5,1,1,0.19999999999999996,rel::2/note_1.png::en
rel::2/note_1.png,fr,dependent,0.4,5,0,1,-0.4,rel::2/note_1.png::fr
rel::2/note_1.png,ja,dependent,1,5,1,1,0,rel::2/note_1.png::ja
rel::2/note_1.png,ru,dependent,0,5,1,1,1,rel::2/note_1.png::ru
rel::2/note_1.png,th,dependent,0.4,5,0,1,-0.4,rel::2/note_1.png::th
rel::2/note_1.png,zh,dependent,0.4,5,1,1,0.6,rel::2/note_1.png::zh
rel::2/note_10.png,en,dependent,0.2,5,0,1,-0.2,rel::2/note_10.png::en
rel::2/note_10.png,fr,dependent,0.2,5,0,1,-0.2,rel::2/note_10.png::fr
rel::2/note_10.png,ja,dependent,0.4,5,0,1,-0.4,rel::2/note_10.png::ja
rel::2/note_10.png,ru,dependent,0.6,5,0,1,-0.6,rel::2/note_10.png::ru
rel::2/note_10.png,th,dependent,1,5,1,1,0,rel::2/note_10.png::th
rel::2/note_10.png,zh,dependent,0.2,5,1,1,0.8,rel::2/note_10.png::zh
rel::2/note_11.png,en,dependent,0,5,0,1,0,rel::2/note_11.png::en
rel::2/note_11.png,fr,dependent,0.6,5,0,1,-0.6,rel::2/note_11.png::fr
rel::2/note_11.png,ja,dependent,0.8,5,1,1,0.19999999999999996,rel::2/note_11.png::ja
rel::2/note_11.png,ru,dependent,0.6,5,0,1,-0.6,rel::2/note_11.png::ru
rel::2/note_11.png,th,dependent,0.8,5,0,1,-0.8,rel::2/note_11.png::th
rel::2/note_11.png,zh,dependent,0.6,5,0,1,-0.6,rel::2/note_11.png::zh
rel::2/note_2.png,en,dependent,0.6,5,0,1,-0.6,rel::2/note_2.png::en
rel::2/note_2.png,fr,dependent,1,5,1,1,0,rel::2/note_2.png::fr
rel::2/note_2.png,ja,dependent,1,5,1,1,0,rel::2/note_2.png::ja
rel::2/note_2.png,ru,dependent,1,5,0,1,-1,rel::2/note_2.png::ru
rel::2/note_2.png,th,dependent,1,5,1,1,0,rel::2/note_2.png::th
rel::2/note_2.png,zh,dependent,0.6,5,1,1,0.4,rel::2/note_2.png::zh
rel::2/note_3.png,en,dependent,0.4,5,0,1,-0.4,rel::2/note_3.png::en
rel::2/note_3.png,fr,dependent,0.2,5,1,1,0.8,rel::2/note_3.png::fr
rel::2/note_3.png,ja,dependent,0,5,0,1,0,rel::2/note_3.png::ja
rel::2/note_3.png,ru,dependent,0,5,0,1,0,rel::2/note_3.png::ru
rel::2/note_3.png,th,dependent,0,5,0,1,0,rel::2/note_3.png::th
rel::2/note_3.png,zh,dependent,0.2,5,1,1,0.8,rel::2/note_3.png::zh
rel::2/note_4.png,en,dependent,1,5,1,1,0,rel::2/note_4.png::en
rel::2/note_4.png,fr,dependent,1,5,1,1,0,rel::2/note_4.png::fr
rel::2/note_4.png,ja,dependent,0.8,5,1,1,0.19999999999999996,rel::2/note_4.png::ja
rel::2/note_4.png,ru,dependent,1,5,1,1,0,rel::2/note_4.png::ru
rel::2/note_4.png,th,dependent,0.4,5,1,1,0.6,rel::2/note_4.png::th
rel::2/note_4.png,zh,dependent,1,5,1,1,0,rel::2/note_4.png::zh
rel::2/note_5.png,en,independent,0.4,5,0,1,-0.4,rel::2/note_5.png::en
rel::2/note_5.png,fr,independent,0.4,5,0,1,-0.4,rel::2/note_5.png::fr
rel::2/note_5.png,ja,independent,0.4,5,0,1,-0.4,rel::2/note_5.png::ja
rel::2/note_5.png,ru,independent,0.2,5,1,1,0.8,rel::2/note_5.png::ru
rel::2/note_5.png,th,independent,0.2,5,1,1,0.8,rel::2/note_5.png::th
rel::2/note_5.png,zh,independent,0.4,5,0,1,-0.4,rel::2/note_5.png::zh
rel::2/note_6.png,en,dependent,0.4,5,1,1,0.6,rel::2/note_6.png::en
rel::2/note_6.png,fr,dependent,0.8,5,1,1,0.19999999999999996,rel::2/note_6.png::fr
rel::2/note_6.png,ja,dependent,0.6,5,1,1,0.4,rel::2/note_6.png::ja
rel::2/note_6.png,ru,dependent,0.6,5,1,1,0.4,rel::2/note_6.png::ru
rel::2/note_6.png,th,dependent,0.8,5,1,1,0.19999999999999996,rel::2/note_6.png::th
rel::2/note_6.png,zh,dependent,1,5,0,1,-1,rel::2/note_6.png::zh
rel::2/note_7.png,en,independent,0,5,0,1,0,rel::2/note_7.png::en
rel::2/note_7.png,fr,independent,0,5,0,1,0,rel::2/note_7.png::fr
rel::2/note_7.png,ja,independent,0,5,0,1,0,rel::2/note_7.png::ja
rel::2/note_7.png,ru,independent,0,5,0,1,0,rel::2/note_7.png::ru
rel::2/note_7.png,th,independent,0,5,0,1,0,rel::2/note_7.png::th
rel::2/note_7.png,zh,independent,0,5,0,1,0,rel::2/note_7.png::zh
rel::2/note_8.png,en,dependent,0.4,5,1,1,0.6,rel::2/note_8.png::en
rel::2/note_8.png,fr,dependent,0,5,1,1,1,rel::2/note_8.png::fr
rel::2/note_8.png,ja,dependent,0,5,1,1,1,rel::2/note_8.png::ja
rel::2/note_8.png,ru,dependent,0,5,1,1,1,rel::2/note_8.png::ru
rel::2/note_8.png,th,dependent,0,5,0,1,0,rel::2/note_8.png::th
rel::2/note_8.png,zh,dependent,0.2,5,1,1,0.8,rel::2/note_8.png::zh
rel::2/note_9.png,en,dependent,0,5,0,1,0,rel::2/note_9.png::en
rel::2/note_9.png,fr,dependent,0,5,0,1,0,rel::2/note_9.png::fr
rel::2/note_9.png,ja,dependent,0,5,0,1,0,rel::2/note_9.png::ja
rel::2/note_9.png,ru,dependent,0,5,0,1,0,rel::2/note_9.png::ru
rel::2/note_9.png,th,dependent,0,5,0,1,0,rel::2/note_9.png::th
rel::2/note_9.png,zh,dependent,0.2,5,0,1,-0.2,rel::2/note_9.png::zh
rel::2/setting_1.png,en,dependent,0.6,5,1,1,0.4,rel::2/setting_1.png::en
rel::2/setting_1.png,fr,dependent,0.6,5,1,1,0.4,rel::2/setting_1.png::fr
rel::2/setting_1.png,ja,dependent,0.2,5,1,1,0.8,rel::2/setting_1.png::ja
rel::2/setting_1.png,ru,dependent,0,5,1,1,1,rel::2/setting_1.png::ru
rel::2/setting_1.png,th,dependent,0.2,5,0,1,-0.2,rel::2/setting_1.png::th
rel::2/setting_1.png,zh,dependent,0.2,5,1,1,0.8,rel::2/setting_1.png::zh
rel::2/setting_10.png,en,dependent,0.4,5,1,1,0.6,rel::2/setting_10.png::en
rel::2/setting_10.png,fr,dependent,0.2,5,1,1,0.8,rel::2/setting_10.png::fr
rel::2/setting_10.png,ja,dependent,0,5,0,1,0,rel::2/setting_10.png::ja
rel::2/setting_10.png,ru,dependent,0,5,0,1,0,rel::2/setting_10.png::ru
rel::2/setting_10.png,th,dependent,0,5,0,1,0,rel::2/setting_10.png::th
rel::2/setting_10.png,zh,dependent,0,5,1,1,1,rel::2/setting_10.png::zh
rel::2/setting_11.png,en,dependent,0.2,5,1,1,0.8,rel::2/setting_11.png::en
rel::2/setting_11.png,fr,dependent,0.4,5,1,1,0.6,rel::2/setting_11.png::fr
rel::2/setting_11.png,ja,dependent,0.4,5,1,1,0.6,rel::2/setting_11.png::ja
rel::2/setting_11.png,ru,dependent,0.2,5,1,1,0.8,rel::2/setting_11.png::ru
rel::2/setting_11.png,th,dependent,0.4,5,0,1,-0.4,rel::2/setting_11.png::th
rel::2/setting_11.png,zh,dependent,0,5,1,1,1,rel::2/setting_11.png::zh
rel::2/setting_2.png,en,dependent,0.2,5,1,1,0.8,rel::2/setting_2.png::en
rel::2/setting_2.png,fr,dependent,0.8,5,0,1,-0.8,rel::2/setting_2.png::fr
rel::2/setting_2.png,ja,dependent,0.6,5,0,1,-0.6,rel::2/setting_2.png::ja
rel::2/setting_2.png,ru,dependent,0,5,1,1,1,rel::2/setting_2.png::ru
rel::2/setting_2.png,th,dependent,0,5,0,1,0,rel::2/setting_2.png::th
rel::2/setting_2.png,zh,dependent,0.2,5,0,1,-0.2,rel::2/setting_2.png::zh
rel::2/setting_3.png,en,dependent,0.6,5,1,1,0.4,rel::2/setting_3.png::en
rel::2/setting_3.png,fr,dependent,0,5,0,1,0,rel::2/setting_3.png::fr
rel::2/setting_3.png,ja,dependent,0.4,5,1,1,0.6,rel::2/setting_3.png::ja
rel::2/setting_3.png,ru,dependent,0,5,0,1,0,rel::2/setting_3.png::ru
rel::2/setting_3.png,th,dependent,0,5,0,1,0,rel::2/setting_3.png::th
rel::2/setting_3.png,zh,dependent,0.6,5,1,1,0.4,rel::2/setting_3.png::zh
rel::2/setting_4.png,en,dependent,0.4,5,1,1,0.6,rel::2/setting_4.png::en
rel::2/setting_4.png,fr,dependent,0.4,5,1,1,0.6,rel::2/setting_4.png::fr
rel::2/setting_4.png,ja,dependent,0.4,5,1,1,0.6,rel::2/setting_4.png::ja
rel::2/setting_4.png,ru,dependent,0.2,5,0,1,-0.2,rel::2/setting_4.png::ru
rel::2/setting_4.png,th,dependent,0,5,0,1,0,rel::2/setting_4.png::th
rel::2/setting_4.png,zh,dependent,0.4,5,1,1,0.6,rel::2/setting_4.png::zh
rel::2/setting_5.png,en,dependent,1,5,1,1,0,rel::2/setting_5.png::en
rel::2/setting_5.png,fr,dependent,0.8,5,1,1,0.19999999999999996,rel::2/setting_5.png::fr
rel::2/setting_5.png,ja,dependent,1,5,1,1,0,rel::2/setting_5.png::ja
rel::2/setting_5.png,ru,dependent,0.4,5,1,1,0.6,rel::2/setting_5.png::ru
rel::2/setting_5.png,th,dependent,0.8,5,0,1,-0.8,rel::2/setting_5.png::th
rel::2/setting_5.png,zh,dependent,1,5,1,1,0,rel::2/setting_5.png::zh
rel::2/setting_6.png,en,dependent,0.2,5,1,1,0.8,rel::2/setting_6.png::en
rel::2/setting_6.png,fr,dependent,0.4,5,1,1,0.6,rel::2/setting_6.png::fr
rel::2/setting_6.png,ja,dependent,0,5,0,1,0,rel::2/setting_6.png::ja
rel::2/setting_6.png,ru,dependent,0,5,0,1,0,rel::2/setting_6.png::ru
rel::2/setting_6.png,th,dependent,0,5,0,1,0,rel::2/setting_6.png::th
rel::2/setting_6.png,zh,dependent,0.2,5,1,1,0.8,rel::2/setting_6.png::zh
rel::2/setting_7.png,en,dependent,0.2,5,0,1,-0.2,rel::2/setting_7.png::en
rel::2/setting_7.png,fr,dependent,0.2,5,0,1,-0.2,rel::2/setting_7.png::fr
rel::2/setting_7.png,ja,dependent,0,5,0,1,0,rel::2/setting_7.png::ja
rel::2/setting_7.png,ru,dependent,0,5,0,1,0,rel::2/setting_7.png::ru
rel::2/setting_7.png,th,dependent,0,5,0,1,0,rel::2/setting_7.png::th
rel::2/setting_7.png,zh,dependent,0,5,1,1,1,rel::2/setting_7.png::zh
rel::2/setting_8.png,en,dependent,1,5,1,1,0,rel::2/setting_8.png::en
rel::2/setting_8.png,fr,dependent,0.4,5,1,1,0.6,rel::2/setting_8.png::fr
rel::2/setting_8.png,ja,dependent,0,5,1,1,1,rel::2/setting_8.png::ja
rel::2/setting_8.png,ru,dependent,0,5,1,1,1,rel::2/setting_8.png::ru
rel::2/setting_8.png,th,dependent,0,5,0,1,0,rel::2/setting_8.png::th
rel::2/setting_8.png,zh,dependent,0.4,5,1,1,0.6,rel::2/setting_8.png::zh
rel::2/setting_9.png,en,dependent,0.8,5,1,1,0.19999999999999996,rel::2/setting_9.png::en
rel::2/setting_9.png,fr,dependent,0.6,5,1,1,0.4,rel::2/setting_9.png::fr
rel::2/setting_9.png,ja,dependent,0,5,0,1,0,rel::2/setting_9.png::ja
rel::2/setting_9.png,ru,dependent,0.2,5,1,1,0.8,rel::2/setting_9.png::ru
rel::2/setting_9.png,th,dependent,0,5,0,1,0,rel::2/setting_9.png::th
rel::2/setting_9.png,zh,dependent,0.4,5,1,1,0.6,rel::2/setting_9.png::zh
rel::2/weather_1.png,en,dependent,0.8,5,1,1,0.19999999999999996,rel::2/weather_1.png::en
rel::2/weather_1.png,fr,dependent,0.8,5,1,1,0.19999999999999996,rel::2/weather_1.png::fr
rel::2/weather_1.png,ja,dependent,0,5,1,1,1,rel::2/weather_1.png::ja
rel::2/weather_1.png,ru,dependent,0.4,5,1,1,0.6,rel::2/weather_1.png::ru
rel::2/weather_1.png,th,dependent,0,5,0,1,0,rel::2/weather_1.png::th
rel::2/weather_1.png,zh,dependent,0.4,5,1,1,0.6,rel::2/weather_1.png::zh
rel::2/weather_10.png,en,dependent,0.6,5,1,1,0.4,rel::2/weather_10.png::en
rel::2/weather_10.png,fr,dependent,0.8,5,1,1,0.19999999999999996,rel::2/weather_10.png::fr
rel::2/weather_10.png,ja,dependent,0.8,5,1,1,0.19999999999999996,rel::2/weather_10.png::ja
rel::2/weather_10.png,ru,dependent,0.6,5,0,1,-0.6,rel::2/weather_10.png::ru
rel::2/weather_10.png,th,dependent,1,5,0,1,-1,rel::2/weather_10.png::th
rel::2/weather_10.png,zh,dependent,0.4,5,1,1,0.6,rel::2/weather_10.png::zh
rel::2/weather_2.png,en,dependent,0.4,5,1,1,0.6,rel::2/weather_2.png::en
rel::2/weather_2.png,fr,dependent,0,5,1,1,1,rel::2/weather_2.png::fr
rel::2/weather_2.png,ja,dependent,0.2,5,1,1,0.8,rel::2/weather_2.png::ja
rel::2/weather_2.png,ru,dependent,0,5,0,1,0,rel::2/weather_2.png::ru
rel::2/weather_2.png,th,dependent,0,5,0,1,0,rel::2/weather_2.png::th
rel::2/weather_2.png,zh,dependent,0.4,5,1,1,0.6,rel::2/weather_2.png::zh
rel::2/weather_3.png,en,dependent,0.6,5,1,1,0.4,rel::2/weather_3.png::en
rel::2/weather_3.png,fr,dependent,1,5,1,1,0,rel::2/weather_3.png::fr
rel::2/weather_3.png,ja,dependent,0.2,5,0,1,-0.2,rel::2/weather_3.png::ja
rel::2/weather_3.png,ru,dependent,0.8,5,1,1,0.19999999999999996,rel::2/weather_3.png::ru
rel::2/weather_3.png,th,dependent,0.6,5,0,1,-0.6,rel::2/weather_3.png::th
rel::2/weather_3.png,zh,dependent,0.4,5,0,1,-0.4,rel::2/weather_3.png::zh
rel::2/weather_4.png,en,dependent,1,5,1,1,0,rel::2/weather_4.png::en
rel::2/weather_4.png,fr,dependent,1,5,1,1,0,rel::2/weather_4.png::fr
rel::2/weather_4.png,ja,dependent,1,5,1,1,0,rel::2/weather_4.png::ja
rel::2/weather_4.png,ru,dependent,1,5,1,1,0,rel::2/weather_4.png::ru
rel::2/weather_4.png,th,dependent,1,5,1,1,0,rel::2/weather_4.png::th
rel::2/weather_4.png,zh,dependent,1,5,1,1,0,rel::2/weather_4.png::zh
rel::2/weather_5.png,en,independent,0,5,0,1,0,rel::2/weather_5.png::en
rel::2/weather_5.png,fr,independent,0,5,0,1,0,rel::2/weather_5.png::fr
rel::2/weather_5.png,ja,independent,0,5,0,1,0,rel::2/weather_5.png::ja
rel::2/weather_5.png,ru,independent,0,5,0,1,0,rel::2/weather_5.png::ru
rel::2/weather_5.png,th,independent,0,5,0,1,0,rel::2/weather_5.png::th
rel::2/weather_5.png,zh,independent,0,5,0,1,0,rel::2/weather_5.png::zh
rel::2/weather_6.png,en,dependent,0.6,5,1,1,0.4,rel::2/weather_6.png::en
rel::2/weather_6.png,fr,dependent,0.6,5,1,1,0.4,rel::2/weather_6.png::fr
rel::2/weather_6.png,ja,dependent,0.6,5,0,1,-0.6,rel::2/weather_6.png::ja
rel::2/weather_6.png,ru,dependent,0,5,0,1,0,rel::2/weather_6.png::ru
rel::2/weather_6.png,th,dependent,0,5,0,1,0,rel::2/weather_6.png::th
rel::2/weather_6.png,zh,dependent,0.6,5,1,1,0.4,rel::2/weather_6.png::zh
rel::2/weather_7.png,en,dependent,0.8,5,0,1,-0.8,rel::2/weather_7.png::en
rel::2/weather_7.png,fr,dependent,1,5,1,1,0,rel::2/weather_7.png::fr
rel::2/weather_7.png,ja,dependent,0.6,5,0,1,-0.6,rel::2/weather_7.png::ja
rel::2/weather_7.png,ru,dependent,1,5,1,1,0,rel::2/weather_7.png::ru
rel::2/weather_7.png,th,dependent,0.8,5,0,1,-0.8,rel::2/weather_7.png::th
rel::2/weather_7.png,zh,dependent,0.6,5,1,1,0.4,rel::2/weather_7.png::zh
rel::2/weather_8.png,en,dependent,0.4,5,1,1,0.6,rel::2/weather_8.png::en
rel::2/weather_8.png,fr,dependent,0.6,5,0,1,-0.6,rel::2/weather_8.png::fr
rel::2/weather_8.png,ja,dependent,0.8,5,1,1,0.19999999999999996,rel::2/weather_8.png::ja
rel::2/weather_8.png,ru,dependent,0.8,5,0,1,-0.8,rel::2/weather_8.png::ru
rel::2/weather_8.png,th,dependent,0.8,5,0,1,-0.8,rel::2/weather_8.png::th
rel::2/weather_8.png,zh,dependent,0.6,5,0,1,-0.6,rel::2/weather_8.png::zh
rel::2/weather_9.png,en,dependent,0.8,5,1,1,0.19999999999999996,rel::2/weather_9.png::en
rel::2/weather_9.png,fr,dependent,0.8,5,1,1,0.19999999999999996,rel::2/weather_9.png::fr
rel::2/weather_9.png,ja,dependent,0.8,5,0,1,-0.8,rel::2/weather_9.png::ja
rel::2/weather_9.png,ru,dependent,0.2,5,1,1,0.8,rel::2/weather_9.png::ru
rel::2/weather_9.png,th,dependent,0.4,5,0,1,-0.4,rel::2/weather_9.png::th
rel::2/weather_9.png,zh,dependent,0.6,5,1,1,0.4,rel::2/weather_9.png::zh
rel::3/backend_1.jpg,en,dependent,1,5,1,1,0,rel::3/backend_1.jpg::en
rel::3/backend_1.jpg,fr,dependent,1,5,1,1,0,rel::3/backend_1.jpg::fr
rel::3/backend_1.jpg,ja,dependent,0.8,5,1,1,0.19999999999999996,rel::3/backend_1.jpg::ja
rel::3/backend_1.jpg,ru,dependent,0.6,5,1,1,0.4,rel::3/backend_1.jpg::ru
rel::3/backend_1.jpg,th,dependent,0.6,5,1,1,0.4,rel::3/backend_1.jpg::th
rel::3/backend_1.jpg,zh,dependent,1,5,1,1,0,rel::3/backend_1.jpg::zh
rel::3/backend_10.jpg,en,dependent,0.2,5,0,1,-0.2,rel::3/backend_10.jpg::en
rel::3/backend_10.jpg,fr,dependent,0,5,1,1,1,rel::3/backend_10.jpg::fr
rel::3/backend_10.jpg,ja,dependent,0.2,5,0,1,-0.2,rel::3/backend_10.jpg::ja
rel::3/backend_10.jpg,ru,dependent,0,5,0,1,0,rel::3/backend_10.jpg::ru
rel::3/backend_10.jpg,th,dependent,0.2,5,0,1,-0.2,rel::3/backend_10.jpg::th
rel::3/backend_10.jpg,zh,dependent,0.6,5,0,1,-0.6,rel::3/backend_10.jpg::zh
rel::3/backend_2.jpg,en,dependent,0.4,5,1,1,0.6,rel::3/backend_2.jpg::en
rel::3/backend_2.jpg,fr,dependent,0.6,5,0,1,-0.6,rel::3/backend_2.jpg::fr
rel::3/backend_2.jpg,ja,dependent,0.4,5,1,1,0.6,rel::3/backend_2.jpg::ja
rel::3/backend_2.jpg,ru,dependent,0.4,5,0,1,-0.4,rel::3/backend_2.jpg::ru
rel::3/backend_2.jpg,th,dependent,0,5,1,1,1,rel::3/backend_2.jpg::th
rel::3/backend_2.jpg,zh,dependent,0.6,5,1,1,0.4,rel::3/backend_2.jpg::zh
rel::3/backend_3.jpg,en,independent,1,5,1,1,0,rel::3/backend_3.jpg::en
rel::3/backend_3.jpg,fr,independent,1,5,1,1,0,rel::3/backend_3.jpg::fr
rel::3/backend_3.jpg,ja,independent,1,5,1,1,0,rel::3/backend_3.jpg::ja
rel::3/backend_3.jpg,ru,independent,1,5,1,1,0,rel::3/backend_3.jpg::ru
rel::3/backend_3.jpg,th,independent,1,5,1,1,0,rel::3/backend_3.jpg::th
rel::3/backend_3.jpg,zh,independent,1,5,1,1,0,rel::3/backend_3.jpg::zh
rel::3/backend_4.jpg,en,independent,1,5,1,1,0,rel::3/backend_4.jpg::en
rel::3/backend_4.jpg,fr,independent,0.8,5,1,1,0.19999999999999996,rel::3/backend_4.jpg::fr
rel::3/backend_4.jpg,ja,independent,0,5,0,1,0,rel::3/backend_4.jpg::ja
rel::3/backend_4.jpg,ru,independent,0.6,5,1,1,0.4,rel::3/backend_4.jpg::ru
rel::3/backend_4.jpg,th,independent,1,5,0,1,-1,rel::3/backend_4.jpg::th
rel::3/backend_4.jpg,zh,independent,1,5,1,1,0,rel::3/backend_4.jpg::zh
rel::3/backend_5.jpg,en,independent,0.8,5,1,1,0.19999999999999996,rel::3/backend_5.jpg::en
rel::3/backend_5.jpg,fr,independent,0.8,5,1,1,0.19999999999999996,rel::3/backend_5.jpg::fr
rel::3/backend_5.jpg,ja,independent,1,5,1,1,0,rel::3/backend_5.jpg::ja
rel::3/backend_5.jpg,ru,independent,0.8,5,1,1,0.19999999999999996,rel::3/backend_5.jpg::ru
rel::3/backend_5.jpg,th,independent,1,5,0,1,-1,rel::3/backend_5.jpg::th
rel::3/backend_5.jpg,zh,independent,0.8,5,1,1,0.19999999999999996,rel::3/backend_5.jpg::zh
rel::3/backend_6.jpg,en,independent,0.4,5,1,1,0.6,rel::3/backend_6.jpg::en
rel::3/backend_6.jpg,fr,independent,0.2,5,0,1,-0.2,rel::3/backend_6.jpg::fr
rel::3/backend_6.jpg,ja,independent,0.8,5,1,1,0.19999999999999996,rel::3/backend_6.jpg::ja
rel::3/backend_6.jpg,ru,independent,0.4,5,1,1,0.6,rel::3/backend_6.jpg::ru
rel::3/backend_6.jpg,th,independent,0.4,5,0,1,-0.4,rel::3/backend_6.jpg::th
rel::3/backend_6.jpg,zh,independent,0,5,0,1,0,rel::3/backend_6.jpg::zh
rel::3/backend_7.jpg,en,dependent,0,5,0,1,0,rel::3/backend_7.jpg::en
rel::3/backend_7.jpg,fr,dependent,0,5,0,1,0,rel::3/backend_7.jpg::fr
rel::3/backend_7.jpg,ja,dependent,0,5,0,1,0,rel::3/backend_7.jpg::ja
rel::3/backend_7.jpg,ru,dependent,0,5,0,1,0,rel::3/backend_7.jpg::ru
rel::3/backend_7.jpg,th,dependent,0,5,0,1,0,rel::3/backend_7.jpg::th
rel::3/backend_7.jpg,zh,dependent,0,5,0,1,0,rel::3/backend_7.jpg::zh
rel::3/backend_8.jpg,en,dependent,0.8,5,1,1,0.19999999999999996,rel::3/backend_8.jpg::en
rel::3/backend_8.jpg,fr,dependent,1,5,1,1,0,rel::3/backend_8.jpg::fr
rel::3/backend_8.jpg,ja,dependent,1,5,1,1,0,rel::3/backend_8.jpg::ja
rel::3/backend_8.jpg,ru,dependent,0.6,5,1,1,0.4,rel::3/backend_8.jpg::ru
rel::3/backend_8.jpg,th,dependent,1,5,0,1,-1,rel::3/backend_8.jpg::th
rel::3/backend_8.jpg,zh,dependent,0.6,5,1,1,0.4,rel::3/backend_8.jpg::zh
rel::3/backend_9.jpg,en,dependent,1,5,1,1,0,rel::3/backend_9.jpg::en
rel::3/backend_9.jpg,fr,dependent,1,5,1,1,0,rel::3/backend_9.jpg::fr
rel::3/backend_9.jpg,ja,dependent,1,5,1,1,0,rel::3/backend_9.jpg::ja
rel::3/backend_9.jpg,ru,dependent,1,5,1,1,0,rel::3/backend_9.jpg::ru
rel::3/backend_9.jpg,th,dependent,1,5,1,1,0,rel::3/backend_9.jpg::th
rel::3/backend_9.jpg,zh,dependent,1,5,1,1,0,rel::3/backend_9.jpg::zh
rel::3/calendar_1.jpg,en,dependent,0.6,5,1,1,0.4,rel::3/calendar_1.jpg::en
rel::3/calendar_1.jpg,fr,dependent,0.6,5,1,1,0.4,rel::3/calendar_1.jpg::fr
rel::3/calendar_1.jpg,ja,dependent,0.2,5,1,1,0.8,rel::3/calendar_1.jpg::ja
rel::3/calendar_1.jpg,ru,dependent,0,5,1,1,1,rel::3/calendar_1.jpg::ru
rel::3/calendar_1.jpg,th,dependent,0,5,0,1,0,rel::3/calendar_1.jpg::th
rel::3/calendar_1.jpg,zh,dependent,0.4,5,1,1,0.6,rel::3/calendar_1.jpg::zh
rel::3/calendar_2.jpg,en,dependent,0.8,5,1,1,0.19999999999999996,rel::3/calendar_2.jpg::en
rel::3/calendar_2.jpg,fr,dependent,0.8,5,1,1,0.19999999999999996,rel::3/calendar_2.jpg::fr
rel::3/calendar_2.jpg,ja,dependent,0.6,5,1,1,0.4,rel::3/calendar_2.jpg::ja
rel::3/calendar_2.jpg,ru,dependent,0.4,5,1,1,0.6,rel::3/calendar_2.jpg::ru
rel::3/calendar_2.jpg,th,dependent,0.8,5,0,1,-0.8,rel::3/calendar_2.jpg::th
rel::3/calendar_2.jpg,zh,dependent,0.8,5,1,1,0.19999999999999996,rel::3/calendar_2.jpg::zh
rel::3/calendar_3.jpg,en,independent,0.2,5,0,1,-0.2,rel::3/calendar_3.jpg::en
rel::3/calendar_3.jpg,fr,independent,0.2,5,0,1,-0.2,rel::3/calendar_3.jpg::fr
rel::3/calendar_3.jpg,ja,independent,0.2,5,1,1,0.8,rel::3/calendar_3.jpg::ja
rel::3/calendar_3.jpg,ru,independent,0.2,5,1,1,0.8,rel::3/calendar_3.jpg::ru
rel::3/calendar_3.jpg,th,independent,0.6,5,0,1,-0.6,rel::3/calendar_3.jpg::th
rel::3/calendar_3.jpg,zh,independent,0.6,5,0,1,-0.6,rel::3/calendar_3.jpg::zh
rel::3/calendar_4.jpg,en,dependent,1,5,1,1,0,rel::3/calendar_4.jpg::en
rel::3/calendar_4.jpg,fr,dependent,1,5,1,1,0,rel::3/calendar_4.jpg::fr
rel::3/calendar_4.jpg,ja,dependent,1,5,1,1,0,rel::3/calendar_4.jpg::ja
rel::3/calendar_4.jpg,ru,dependent,1,5,1,1,0,rel::3/calendar_4.jpg::ru
rel::3/calendar_4.jpg,th,dependent,1,5,1,1,0,rel::3/calendar_4.jpg::th
rel::3/calendar_4.jpg,zh,dependent,1,5,1,1,0,rel::3/calendar_4.jpg::zh
rel::3/calendar_5.jpg,en,dependent,0.2,5,0,1,-0.2,rel::3/calendar_5.jpg::en
rel::3/calendar_5.jpg,fr,dependent,0.4,5,0,1,-0.4,rel::3/calendar_5.jpg::fr
rel::3/calendar_5.jpg,ja,dependent,0.6,5,0,1,-0.6,rel::3/calendar_5.jpg::ja
rel::3/calendar_5.jpg,ru,dependent,0.4,5,0,1,-0.4,rel::3/calendar_5.jpg::ru
rel::3/calendar_5.jpg,th,dependent,1,5,0,1,-1,rel::3/calendar_5.jpg::th
rel::3/calendar_5.jpg,zh,dependent,0.4,5,0,1,-0.4,rel::3/calendar_5.jpg::zh
rel::3/clock_1.jpg,en,independent,0.6,5,1,1,0.4,rel::3/clock_1.jpg::en
rel::3/clock_1.jpg,fr,independent,0.8,5,1,1,0.19999999999999996,rel::3/clock_1.jpg::fr
rel::3/clock_1.jpg,ja,independent,1,5,0,1,-1,rel::3/clock_1.jpg::ja
rel::3/clock_1.jpg,ru,independent,0.8,5,1,1,0.19999999999999996,rel::3/clock_1.jpg::ru
rel::3/clock_1.jpg,th,independent,0.8,5,0,1,-0.8,rel::3/clock_1.jpg::th
rel::3/clock_1.jpg,zh,independent,0.8,5,1,1,0.19999999999999996,rel::3/clock_1.jpg::zh
rel::3/clock_10.jpg,en,dependent,0.8,5,1,1,0.19999999999999996,rel::3/clock_10.jpg::en
rel::3/clock_10.jpg,fr,dependent,0.8,5,1,1,0.19999999999999996,rel::3/clock_10.jpg::fr
rel::3/clock_10.jpg,ja,dependent,0.8,5,1,1,0.19999999999999996,rel::3/clock_10.jpg::ja
rel::3/clock_10.jpg,ru,dependent,0.8,5,1,1,0.19999999999999996,rel::3/clock_10.jpg::ru
rel::3/clock_10.jpg,th,dependent,0.6,5,1,1,0.4,rel::3/clock_10.jpg::th
rel::3/clock_10.jpg,zh,dependent,0.6,5,1,1,0.4,rel::3/clock_10.jpg::zh
rel::3/clock_2.jpg,en,dependent,0,5,0,1,0,rel::3/clock_2.jpg::en
rel::3/clock_2.jpg,fr,dependent,0,5,0,1,0,rel::3/clock_2.jpg::fr
rel::3/clock_2.jpg,ja,dependent,0,5,0,1,0,rel::3/clock_2.jpg::ja
rel::3/clock_2.jpg,ru,dependent,0,5,0,1,0,rel::3/clock_2.jpg::ru
rel::3/clock_2.jpg,th,dependent,0,5,0,1,0,rel::3/clock_2.jpg::th
rel::3/clock_2.jpg,zh,dependent,0.2,5,0,1,-0.2,rel::3/clock_2.jpg::zh
rel::3/clock_3.jpg,en,dependent,0.8,5,1,1,0.19999999999999996,rel::3/clock_3.jpg::en
rel::3/clock_3.jpg,fr,dependent,0.8,5,1,1,0.19999999999999996,rel::3/clock_3.jpg::fr
rel::3/clock_3.jpg,ja,dependent,0.6,5,1,1,0.4,rel::3/clock_3.jpg::ja
rel::3/clock_3.jpg,ru,dependent,0,5,1,1,1,rel::3/clock_3.jpg::ru
rel::3/clock_3.jpg,th,dependent,0,5,0,1,0,rel::3/clock_3.jpg::th
rel::3/clock_3.jpg,zh,dependent,0.4,5,1,1,0.6,rel::3/clock_3.jpg::zh
rel::3/clock_4.jpg,en,dependent,1,5,1,1,0,rel::3/clock_4.jpg::en
rel::3/clock_4.jpg,fr,dependent,1,5,1,1,0,rel::3/clock_4.jpg::fr
rel::3/clock_4.jpg,ja,dependent,1,5,1,1,0,rel::3/clock_4.jpg::ja
rel::3/clock_4.jpg,ru,dependent,0,5,1,1,1,rel::3/clock_4.jpg::ru
rel::3/clock_4.jpg,th,dependent,0,5,0,1,0,rel::3/clock_4.jpg::th
rel::3/clock_4.jpg,zh,dependent,0.8,5,1,1,0.19999999999999996,rel::3/clock_4.jpg::zh
rel::3/clock_5.jpg,en,dependent,1,5,1,1,0,rel::3/clock_5.jpg::en
rel::3/clock_5.jpg,fr,dependent,0.6,5,1,1,0.4,rel::3/clock_5.jpg::fr
rel::3/clock_5.jpg,ja,dependent,0.8,5,1,1,0.19999999999999996,rel::3/clock_5.jpg::ja
rel::3/clock_5.jpg,ru,dependent,0.4,5,1,1,0.6,rel::3/clock_5.jpg::ru
rel::3/clock_5.jpg,th,dependent,0,5,0,1,0,rel::3/clock_5.jpg::th
rel::3/clock_5.jpg,zh,dependent,1,5,1,1,0,rel::3/clock_5.jpg::zh
rel::3/clock_6.jpg,en,dependent,1,5,1,1,0,rel::3/clock_6.jpg::en
rel::3/clock_6.jpg,fr,dependent,1,5,1,1,0,rel::3/clock_6.jpg::fr
rel::3/clock_6.jpg,ja,dependent,0.8,5,1,1,0.19999999999999996,rel::3/clock_6.jpg::ja
rel::3/clock_6.jpg,ru,dependent,1,5,1,1,0,rel::3/clock_6.jpg::ru
rel::3/clock_6.jpg,th,dependent,1,5,1,1,0,rel::3/clock_6.jpg::th
rel::3/clock_6.jpg,zh,dependent,0.8,5,1,1,0.19999999999999996,rel::3/clock_6.jpg::zh
rel::3/clock_7.jpg,en,dependent,0.6,5,1,1,0.4,rel::3/clock_7.jpg::en
rel::3/clock_7.jpg,fr,dependent,0,5,0,1,0,rel::3/clock_7.jpg::fr
rel::3/clock_7.jpg,ja,dependent,1,5,1,1,0,rel::3/clock_7.jpg::ja
rel::3/clock_7.jpg,ru,dependent,0,5,1,1,1,rel::3/clock_7.jpg::ru
rel::3/clock_7.jpg,th,dependent,0,5,0,1,0,rel::3/clock_7.jpg::th
rel::3/clock_7.jpg,zh,dependent,0.4,5,1,1,0.6,rel::3/clock_7.jpg::zh
rel::3/clock_8.jpg,en,independent,0.2,5,0,1,-0.2,rel::3/clock_8.jpg::en
rel::3/clock_8.jpg,fr,independent,0,5,1,1,1,rel::3/clock_8.jpg::fr
rel::3/clock_8.jpg,ja,independent,0.2,5,0,1,-0.2,rel::3/clock_8.jpg::ja
rel::3/clock_8.jpg,ru,independent,0.2,5,0,1,-0.2,rel::3/clock_8.jpg::ru
rel::3/clock_8.jpg,th,independent,0.2,5,0,1,-0.2,rel::3/clock_8.jpg::th
rel::3/clock_8.jpg,zh,independent,0.2,5,0,1,-0.2,rel::3/clock_8.jpg::zh
rel::3/clock_9.jpg,en,dependent,0,5,0,1,0,rel::3/clock_9.jpg::en
rel::3/clock_9.jpg,fr,dependent,0,5,0,1,0,rel::3/clock_9.jpg::fr
rel::3/clock_9.jpg,ja,dependent,0,5,0,1,0,rel::3/clock_9.jpg::ja
rel::3/clock_9.jpg,ru,dependent,0,5,0,1,0,rel::3/clock_9.jpg::ru
rel::3/clock_9.jpg,th,dependent,0,5,0,1,0,rel::3/clock_9.jpg::th
rel::3/clock_9.jpg,zh,dependent,0,5,1,1,1,rel::3/clock_9.jpg::zh
rel::3/homescreen_1.jpg,en,independent,0,5,0,1,0,rel::3/homescreen_1.jpg::en
rel::3/homescreen_1.jpg,fr,independent,0,5,0,1,0,rel::3/homescreen_1.jpg::fr
rel::3/homescreen_1.jpg,ja,independent,0,5,0,1,0,rel::3/homescreen_1.jpg::ja
rel::3/homescreen_1.jpg,ru,independent,0,5,0,1,0,rel::3/homescreen_1.jpg::ru
rel::3/homescreen_1.jpg,th,independent,0,5,0,1,0,rel::3/homescreen_1.jpg::th
rel::3/homescreen_1.jpg,zh,independent,0,5,0,1,0,rel::3/homescreen_1.jpg::zh
rel::3/homescreen_10.jpg,en,dependent,0.4,5,1,1,0.6,rel::3/homescreen_10.jpg::en
rel::3/homescreen_10.jpg,fr,dependent,0.4,5,0,1,-0.4,rel::3/homescreen_10.jpg::fr
rel::3/homescreen_10.jpg,ja,dependent,0.6,5,0,1,-0.6,rel::3/homescreen_10.jpg::ja
rel::3/homescreen_10.jpg,ru,dependent,0.4,5,1,1,0.6,rel::3/homescreen_10.jpg::ru
rel::3/homescreen_10.jpg,th,dependent,0.6,5,0,1,-0.6,rel::3/homescreen_10.jpg::th
rel::3/homescreen_10.jpg,zh,dependent,0.4,5,1,1,0.6,rel::3/homescreen_10.jpg::zh
rel::3/homescreen_2.jpg,en,independent,1,5,1,1,0,rel::3/homescreen_2.jpg::en
rel::3/homescreen_2.jpg,fr,independent,1,5,1,1,0,rel::3/homescreen_2.jpg::fr
rel::3/homescreen_2.jpg,ja,independent,0.2,5,1,1,0.8,rel::3/homescreen_2.jpg::ja
rel::3/homescreen_2.jpg,ru,independent,1,5,1,1,0,rel::3/homescreen_2.jpg::ru
rel::3/homescreen_2.jpg,th,independent,1,5,1,1,0,rel::3/homescreen_2.jpg::th
rel::3/homescreen_2.jpg,zh,independent,0.4,5,0,1,-0.4,rel::3/homescreen_2.jpg::zh
rel::3/homescreen_3.jpg,en,dependent,0.8,5,1,1,0.19999999999999996,rel::3/homescreen_3.jpg::en
rel::3/homescreen_3.jpg,fr,dependent,1,5,1,1,0,rel::3/homescreen_3.jpg::fr
rel::3/homescreen_3.jpg,ja,dependent,1,5,1,1,0,rel::3/homescreen_3.jpg::ja
rel::3/homescreen_3.jpg,ru,dependent,1,5,1,1,0,rel::3/homescreen_3.jpg::ru
rel::3/homescreen_3.jpg,th,dependent,0.8,5,1,1,0.19999999999999996,rel::3/homescreen_3.jpg::th
rel::3/homescreen_3.jpg,zh,dependent,1,5,1,1,0,rel::3/homescreen_3.jpg::zh
rel::3/homescreen_4.jpg,en,independent,1,5,1,1,0,rel::3/homescreen_4.jpg::en
rel::3/homescreen_4.jpg,fr,independent,0.8,5,1,1,0.19999999999999996,rel::3/homescreen_4.jpg::fr
rel::3/homescreen_4.jpg,ja,independent,1,5,0,1,-1,rel::3/homescreen_4.jpg::ja
rel::3/homescreen_4.jpg,ru,independent,1,5,1,1,0,rel::3/homescreen_4.jpg::ru
rel::3/homescreen_4.jpg,th,independent,1,5,1,1,0,rel::3/homescreen_4.jpg::th
rel::3/homescreen_4.jpg,zh,independent,1,5,1,1,0,rel::3/homescreen_4.jpg::zh
rel::3/homescreen_5.jpg,en,dependent,0.4,5,1,1,0.6,rel::3/homescreen_5.jpg::en
rel::3/homescreen_5.jpg,fr,dependent,0.4,5,1,1,0.6,rel::3/homescreen_5.jpg::fr
rel::3/homescreen_5.jpg,ja,dependent,0.8,5,1,1,0.19999999999999996,rel::3/homescreen_5.jpg::ja
rel::3/homescreen_5.jpg,ru,dependent,0.8,5,1,1,0.19999999999999996,rel::3/homescreen_5.jpg::ru
rel::3/homescreen_5.jpg,th,dependent,0.8,5,0,1,-0.8,rel::3/homescreen_5.jpg::th
rel::3/homescreen_5.jpg,zh,dependent,0.4,5,1,1,0.6,rel::3/homescreen_5.jpg::zh
rel::3/homescreen_6.jpg,en,dependent,0.2,5,0,1,-0.2,rel::3/homescreen_6.jpg::en
rel::3/homescreen_6.jpg,fr,dependent,0,5,1,1,1,rel::3/homescreen_6.jpg::fr
rel::3/homescreen_6.jpg,ja,dependent,0.2,5,0,1,-0.2,rel::3/homescreen_6.jpg::ja
rel::3/homescreen_6.jpg,ru,dependent,0.4,5,0,1,-0.4,rel::3/homescreen_6.jpg::ru
rel::3/homescreen_6.jpg,th,dependent,0.2,5,1,1,0.8,rel::3/homescreen_6.jpg::th
rel::3/homescreen_6.jpg,zh,dependent,0.4,5,0,1,-0.4,rel::3/homescreen_6.jpg::zh
rel::3/homescreen_7.jpg,en,dependent,0,5,0,1,0,rel::3/homescreen_7.jpg::en
rel::3/homescreen_7.jpg,fr,dependent,0,5,0,1,0,rel::3/homescreen_7.jpg::fr
rel::3/homescreen_7.jpg,ja,dependent,0,5,0,1,0,rel::3/homescreen_7.jpg::ja
rel::3/homescreen_7.jpg,ru,dependent,0,5,0,1,0,rel::3/homescreen_7.jpg::ru
rel::3/homescreen_7.jpg,th,dependent,0,5,0,1,0,rel::3/homescreen_7.jpg::th
rel::3/homescreen_7.jpg,zh,dependent,0,5,0,1,0,rel::3/homescreen_7.jpg::zh
rel::3/homescreen_8.jpg,en,dependent,0.6,5,0,1,-0.6,rel::3/homescreen_8.jpg::en
rel::3/homescreen_8.jpg,fr,dependent,0,5,1,1,1,rel::3/homescreen_8.jpg::fr
rel::3/homescreen_8.jpg,ja,dependent,0.2,5,0,1,-0.2,rel::3/homescreen_8.jpg::ja
rel::3/homescreen_8.jpg,ru,dependent,0.6,5,1,1,0.4,rel::3/homescreen_8.jpg::ru
rel::3/homescreen_8.jpg,th,dependent,0.4,5,0,1,-0.4,rel::3/homescreen_8.jpg::th
rel::3/homescreen_8.jpg,zh,dependent,0.6,5,1,1,0.4,rel::3/homescreen_8.jpg::zh
rel::3/homescreen_9.jpg,en,dependent,0.4,5,1,1,0.6,rel::3/homescreen_9.jpg::en
rel::3/homescreen_9.jpg,fr,dependent,0,5,1,1,1,rel::3/homescreen_9.jpg::fr
rel::3/homescreen_9.jpg,ja,dependent,0,5,0,1,0,rel::3/homescreen_9.jpg::ja
rel::3/homescreen_9.jpg,ru,dependent,0,5,1,1,1,rel::3/homescreen_9.jpg::ru
rel::3/homescreen_9.jpg,th,dependent,0,5,0,1,0,rel::3/homescreen_9.jpg::th
rel::3/homescreen_9.jpg,zh,dependent,0,5,0,1,0,rel::3/homescreen_9.jpg::zh
rel::3/map_1.jpg,en,dependent,0.6,5,1,1,0.4,rel::3/map_1.jpg::en
rel::3/map_1.jpg,fr,dependent,0.6,5,1,1,0.4,rel::3/map_1.jpg::fr
rel::3/map_1.jpg,ja,dependent,0.4,5,1,1,0.6,rel::3/map_1.jpg::ja
rel::3/map_1.jpg,ru,dependent,0.2,5,0,1,-0.2,rel::3/map_1.jpg::ru
rel::3/map_1.jpg,th,dependent,0.4,5,0,1,-0.4,rel::3/map_1.jpg::th
rel::3/map_1.jpg,zh,dependent,0.6,5,1,1,0.4,rel::3/map_1.jpg::zh
rel::3/map_10.jpg,en,dependent,0.8,5,1,1,0.19999999999999996,rel::3/map_10.jpg::en
rel::3/map_10.jpg,fr,dependent,0.6,5,1,1,0.4,rel::3/map_10.jpg::fr
rel::3/map_10.jpg,ja,dependent,0.8,5,1,1,0.19999999999999996,rel::3/map_10.jpg::ja
rel::3/map_10.jpg,ru,dependent,0.6,5,0,1,-0.6,rel::3/map_10.jpg::ru
rel::3/map_10.jpg,th,dependent,0.8,5,0,1,-0.8,rel::3/map_10.jpg::th
rel::3/map_10.jpg,zh,dependent,0.6,5,1,1,0.4,rel::3/map_10.jpg::zh
rel::3/map_2.jpg,en,dependent,0.6,5,1,1,0.4,rel::3/map_2.jpg::en
rel::3/map_2.jpg,fr,dependent,0.2,5,1,1,0.8,rel::3/map_2.jpg::fr
rel::3/map_2.jpg,ja,dependent,0,5,0,1,0,rel::3/map_2.jpg::ja
rel::3/map_2.jpg,ru,dependent,0.2,5,1,1,0.8,rel::3/map_2.jpg::ru
rel::3/map_2.jpg,th,dependent,0,5,0,1,0,rel::3/map_2.jpg::th
rel::3/map_2.jpg,zh,dependent,0,5,1,1,1,rel::3/map_2.jpg::zh
rel::3/map_3.jpg,en,dependent,0.6,5,1,1,0.4,rel::3/map_3.jpg::en
rel::3/map_3.jpg,fr,dependent,0.4,5,1,1,0.6,rel::3/map_3.jpg::fr
rel::3/map_3.jpg,ja,dependent,0.6,5,0,1,-0.6,rel::3/map_3.jpg::ja
rel::3/map_3.jpg,ru,dependent,0,5,0,1,0,rel::3/map_3.jpg::ru
rel::3/map_3.jpg,th,dependent,0,5,0,1,0,rel::3/map_3.jpg::th
rel::3/map_3.jpg,zh,dependent,0.4,5,1,1,0.6,rel::3/map_3.jpg::zh
rel::3/map_4.jpg,en,dependent,1,5,1,1,0,rel::3/map_4.jpg::en
rel::3/map_4.jpg,fr,dependent,0.6,5,1,1,0.4,rel::3/map_4.jpg::fr
rel::3/map_4.jpg,ja,dependent,1,5,1,1,0,rel::3/map_4.jpg::ja
rel::3/map_4.jpg,ru,dependent,0.4,5,1,1,0.6,rel::3/map_4.jpg::ru
rel::3/map_4.jpg,th,dependent,1,5,0,1,-1,rel::3/map_4.jpg::th
rel::3/map_4.jpg,zh,dependent,1,5,1,1,0,rel::3/map_4.jpg::zh
rel::3/map_5.jpg,en,dependent,0.8,5,1,1,0.19999999999999996,rel::3/map_5.jpg::en
rel::3/map_5.jpg,fr,dependent,0.4,5,1,1,0.6,rel::3/map_5.jpg::fr
rel::3/map_5.jpg,ja,dependent,0.2,5,1,1,0.8,rel::3/map_5.jpg::ja
rel::3/map_5.jpg,ru,dependent,0,5,1,1,1,rel::3/map_5.jpg::ru
rel::3/map_5.jpg,th,dependent,0,5,0,1,0,rel::3/map_5.jpg::th
rel::3/map_5.jpg,zh,dependent,0.6,5,1,1,0.4,rel::3/map_5.jpg::zh
rel::3/map_6.jpg,en,dependent,1,5,1,1,0,rel::3/map_6.jpg::en
rel::3/map_6.jpg,fr,dependent,0.8,5,1,1,0.19999999999999996,rel::3/map_6.jpg::fr
rel::3/map_6.jpg,ja,dependent,0.6,5,1,1,0.4,rel::3/map_6.jpg::ja
rel::3/map_6.jpg,ru,dependent,0.6,5,1,1,0.4,rel::3/map_6.jpg::ru
rel::3/map_6.jpg,th,dependent,0.6,5,0,1,-0.6,rel::3/map_6.jpg::th
rel::3/map_6.jpg,zh,dependent,0.8,5,1,1,0.19999999999999996,rel::3/map_6.jpg::zh
rel::3/map_7.jpg,en,dependent,0,5,1,1,1,rel::3/map_7.jpg::en
rel::3/map_7.jpg,fr,dependent,0,5,1,1,1,rel::3/map_7.jpg::fr
rel::3/map_7.jpg,ja,dependent,0,5,0,1,0,rel::3/map_7.jpg::ja
rel::3/map_7.jpg,ru,dependent,0,5,1,1,1,rel::3/map_7.jpg::ru
rel::3/map_7.jpg,th,dependent,0,5,0,1,0,rel::3/map_7.jpg::th
rel::3/map_7.jpg,zh,dependent,0,5,0,1,0,rel::3/map_7.jpg::zh
rel::3/map_8.jpg,en,dependent,0.4,5,0,1,-0.4,rel::3/map_8.jpg::en
rel::3/map_8.jpg,fr,dependent,0.2,5,1,1,0.8,rel::3/map_8.jpg::fr
rel::3/map_8.jpg,ja,dependent,0.4,5,1,1,0.6,rel::3/map_8.jpg::ja
rel::3/map_8.jpg,ru,dependent,0,5,0,1,0,rel::3/map_8.jpg::ru
rel::3/map_8.jpg,th,dependent,0.2,5,0,1,-0.2,rel::3/map_8.jpg::th
rel::3/map_8.jpg,zh,dependent,0.4,5,1,1,0.6,rel::3/map_8.jpg::zh
rel::3/map_9.jpg,en,dependent,0.6,5,0,1,-0.6,rel::3/map_9.jpg::en
rel::3/map_9.jpg,fr,dependent,0.4,5,1,1,0.6,rel::3/map_9.jpg::fr
rel::3/map_9.jpg,ja,dependent,0.6,5,1,1,0.4,rel::3/map_9.jpg::ja
rel::3/map_9.jpg,ru,dependent,0.6,5,1,1,0.4,rel::3/map_9.jpg::ru
rel::3/map_9.jpg,th,dependent,0.6,5,0,1,-0.6,rel::3/map_9.jpg::th
rel::3/map_9.jpg,zh,dependent,0.2,5,0,1,-0.2,rel::3/map_9.jpg::zh
rel::3/music_1.jpg,en,dependent,0.6,5,1,1,0.4,rel::3/music_1.jpg::en
rel::3/music_1.jpg,fr,dependent,0.6,5,1,1,0.4,rel::3/music_1.jpg::fr
rel::3/music_1.jpg,ja,dependent,0.6,5,1,1,0.4,rel::3/music_1.jpg::ja
rel::3/music_1.jpg,ru,dependent,0.8,5,0,1,-0.8,rel::3/music_1.jpg::ru
rel::3/music_1.jpg,th,dependent,0.6,5,0,1,-0.6,rel::3/music_1.jpg::th
rel::3/music_1.jpg,zh,dependent,0.6,5,1,1,0.4,rel::3/music_1.jpg::zh
rel::3/music_10.jpg,en,dependent,0.8,5,0,1,-0.8,rel::3/music_10.jpg::en
rel::3/music_10.jpg,fr,dependent,0.4,5,1,1,0.6,rel::3/music_10.jpg::fr
rel::3/music_10.jpg,ja,dependent,0.8,5,1,1,0.19999999999999996,rel::3/music_10.jpg::ja
rel::3/music_10.jpg,ru,dependent,0.8,5,1,1,0.19999999999999996,rel::3/music_10.jpg::ru
rel::3/music_10.jpg,th,dependent,0.4,5,0,1,-0.4,rel::3/music_10.jpg::th
rel::3/music_10.jpg,zh,dependent,0,5,1,1,1,rel::3/music_10.jpg::zh
rel::3/music_2.jpg,en,independent,0,5,0,1,0,rel::3/music_2.jpg::en
rel::3/music_2.jpg,fr,independent,0,5,0,1,0,rel::3/music_2.jpg::fr
rel::3/music_2.jpg,ja,independent,0,5,0,1,0,rel::3/music_2.jpg::ja
rel::3/music_2.jpg,ru,independent,0,5,0,1,0,rel::3/music_2.jpg::ru
rel::3/music_2.jpg,th,independent,0,5,0,1,0,rel::3/music_2.jpg::th
rel::3/music_2.jpg,zh,independent,0,5,0,1,0,rel::3/music_2.jpg::zh
rel::3/music_3.jpg,en,dependent,1,5,1,1,0,rel::3/music_3.jpg::en
rel::3/music_3.jpg,fr,dependent,1,5,1,1,0,rel::3/music_3.jpg::fr
rel::3/music_3.jpg,ja,dependent,1,5,1,1,0,rel::3/music_3.jpg::ja
rel::3/music_3.jpg,ru,dependent,1,5,1,1,0,rel::3/music_3.jpg::ru
rel::3/music_3.jpg,th,dependent,1,5,1,1,0,rel::3/music_3.jpg::th
rel::3/music_3.jpg,zh,dependent,1,5,1,1,0,rel::3/music_3.jpg::zh
rel::3/music_4.jpg,en,dependent,0,5,0,1,0,rel::3/music_4.jpg::en
rel::3/music_4.jpg,fr,dependent,0,5,0,1,0,rel::3/music_4.jpg::fr
rel::3/music_4.jpg,ja,dependent,0,5,0,1,0,rel::3/music_4.jpg::ja
rel::3/music_4.jpg,ru,dependent,0,5,0,1,0,rel::3/music_4.jpg::ru
rel::3/music_4.jpg,th,dependent,0,5,0,1,0,rel::3/music_4.jpg::th
rel::3/music_4.jpg,zh,dependent,0,5,0,1,0,rel::3/music_4.jpg::zh
rel::3/music_5.jpg,en,dependent,0.2,5,0,1,-0.2,rel::3/music_5.jpg::en
rel::3/music_5.jpg,fr,dependent,0,5,1,1,1,rel::3/music_5.jpg::fr
rel::3/music_5.jpg,ja,dependent,0.2,5,0,1,-0.2,rel::3/music_5.jpg::ja
rel::3/music_5.jpg,ru,dependent,0.6,5,0,1,-0.6,rel::3/music_5.jpg::ru
rel::3/music_5.jpg,th,dependent,0.2,5,0,1,-0.2,rel::3/music_5.jpg::th
rel::3/music_5.jpg,zh,dependent,0.2,5,0,1,-0.2,rel::3/music_5.jpg::zh
rel::3/music_6.jpg,en,independent,1,5,1,1,0,rel::3/music_6.jpg::en
rel::3/music_6.jpg,fr,independent,1,5,1,1,0,rel::3/music_6.jpg::fr
rel::3/music_6.jpg,ja,independent,1,5,1,1,0,rel::3/music_6.jpg::ja
rel::3/music_6.jpg,ru,independent,1,5,1,1,0,rel::3/music_6.jpg::ru
rel::3/music_6.jpg,th,independent,1,5,1,1,0,rel::3/music_6.jpg::th
rel::3/music_6.jpg,zh,independent,1,5,1,1,0,rel::3/music_6.jpg::zh
rel::3/music_7.jpg,en,dependent,0.8,5,1,1,0.19999999999999996,rel::3/music_7.jpg::en
rel::3/music_7.jpg,fr,dependent,0.8,5,1,1,0.19999999999999996,rel::3/music_7.jpg::fr
rel::3/music_7.jpg,ja,dependent,0.6,5,1,1,0.4,rel::3/music_7.jpg::ja
rel::3/music_7.jpg,ru,dependent,0.8,5,1,1,0.19999999999999996,rel::3/music_7.jpg::ru
rel::3/music_7.jpg,th,dependent,0.4,5,0,1,-0.4,rel::3/music_7.jpg::th
rel::3/music_7.jpg,zh,dependent,0.6,5,1,1,0.4,rel::3/music_7.jpg::zh
rel::3/music_8.jpg,en,dependent,0,5,0,1,0,rel::3/music_8.jpg::en
rel::3/music_8.jpg,fr,dependent,0.2,5,1,1,0.8,rel::3/music_8.jpg::fr
rel::3/music_8.jpg,ja,dependent,0.2,5,0,1,-0.2,rel::3/music_8.jpg::ja
rel::3/music_8.jpg,ru,dependent,0.2,5,1,1,0.8,rel::3/music_8.jpg::ru
rel::3/music_8.jpg,th,dependent,0,5,1,1,1,rel::3/music_8.jpg::th
rel::3/music_8.jpg,zh,dependent,0,5,0,1,0,rel::3/music_8.jpg::zh
rel::3/music_9.jpg,en,dependent,1,5,1,1,0,rel::3/music_9.jpg::en
rel::3/music_9.jpg,fr,dependent,1,5,1,1,0,rel::3/music_9.jpg::fr
rel::3/music_9.jpg,ja,dependent,1,5,1,1,0,rel::3/music_9.jpg::ja
rel::3/music_9.jpg,ru,dependent,1,5,1,1,0,rel::3/music_9.jpg::ru
rel::3/music_9.jpg,th,dependent,0.8,5,1,1,0.19999999999999996,rel::3/music_9.jpg::th
rel::3/music_9.jpg,zh,dependent,1,5,1,1,0,rel::3/music_9.jpg::zh
rel::3/note_1.jpg,en,independent,0.8,5,1,1,0.19999999999999996,rel::3/note_1.jpg::en
rel::3/note_1.jpg,fr,independent,0.8,5,1,1,0.19999999999999996,rel::3/note_1.jpg::fr
rel::3/note_1.jpg,ja,independent,0.6,5,1,1,0.4,rel::3/note_1.jpg::ja
rel::3/note_1.jpg,ru,independent,0.8,5,0,1,-0.8,rel::3/note_1.jpg::ru
rel::3/note_1.jpg,th,independent,0.8,5,0,1,-0.8,rel::3/note_1.jpg::th
rel::3/note_1.jpg,zh,independent,0.8,5,1,1,0.19999999999999996,rel::3/note_1.jpg::zh
rel::3/note_10.jpg,en,dependent,0.8,5,1,1,0.19999999999999996,rel::3/note_10.jpg::en
rel::3/note_10.jpg,fr,dependent,0,5,1,1,1,rel::3/note_10.jpg::fr
rel::3/note_10.jpg,ja,dependent,0.6,5,1,1,0.4,rel::3/note_10.jpg::ja
rel::3/note_10.jpg,ru,dependent,0.6,5,1,1,0.4,rel::3/note_10.jpg::ru
rel::3/note_10.jpg,th,dependent,0.8,5,0,1,-0.8,rel::3/note_10.jpg::th
rel::3/note_10.jpg,zh,dependent,0.8,5,1,1,0.19999999999999996,rel::3/note_10.jpg::zh
rel::3/note_2.jpg,en,independent,0,5,1,1,1,rel::3/note_2.jpg::en
rel::3/note_2.jpg,fr,independent,0.2,5,0,1,-0.2,rel::3/note_2.jpg::fr
rel::3/note_2.jpg,ja,independent,0.2,5,0,1,-0.2,rel::3/note_2.jpg::ja
rel::3/note_2.jpg,ru,independent,0.2,5,0,1,-0.2,rel::3/note_2.jpg::ru
rel::3/note_2.jpg,th,independent,0.2,5,0,1,-0.2,rel::3/note_2.jpg::th
rel::3/note_2.jpg,zh,independent,0.2,5,0,1,-0.2,rel::3/note_2.jpg::zh
rel::3/note_3.jpg,en,independent,0.4,5,0,1,-0.4,rel::3/note_3.jpg::en
rel::3/note_3.jpg,fr,independent,0.4,5,0,1,-0.4,rel::3/note_3.jpg::fr
rel::3/note_3.jpg,ja,independent,0.2,5,1,1,0.8,rel::3/note_3.jpg::ja
rel::3/note_3.jpg,ru,independent,0.4,5,0,1,-0.4,rel::3/note_3.jpg::ru
rel::3/note_3.jpg,th,independent,0.2,5,1,1,0.8,rel::3/note_3.jpg::th
rel::3/note_3.jpg,zh,independent,0.4,5,0,1,-0.4,rel::3/note_3.jpg::zh
rel::3/note_4.jpg,en,dependent,0.6,5,1,1,0.4,rel::3/note_4.jpg::en
rel::3/note_4.jpg,fr,dependent,0.2,5,0,1,-0.2,rel::3/note_4.jpg::fr
rel::3/note_4.jpg,ja,dependent,0.8,5,1,1,0.19999999999999996,rel::3/note_4.jpg::ja
rel::3/note_4.jpg,ru,dependent,0,5,0,1,0,rel::3/note_4.jpg::ru
rel::3/note_4.jpg,th,dependent,0.2,5,0,1,-0.2,rel::3/note_4.jpg::th
rel::3/note_4.jpg,zh,dependent,0.4,5,1,1,0.6,rel::3/note_4.jpg::zh
rel::3/note_5.jpg,en,dependent,0.6,5,1,1,0.4,rel::3/note_5.jpg::en
rel::3/note_5.jpg,fr,dependent,0.6,5,1,1,0.4,rel::3/note_5.jpg::fr
rel::3/note_5.jpg,ja,dependent,0.8,5,1,1,0.19999999999999996,rel::3/note_5.jpg::ja
rel::3/note_5.jpg,ru,dependent,0.8,5,0,1,-0.8,rel::3/note_5.jpg::ru
rel::3/note_5.jpg,th,dependent,0.8,5,0,1,-0.8,rel::3/note_5.jpg::th
rel::3/note_5.jpg,zh,dependent,0.8,5,1,1,0.19999999999999996,rel::3/note_5.jpg::zh
rel::3/note_6.jpg,en,independent,1,5,1,1,0,rel::3/note_6.jpg::en
rel::3/note_6.jpg,fr,independent,1,5,1,1,0,rel::3/note_6.jpg::fr
rel::3/note_6.jpg,ja,independent,1,5,1,1,0,rel::3/note_6.jpg::ja
rel::3/note_6.jpg,ru,independent,1,5,1,1,0,rel::3/note_6.jpg::ru
rel::3/note_6.jpg,th,independent,1,5,1,1,0,rel::3/note_6.jpg::th
rel::3/note_6.jpg,zh,independent,1,5,1,1,0,rel::3/note_6.jpg::zh
rel::3/note_7.jpg,en,dependent,0.4,5,1,1,0.6,rel::3/note_7.jpg::en
rel::3/note_7.jpg,fr,dependent,0.4,5,0,1,-0.4,rel::3/note_7.jpg::fr
rel::3/note_7.jpg,ja,dependent,0.2,5,1,1,0.8,rel::3/note_7.jpg::ja
rel::3/note_7.jpg,ru,dependent,0,5,0,1,0,rel::3/note_7.jpg::ru
rel::3/note_7.jpg,th,dependent,0.2,5,0,1,-0.2,rel::3/note_7.jpg::th
rel::3/note_7.jpg,zh,dependent,0,5,0,1,0,rel::3/note_7.jpg::zh
rel::3/note_8.jpg,en,dependent,0.8,5,1,1,0.19999999999999996,rel::3/note_8.jpg::en
rel::3/note_8.jpg,fr,dependent,1,5,1,1,0,rel::3/note_8.jpg::fr
rel::3/note_8.jpg,ja,dependent,0.8,5,1,1,0.19999999999999996,rel::3/note_8.jpg::ja
rel::3/note_8.jpg,ru,dependent,1,5,0,1,-1,rel::3/note_8.jpg::ru
rel::3/note_8.jpg,th,dependent,1,5,1,1,0,rel::3/note_8.jpg::th
rel::3/note_8.jpg,zh,dependent,0.8,5,1,1,0.19999999999999996,rel::3/note_8.jpg::zh
rel::3/note_9.jpg,en,dependent,0.6,5,0,1,-0.6,rel::3/note_9.jpg::en
rel::3/note_9.jpg,fr,dependent,0.4,5,0,1,-0.4,rel::3/note_9.jpg::fr
rel::3/note_9.jpg,ja,dependent,0.2,5,0,1,-0.2,rel::3/note_9.jpg::ja
rel::3/note_9.jpg,ru,dependent,0.2,5,1,1,0.8,rel::3/note_9.jpg::ru
rel::3/note_9.jpg,th,dependent,0.4,5,0,1,-0.4,rel::3/note_9.jpg::th
rel::3/note_9.jpg,zh,dependent,0.2,5,1,1,0.8,rel::3/note_9.jpg::zh
rel::3/settings_1.jpg,en,dependent,0.8,5,1,1,0.19999999999999996,rel::3/settings_1.jpg::en
rel::3/settings_1.jpg,fr,dependent,0.8,5,1,1,0.19999999999999996,rel::3/settings_1.jpg::fr
rel::3/settings_1.jpg,ja,dependent,0,5,0,1,0,rel::3/settings_1.jpg::ja
rel::3/settings_1.jpg,ru,dependent,0,5,1,1,1,rel::3/settings_1.jpg::ru
rel::3/settings_1.jpg,th,dependent,0,5,0,1,0,rel::3/settings_1.jpg::th
rel::3/settings_1.jpg,zh,dependent,0.6,5,1,1,0.4,rel::3/settings_1.jpg::zh
rel::3/settings_10.jpg,en,dependent,1,5,1,1,0,rel::3/settings_10.jpg::en
rel::3/settings_10.jpg,fr,dependent,1,5,1,1,0,rel::3/settings_10.jpg::fr
rel::3/settings_10.jpg,ja,dependent,1,5,1,1,0,rel::3/settings_10.jpg::ja
rel::3/settings_10.jpg,ru,dependent,1,5,1,1,0,rel::3/settings_10.jpg::ru
rel::3/settings_10.jpg,th,dependent,1,5,1,1,0,rel::3/settings_10.jpg::th
rel::3/settings_10.jpg,zh,dependent,1,5,1,1,0,rel::3/settings_10.jpg::zh
rel::3/settings_2.jpg,en,dependent,0.4,5,1,1,0.6,rel::3/settings_2.jpg::en
rel::3/settings_2.jpg,fr,dependent,0.2,5,0,1,-0.2,rel::3/settings_2.jpg::fr
rel::3/settings_2.jpg,ja,dependent,0,5,0,1,0,rel::3/settings_2.jpg::ja
rel::3/settings_2.jpg,ru,dependent,0,5,0,1,0,rel::3/settings_2.jpg::ru
rel::3/settings_2.jpg,th,dependent,0.2,5,0,1,-0.2,rel::3/settings_2.jpg::th
rel::3/settings_2.jpg,zh,dependent,0.2,5,1,1,0.8,rel::3/settings_2.jpg::zh
rel::3/settings_3.jpg,en,dependent,1,5,1,1,0,rel::3/settings_3.jpg::en
rel::3/settings_3.jpg,fr,dependent,1,5,1,1,0,rel::3/settings_3.jpg::fr
rel::3/settings_3.jpg,ja,dependent,1,5,0,1,-1,rel::3/settings_3.jpg::ja
rel::3/settings_3.jpg,ru,dependent,0.4,5,1,1,0.6,rel::3/settings_3.jpg::ru
rel::3/settings_3.jpg,th,dependent,0.2,5,0,1,-0.2,rel::3/settings_3.jpg::th
rel::3/settings_3.jpg,zh,dependent,1,5,1,1,0,rel::3/settings_3.jpg::zh
rel::3/settings_4.jpg,en,dependent,1,5,1,1,0,rel::3/settings_4.jpg::en
rel::3/settings_4.jpg,fr,dependent,0.8,5,1,1,0.19999999999999996,rel::3/settings_4.jpg::fr
rel::3/settings_4.jpg,ja,dependent,0.4,5,1,1,0.6,rel::3/settings_4.jpg::ja
rel::3/settings_4.jpg,ru,dependent,1,5,1,1,0,rel::3/settings_4.jpg::ru
rel::3/settings_4.jpg,th,dependent,0.2,5,0,1,-0.2,rel::3/settings_4.jpg::th
rel::3/settings_4.jpg,zh,dependent,0.8,5,1,1,0.19999999999999996,rel::3/settings_4.jpg::zh
rel::3/settings_5.jpg,en,dependent,0,5,1,1,1,rel::3/settings_5.jpg::en
rel::3/settings_5.jpg,fr,dependent,0,5,0,1,0,rel::3/settings_5.jpg::fr
rel::3/settings_5.jpg,ja,dependent,0,5,0,1,0,rel::3/settings_5.jpg::ja
rel::3/settings_5.jpg,ru,dependent,0,5,1,1,1,rel::3/settings_5.jpg::ru
rel::3/settings_5.jpg,th,dependent,0,5,0,1,0,rel::3/settings_5.jpg::th
rel::3/settings_5.jpg,zh,dependent,0,5,1,1,1,rel::3/settings_5.jpg::zh
rel::3/settings_6.jpg,en,dependent,0,5,0,1,0,rel::3/settings_6.jpg::en
rel::3/settings_6.jpg,fr,dependent,0,5,0,1,0,rel::3/settings_6.jpg::fr
rel::3/settings_6.jpg,ja,dependent,0,5,0,1,0,rel::3/settings_6.jpg::ja
rel::3/settings_6.jpg,ru,dependent,0,5,0,1,0,rel::3/settings_6.jpg::ru
rel::3/settings_6.jpg,th,dependent,0,5,0,1,0,rel::3/settings_6.jpg::th
rel::3/settings_6.jpg,zh,dependent,0,5,0,1,0,rel::3/settings_6.jpg::zh
rel::3/settings_7.jpg,en,dependent,0.4,5,1,1,0.6,rel::3/settings_7.jpg::en
rel::3/settings_7.jpg,fr,dependent,0.6,5,1,1,0.4,rel::3/settings_7.jpg::fr
rel::3/settings_7.jpg,ja,dependent,0.2,5,1,1,0.8,rel::3/settings_7.jpg::ja
rel::3/settings_7.jpg,ru,dependent,0.4,5,1,1,0.6,rel::3/settings_7.jpg::ru
rel::3/settings_7.jpg,th,dependent,0.4,5,1,1,0.6,rel::3/settings_7.jpg::th
rel::3/settings_7.jpg,zh,dependent,0.4,5,1,1,0.6,rel::3/settings_7.jpg::zh
rel::3/settings_8.jpg,en,dependent,0.4,5,0,1,-0.4,rel::3/settings_8.jpg::en
rel::3/settings_8.jpg,fr,dependent,0,5,1,1,1,rel::3/settings_8.jpg::fr
rel::3/settings_8.jpg,ja,dependent,0.2,5,0,1,-0.2,rel::3/settings_8.jpg::ja
rel::3/settings_8.jpg,ru,dependent,0.2,5,0,1,-0.2,rel::3/settings_8.jpg::ru
rel::3/settings_8.jpg,th,dependent,0,5,0,1,0,rel::3/settings_8.jpg::th
rel::3/settings_8.jpg,zh,dependent,0.2,5,1,1,0.8,rel::3/settings_8.jpg::zh
rel::3/settings_9.jpg,en,dependent,0.6,5,1,1,0.4,rel::3/settings_9.jpg::en
rel::3/settings_9.jpg,fr,dependent,0.6,5,1,1,0.4,rel::3/settings_9.jpg::fr
rel::3/settings_9.jpg,ja,dependent,0.2,5,1,1,0.8,rel::3/settings_9.jpg::ja
rel::3/settings_9.jpg,ru,dependent,0.2,5,1,1,0.8,rel::3/settings_9.jpg::ru
rel::3/settings_9.jpg,th,dependent,0,5,0,1,0,rel::3/settings_9.jpg::th
rel::3/settings_9.jpg,zh,dependent,0.2,5,1,1,0.8,rel::3/settings_9.jpg::zh
rel::4/Gmail_4.jpg,en,dependent,1,5,1,1,0,rel::4/Gmail_4.jpg::en
rel::4/Gmail_4.jpg,fr,dependent,0.6,5,1,1,0.4,rel::4/Gmail_4.jpg::fr
rel::4/Gmail_4.jpg,ja,dependent,0.2,5,1,1,0.8,rel::4/Gmail_4.jpg::ja
rel::4/Gmail_4.jpg,ru,dependent,1,5,1,1,0,rel::4/Gmail_4.jpg::ru
rel::4/Gmail_4.jpg,th,dependent,1,5,1,1,0,rel::4/Gmail_4.jpg::th
rel::4/Gmail_4.jpg,zh,dependent,0.8,5,1,1,0.19999999999999996,rel::4/Gmail_4.jpg::zh
rel::4/Gmail_5.jpg,en,dependent,0,5,0,1,0,rel::4/Gmail_5.jpg::en
rel::4/Gmail_5.jpg,fr,dependent,0.2,5,0,1,-0.2,rel::4/Gmail_5.jpg::fr
rel::4/Gmail_5.jpg,ja,dependent,0.2,5,0,1,-0.2,rel::4/Gmail_5.jpg::ja
rel::4/Gmail_5.jpg,ru,dependent,0,5,0,1,0,rel::4/Gmail_5.jpg::ru
rel::4/Gmail_5.jpg,th,dependent,0,5,1,1,1,rel::4/Gmail_5.jpg::th
rel::4/Gmail_5.jpg,zh,dependent,0.2,5,0,1,-0.2,rel::4/Gmail_5.jpg::zh
rel::4/Gmail_6.jpg,en,dependent,1,5,1,1,0,rel::4/Gmail_6.jpg::en
rel::4/Gmail_6.jpg,fr,dependent,1,5,1,1,0,rel::4/Gmail_6.jpg::fr
rel::4/Gmail_6.jpg,ja,dependent,1,5,1,1,0,rel::4/Gmail_6.jpg::ja
rel::4/Gmail_6.jpg,ru,dependent,0.6,5,1,1,0.4,rel::4/Gmail_6.jpg::ru
rel::4/Gmail_6.jpg,th,dependent,0.8,5,1,1,0.19999999999999996,rel::4/Gmail_6.jpg::th
rel::4/Gmail_6.jpg,zh,dependent,1,5,1,1,0,rel::4/Gmail_6.jpg::zh
rel::4/Gmail_8.jpg,en,dependent,0.4,5,1,1,0.6,rel::4/Gmail_8.jpg::en
rel::4/Gmail_8.jpg,fr,dependent,0.4,5,1,1,0.6,rel::4/Gmail_8.jpg::fr
rel::4/Gmail_8.jpg,ja,dependent,0.4,5,1,1,0.6,rel::4/Gmail_8.jpg::ja
rel::4/Gmail_8.jpg,ru,dependent,0,5,1,1,1,rel::4/Gmail_8.jpg::ru
rel::4/Gmail_8.jpg,th,dependent,0,5,0,1,0,rel::4/Gmail_8.jpg::th
rel::4/Gmail_8.jpg,zh,dependent,0.6,5,1,1,0.4,rel::4/Gmail_8.jpg::zh
rel::4/Gmail_9.jpg,en,dependent,1,5,1,1,0,rel::4/Gmail_9.jpg::en
rel::4/Gmail_9.jpg,fr,dependent,1,5,1,1,0,rel::4/Gmail_9.jpg::fr
rel::4/Gmail_9.jpg,ja,dependent,1,5,1,1,0,rel::4/Gmail_9.jpg::ja
rel::4/Gmail_9.jpg,ru,dependent,0,5,1,1,1,rel::4/Gmail_9.jpg::ru
rel::4/Gmail_9.jpg,th,dependent,0,5,0,1,0,rel::4/Gmail_9.jpg::th
rel::4/Gmail_9.jpg,zh,dependent,1,5,1,1,0,rel::4/Gmail_9.jpg::zh
rel::4/Youtube_1.jpg,en,dependent,1,5,1,1,0,rel::4/Youtube_1.jpg::en
rel::4/Youtube_1.jpg,fr,dependent,1,5,1,1,0,rel::4/Youtube_1.jpg::fr
rel::4/Youtube_1.jpg,ja,dependent,0.6,5,1,1,0.4,rel::4/Youtube_1.jpg::ja
rel::4/Youtube_1.jpg,ru,dependent,0.6,5,1,1,0.4,rel::4/Youtube_1.jpg::ru
rel::4/Youtube_1.jpg,th,dependent,0.2,5,0,1,-0.2,rel::4/Youtube_1.jpg::th
rel::4/Youtube_1.jpg,zh,dependent,1,5,1,1,0,rel::4/Youtube_1.jpg::zh
rel::4/Youtube_2.jpg,en,dependent,1,5,1,1,0,rel::4/Youtube_2.jpg::en
rel::4/Youtube_2.jpg,fr,dependent,1,5,1,1,0,rel::4/Youtube_2.jpg::fr
rel::4/Youtube_2.jpg,ja,dependent,1,5,1,1,0,rel::4/Youtube_2.jpg::ja
rel::4/Youtube_2.jpg,ru,dependent,1,5,1,1,0,rel::4/Youtube_2.jpg::ru
rel::4/Youtube_2.jpg,th,dependent,0,5,1,1,1,rel::4/Youtube_2.jpg::th
rel::4/Youtube_2.jpg,zh,dependent,1,5,1,1,0,rel::4/Youtube_2.jpg::zh
rel::4/Youtube_3.jpg,en,independent,0,5,0,1,0,rel::4/Youtube_3.jpg::en
rel::4/Youtube_3.jpg,fr,independent,0.2,5,0,1,-0.2,rel::4/Youtube_3.jpg::fr
rel::4/Youtube_3.jpg,ja,independent,0,5,0,1,0,rel::4/Youtube_3.jpg::ja
rel::4/Youtube_3.jpg,ru,independent,0,5,0,1,0,rel::4/Youtube_3.jpg::ru
rel::4/Youtube_3.jpg,th,independent,0,5,0,1,0,rel::4/Youtube_3.jpg::th
rel::4/Youtube_3.jpg,zh,independent,0,5,0,1,0,rel::4/Youtube_3.jpg::zh
rel::4/Youtube_4.jpg,en,dependent,0.8,5,1,1,0.19999999999999996,rel::4/Youtube_4.jpg::en
rel::4/Youtube_4.jpg,fr,dependent,0,5,1,1,1,rel::4/Youtube_4.jpg::fr
rel::4/Youtube_4.jpg,ja,dependent,0.2,5,1,1,0.8,rel::4/Youtube_4.jpg::ja
rel::4/Youtube_4.jpg,ru,dependent,0,5,1,1,1,rel::4/Youtube_4.jpg::ru
rel::4/Youtube_4.jpg,th,dependent,0,5,0,1,0,rel::4/Youtube_4.jpg::th
rel::4/Youtube_4.jpg,zh,dependent,0.6,5,1,1,0.4,rel::4/Youtube_4.jpg::zh
rel::4/Youtube_5.jpg,en,dependent,0,5,1,1,1,rel::4/Youtube_5.jpg::en
rel::4/Youtube_5.jpg,fr,dependent,0,5,1,1,1,rel::4/Youtube_5.jpg::fr
rel::4/Youtube_5.jpg,ja,dependent,0,5,0,1,0,rel::4/Youtube_5.jpg::ja
rel::4/Youtube_5.jpg,ru,dependent,0.4,5,0,1,-0.4,rel::4/Youtube_5.jpg::ru
rel::4/Youtube_5.jpg,th,dependent,0.8,5,0,1,-0.8,rel::4/Youtube_5.jpg::th
rel::4/Youtube_5.jpg,zh,dependent,0.2,5,0,1,-0.2,rel::4/Youtube_5.jpg::zh
rel::4/Youtube_7.jpg,en,dependent,1,5,1,1,0,rel::4/Youtube_7.jpg::en
rel::4/Youtube_7.jpg,fr,dependent,1,5,1,1,0,rel::4/Youtube_7.jpg::fr
rel::4/Youtube_7.jpg,ja,dependent,1,5,1,1,0,rel::4/Youtube_7.jpg::ja
rel::4/Youtube_7.jpg,ru,dependent,1,5,1,1,0,rel::4/Youtube_7.jpg::ru
rel::4/Youtube_7.jpg,th,dependent,1,5,1,1,0,rel::4/Youtube_7.jpg::th
rel::4/Youtube_7.jpg,zh,dependent,1,5,1,1,0,rel::4/Youtube_7.jpg::zh
rel::4/Youtube_8.jpg,en,dependent,0.8,5,1,1,0.19999999999999996,rel::4/Youtube_8.jpg::en
rel::4/Youtube_8.jpg,fr,dependent,0.8,5,1,1,0.19999999999999996,rel::4/Youtube_8.jpg::fr
rel::4/Youtube_8.jpg,ja,dependent,0.6,5,1,1,0.4,rel::4/Youtube_8.jpg::ja
rel::4/Youtube_8.jpg,ru,dependent,0.4,5,1,1,0.6,rel::4/Youtube_8.jpg::ru
rel::4/Youtube_8.jpg,th,dependent,0.2,5,0,1,-0.2,rel::4/Youtube_8.jpg::th
rel::4/Youtube_8.jpg,zh,dependent,0.8,5,1,1,0.19999999999999996,rel::4/Youtube_8.jpg::zh
rel::4/Youtube_9.jpg,en,dependent,1,5,1,1,0,rel::4/Youtube_9.jpg::en
rel::4/Youtube_9.jpg,fr,dependent,0.8,5,1,1,0.19999999999999996,rel::4/Youtube_9.jpg::fr
rel::4/Youtube_9.jpg,ja,dependent,0.8,5,1,1,0.19999999999999996,rel::4/Youtube_9.jpg::ja
rel::4/Youtube_9.jpg,ru,dependent,0.4,5,1,1,0.6,rel::4/Youtube_9.jpg::ru
rel::4/Youtube_9.jpg,th,dependent,0.2,5,0,1,-0.2,rel::4/Youtube_9.jpg::th
rel::4/Youtube_9.jpg,zh,dependent,1,5,1,1,0,rel::4/Youtube_9.jpg::zh
rel::4/google_play_10.jpg,en,dependent,1,5,1,1,0,rel::4/google_play_10.jpg::en
rel::4/google_play_10.jpg,fr,dependent,0.8,5,1,1,0.19999999999999996,rel::4/google_play_10.jpg::fr
rel::4/google_play_10.jpg,ja,dependent,0.8,5,0,1,-0.8,rel::4/google_play_10.jpg::ja
rel::4/google_play_10.jpg,ru,dependent,1,5,1,1,0,rel::4/google_play_10.jpg::ru
rel::4/google_play_10.jpg,th,dependent,0.6,5,1,1,0.4,rel::4/google_play_10.jpg::th
rel::4/google_play_10.jpg,zh,dependent,0.4,5,1,1,0.6,rel::4/google_play_10.jpg::zh
rel::4/google_play_3.jpg,en,dependent,0.6,5,0,1,-0.6,rel::4/google_play_3.jpg::en
rel::4/google_play_3.jpg,fr,dependent,0.2,5,1,1,0.8,rel::4/google_play_3.jpg::fr
rel::4/google_play_3.jpg,ja,dependent,0.8,5,1,1,0.19999999999999996,rel::4/google_play_3.jpg::ja
rel::4/google_play_3.jpg,ru,dependent,0.2,5,1,1,0.8,rel::4/google_play_3.jpg::ru
rel::4/google_play_3.jpg,th,dependent,0.2,5,0,1,-0.2,rel::4/google_play_3.jpg::th
rel::4/google_play_3.jpg,zh,dependent,0.6,5,1,1,0.4,rel::4/google_play_3.jpg::zh
rel::4/google_play_4.jpg,en,dependent,1,5,1,1,0,rel::4/google_play_4.jpg::en
rel::4/google_play_4.jpg,fr,dependent,0.8,5,1,1,0.19999999999999996,rel::4/google_play_4.jpg::fr
rel::4/google_play_4.jpg,ja,dependent,0.8,5,1,1,0.19999999999999996,rel::4/google_play_4.jpg::ja
rel::4/google_play_4.jpg,ru,dependent,0.6,5,1,1,0.4,rel::4/google_play_4.jpg::ru
rel::4/google_play_4.jpg,th,dependent,0.2,5,1,1,0.8,rel::4/google_play_4.jpg::th
rel::4/google_play_4.jpg,zh,dependent,0.4,5,1,1,0.6,rel::4/google_play_4.jpg::zh
rel::4/google_play_5.jpg,en,dependent,0.4,5,1,1,0.6,rel::4/google_play_5.jpg::en
rel::4/google_play_5.jpg,fr,dependent,0.2,5,1,1,0.8,rel::4/google_play_5.jpg::fr
rel::4/google_play_5.jpg,ja,dependent,0.4,5,0,1,-0.4,rel::4/google_play_5.jpg::ja
rel::4/google_play_5.jpg,ru,dependent,0,5,0,1,0,rel::4/google_play_5.jpg::ru
rel::4/google_play_5.jpg,th,dependent,0,5,0,1,0,rel::4/google_play_5.jpg::th
rel::4/google_play_5.jpg,zh,dependent,0,5,0,1,0,rel::4/google_play_5.jpg::zh
rel::4/google_play_6.jpg,en,dependent,0.8,5,1,1,0.19999999999999996,rel::4/google_play_6.jpg::en
rel::4/google_play_6.jpg,fr,dependent,0.8,5,1,1,0.19999999999999996,rel::4/google_play_6.jpg::fr
rel::4/google_play_6.jpg,ja,dependent,0.8,5,1,1,0.19999999999999996,rel::4/google_play_6.jpg::ja
rel::4/google_play_6.jpg,ru,dependent,0,5,0,1,0,rel::4/google_play_6.jpg::ru
rel::4/google_play_6.jpg,th,dependent,0,5,0,1,0,rel::4/google_play_6.jpg::th
rel::4/google_play_6.jpg,zh,dependent,1,5,1,1,0,rel::4/google_play_6.jpg::zh
rel::4/google_play_7.jpg,en,dependent,0.2,5,1,1,0.8,rel::4/google_play_7.jpg::en
rel::4/google_play_7.jpg,fr,dependent,0.2,5,1,1,0.8,rel::4/google_play_7.jpg::fr
rel::4/google_play_7.jpg,ja,dependent,0.4,5,1,1,0.6,rel::4/google_play_7.jpg::ja
rel::4/google_play_7.jpg,ru,dependent,0,5,0,1,0,rel::4/google_play_7.jpg::ru
rel::4/google_play_7.jpg,th,dependent,0,5,0,1,0,rel::4/google_play_7.jpg::th
rel::4/google_play_7.jpg,zh,dependent,0.4,5,0,1,-0.4,rel::4/google_play_7.jpg::zh
rel::4/google_play_8.jpg,en,dependent,0,5,0,1,0,rel::4/google_play_8.jpg::en
rel::4/google_play_8.jpg,fr,dependent,0,5,0,1,0,rel::4/google_play_8.jpg::fr
rel::4/google_play_8.jpg,ja,dependent,0,5,0,1,0,rel::4/google_play_8.jpg::ja
rel::4/google_play_8.jpg,ru,dependent,0,5,0,1,0,rel::4/google_play_8.jpg::ru
rel::4/google_play_8.jpg,th,dependent,0,5,0,1,0,rel::4/google_play_8.jpg::th
rel::4/google_play_8.jpg,zh,dependent,0,5,0,1,0,rel::4/google_play_8.jpg::zh
rel::4/twitter_1.jpg,en,dependent,0.8,5,1,1,0.19999999999999996,rel::4/twitter_1.jpg::en
rel::4/twitter_1.jpg,fr,dependent,0.6,5,1,1,0.4,rel::4/twitter_1.jpg::fr
rel::4/twitter_1.jpg,ja,dependent,0.8,5,1,1,0.19999999999999996,rel::4/twitter_1.jpg::ja
rel::4/twitter_1.jpg,ru,dependent,0.8,5,1,1,0.19999999999999996,rel::4/twitter_1.jpg::ru
rel::4/twitter_1.jpg,th,dependent,0,5,0,1,0,rel::4/twitter_1.jpg::th
rel::4/twitter_1.jpg,zh,dependent,0,5,0,1,0,rel::4/twitter_1.jpg::zh
rel::4/twitter_10.jpg,en,independent,1,5,1,1,0,rel::4/twitter_10.jpg::en
rel::4/twitter_10.jpg,fr,independent,1,5,1,1,0,rel::4/twitter_10.jpg::fr
rel::4/twitter_10.jpg,ja,independent,1,5,1,1,0,rel::4/twitter_10.jpg::ja
rel::4/twitter_10.jpg,ru,independent,0.8,5,1,1,0.19999999999999996,rel::4/twitter_10.jpg::ru
rel::4/twitter_10.jpg,th,independent,0.6,5,1,1,0.4,rel::4/twitter_10.jpg::th
rel::4/twitter_10.jpg,zh,independent,0.8,5,1,1,0.19999999999999996,rel::4/twitter_10.jpg::zh
rel::4/twitter_2.jpg,en,dependent,1,5,1,1,0,rel::4/twitter_2.jpg::en
rel::4/twitter_2.jpg,fr,dependent,0.6,5,0,1,-0.6,rel::4/twitter_2.jpg::fr
rel::4/twitter_2.jpg,ja,dependent,1,5,1,1,0,rel::4/twitter_2.jpg::ja
rel::4/twitter_2.jpg,ru,dependent,0.4,5,1,1,0.6,rel::4/twitter_2.jpg::ru
rel::4/twitter_2.jpg,th,dependent,0.8,5,0,1,-0.8,rel::4/twitter_2.jpg::th
rel::4/twitter_2.jpg,zh,dependent,0.6,5,1,1,0.4,rel::4/twitter_2.jpg::zh
rel::4/twitter_3.jpg,en,dependent,0.8,5,1,1,0.19999999999999996,rel::4/twitter_3.jpg::en
rel::4/twitter_3.jpg,fr,dependent,0.8,5,1,1,0.19999999999999996,rel::4/twitter_3.jpg::fr
rel::4/twitter_3.jpg,ja,dependent,0.2,5,1,1,0.8,rel::4/twitter_3.jpg::ja
rel::4/twitter_3.jpg,ru,dependent,0.4,5,0,1,-0.4,rel::4/twitter_3.jpg::ru
rel::4/twitter_3.jpg,th,dependent,0.6,5,0,1,-0.6,rel::4/twitter_3.jpg::th
rel::4/twitter_3.jpg,zh,dependent,0.4,5,0,1,-0.4,rel::4/twitter_3.jpg::zh
rel::4/twitter_4.jpg,en,dependent,0.6,5,1,1,0.4,rel::4/twitter_4.jpg::en
rel::4/twitter_4.jpg,fr,dependent,0,5,1,1,1,rel::4/twitter_4.jpg::fr
rel::4/twitter_4.jpg,ja,dependent,1,5,1,1,0,rel::4/twitter_4.jpg::ja
rel::4/twitter_4.jpg,ru,dependent,0.8,5,1,1,0.19999999999999996,rel::4/twitter_4.jpg::ru
rel::4/twitter_4.jpg,th,dependent,1,5,0,1,-1,rel::4/twitter_4.jpg::th
rel::4/twitter_4.jpg,zh,dependent,0.8,5,1,1,0.19999999999999996,rel::4/twitter_4.jpg::zh
rel::4/twitter_5.jpg,en,dependent,0,5,0,1,0,rel::4/twitter_5.jpg::en
rel::4/twitter_5.jpg,fr,dependent,0,5,0,1,0,rel::4/twitter_5.jpg::fr
rel::4/twitter_5.jpg,ja,dependent,0,5,0,1,0,rel::4/twitter_5.jpg::ja
rel::4/twitter_5.jpg,ru,dependent,0,5,0,1,0,rel::4/twitter_5.jpg::ru
rel::4/twitter_5.jpg,th,dependent,0,5,0,1,0,rel::4/twitter_5.jpg::th
rel::4/twitter_5.jpg,zh,dependent,0,5,0,1,0,rel::4/twitter_5.jpg::zh
rel::4/twitter_6.jpg,en,dependent,0.6,5,1,1,0.4,rel::4/twitter_6.jpg::en
rel::4/twitter_6.jpg,fr,dependent,0.8,5,1,1,0.19999999999999996,rel::4/twitter_6.jpg::fr
rel::4/twitter_6.jpg,ja,dependent,0,5,0,1,0,rel::4/twitter_6.jpg::ja
rel::4/twitter_6.jpg,ru,dependent,0.2,5,1,1,0.8,rel::4/twitter_6.jpg::ru
rel::4/twitter_6.jpg,th,dependent,0.2,5,0,1,-0.2,rel::4/twitter_6.jpg::th
rel::4/twitter_6.jpg,zh,dependent,0.6,5,1,1,0.4,rel::4/twitter_6.jpg::zh
rel::4/twitter_7.jpg,en,dependent,0.8,5,1,1,0.19999999999999996,rel::4/twitter_7.jpg::en
rel::4/twitter_7.jpg,fr,dependent,0.8,5,1,1,0.19999999999999996,rel::4/twitter_7.jpg::fr
rel::4/twitter_7.jpg,ja,dependent,0.6,5,1,1,0.4,rel::4/twitter_7.jpg::ja
rel::4/twitter_7.jpg,ru,dependent,0.6,5,0,1,-0.6,rel::4/twitter_7.jpg::ru
rel::4/twitter_7.jpg,th,dependent,0.4,5,0,1,-0.4,rel::4/twitter_7.jpg::th
rel::4/twitter_7.jpg,zh,dependent,0.8,5,1,1,0.19999999999999996,rel::4/twitter_7.jpg::zh
rel::4/twitter_8.jpg,en,dependent,0.8,5,0,1,-0.8,rel::4/twitter_8.jpg::en
rel::4/twitter_8.jpg,fr,dependent,1,5,0,1,-1,rel::4/twitter_8.jpg::fr
rel::4/twitter_8.jpg,ja,dependent,0.2,5,0,1,-0.2,rel::4/twitter_8.jpg::ja
rel::4/twitter_8.jpg,ru,dependent,0.8,5,0,1,-0.8,rel::4/twitter_8.jpg::ru
rel::4/twitter_8.jpg,th,dependent,0.6,5,0,1,-0.6,rel::4/twitter_8.jpg::th
rel::4/twitter_8.jpg,zh,dependent,0.6,5,0,1,-0.6,rel::4/twitter_8.jpg::zh
rel::4/twitter_9.jpg,en,dependent,0.4,5,1,1,0.6,rel::4/twitter_9.jpg::en
rel::4/twitter_9.jpg,fr,dependent,0.4,5,0,1,-0.4,rel::4/twitter_9.jpg::fr
rel::4/twitter_9.jpg,ja,dependent,0,5,1,1,1,rel::4/twitter_9.jpg::ja
rel::4/twitter_9.jpg,ru,dependent,0.2,5,1,1,0.8,rel::4/twitter_9.jpg::ru
rel::4/twitter_9.jpg,th,dependent,0,5,0,1,0,rel::4/twitter_9.jpg::th
rel::4/twitter_9.jpg,zh,dependent,0,5,0,1,0,rel::4/twitter_9.jpg::zh
rel::5/camera_1.jpg,en,dependent,0,5,0,1,0,rel::5/camera_1.jpg::en
rel::5/camera_1.jpg,fr,dependent,0,5,0,1,0,rel::5/camera_1.jpg::fr
rel::5/camera_1.jpg,ja,dependent,0,5,0,1,0,rel::5/camera_1.jpg::ja
rel::5/camera_1.jpg,ru,dependent,0.4,5,0,1,-0.4,rel::5/camera_1.jpg::ru
rel::5/camera_1.jpg,th,dependent,0.6,5,0,1,-0.6,rel::5/camera_1.jpg::th
rel::5/camera_1.jpg,zh,dependent,0,5,0,1,0,rel::5/camera_1.jpg::zh
rel::5/camera_10.jpg,en,dependent,0,5,0,1,0,rel::5/camera_10.jpg::en
rel::5/camera_10.jpg,fr,dependent,0,5,0,1,0,rel::5/camera_10.jpg::fr
rel::5/camera_10.jpg,ja,dependent,0,5,0,1,0,rel::5/camera_10.jpg::ja
rel::5/camera_10.jpg,ru,dependent,0,5,0,1,0,rel::5/camera_10.jpg::ru
rel::5/camera_10.jpg,th,dependent,0,5,0,1,0,rel::5/camera_10.jpg::th
rel::5/camera_10.jpg,zh,dependent,0,5,0,1,0,rel::5/camera_10.jpg::zh
rel::5/camera_11.jpg,en,dependent,0.6,5,0,1,-0.6,rel::5/camera_11.jpg::en
rel::5/camera_11.jpg,fr,dependent,1,5,0,1,-1,rel::5/camera_11.jpg::fr
rel::5/camera_11.jpg,ja,dependent,1,5,1,1,0,rel::5/camera_11.jpg::ja
rel::5/camera_11.jpg,ru,dependent,0.8,5,1,1,0.19999999999999996,rel::5/camera_11.jpg::ru
rel::5/camera_11.jpg,th,dependent,0.8,5,1,1,0.19999999999999996,rel::5/camera_11.jpg::th
rel::5/camera_11.jpg,zh,dependent,0.6,5,1,1,0.4,rel::5/camera_11.jpg::zh
rel::5/camera_12.jpg,en,dependent,0.8,5,1,1,0.19999999999999996,rel::5/camera_12.jpg::en
rel::5/camera_12.jpg,fr,dependent,0.8,5,1,1,0.19999999999999996,rel::5/camera_12.jpg::fr
rel::5/camera_12.jpg,ja,dependent,0.6,5,1,1,0.4,rel::5/camera_12.jpg::ja
rel::5/camera_12.jpg,ru,dependent,0.6,5,1,1,0.4,rel::5/camera_12.jpg::ru
rel::5/camera_12.jpg,th,dependent,0.2,5,0,1,-0.2,rel::5/camera_12.jpg::th
rel::5/camera_12.jpg,zh,dependent,0.6,5,1,1,0.4,rel::5/camera_12.jpg::zh
rel::5/camera_13.jpg,en,dependent,1,5,1,1,0,rel::5/camera_13.jpg::en
rel::5/camera_13.jpg,fr,dependent,1,5,1,1,0,rel::5/camera_13.jpg::fr
rel::5/camera_13.jpg,ja,dependent,0.8,5,1,1,0.19999999999999996,rel::5/camera_13.jpg::ja
rel::5/camera_13.jpg,ru,dependent,0.8,5,0,1,-0.8,rel::5/camera_13.jpg::ru
rel::5/camera_13.jpg,th,dependent,1,5,0,1,-1,rel::5/camera_13.jpg::th
rel::5/camera_13.jpg,zh,dependent,1,5,1,1,0,rel::5/camera_13.jpg::zh
rel::5/camera_14.jpg,en,dependent,1,5,1,1,0,rel::5/camera_14.jpg::en
rel::5/camera_14.jpg,fr,dependent,1,5,1,1,0,rel::5/camera_14.jpg::fr
rel::5/camera_14.jpg,ja,dependent,0.4,5,1,1,0.6,rel::5/camera_14.jpg::ja
rel::5/camera_14.jpg,ru,dependent,0.8,5,1,1,0.19999999999999996,rel::5/camera_14.jpg::ru
rel::5/camera_14.jpg,th,dependent,0.2,5,0,1,-0.2,rel::5/camera_14.jpg::th
rel::5/camera_14.jpg,zh,dependent,0.8,5,1,1,0.19999999999999996,rel::5/camera_14.jpg::zh
rel::5/camera_2.jpg,en,dependent,0.8,5,1,1,0.19999999999999996,rel::5/camera_2.jpg::en
rel::5/camera_2.jpg,fr,dependent,0.8,5,1,1,0.19999999999999996,rel::5/camera_2.jpg::fr
rel::5/camera_2.jpg,ja,dependent,0,5,1,1,1,rel::5/camera_2.jpg::ja
rel::5/camera_2.jpg,ru,dependent,0.6,5,1,1,0.4,rel::5/camera_2.jpg::ru
rel::5/camera_2.jpg,th,dependent,0,5,0,1,0,rel::5/camera_2.jpg::th
rel::5/camera_2.jpg,zh,dependent,0,5,1,1,1,rel::5/camera_2.jpg::zh
rel::5/camera_3.jpg,en,dependent,0.2,5,0,1,-0.2,rel::5/camera_3.jpg::en
rel::5/camera_3.jpg,fr,dependent,0,5,0,1,0,rel::5/camera_3.jpg::fr
rel::5/camera_3.jpg,ja,dependent,0.2,5,0,1,-0.2,rel::5/camera_3.jpg::ja
rel::5/camera_3.jpg,ru,dependent,0.4,5,0,1,-0.4,rel::5/camera_3.jpg::ru
rel::5/camera_3.jpg,th,dependent,0,5,0,1,0,rel::5/camera_3.jpg::th
rel::5/camera_3.jpg,zh,dependent,0.8,5,1,1,0.19999999999999996,rel::5/camera_3.jpg::zh
rel::5/camera_4.jpg,en,dependent,0.4,5,0,1,-0.4,rel::5/camera_4.jpg::en
rel::5/camera_4.jpg,fr,dependent,0.2,5,0,1,-0.2,rel::5/camera_4.jpg::fr
rel::5/camera_4.jpg,ja,dependent,0,5,1,1,1,rel::5/camera_4.jpg::ja
rel::5/camera_4.jpg,ru,dependent,0.2,5,0,1,-0.2,rel::5/camera_4.jpg::ru
rel::5/camera_4.jpg,th,dependent,0.2,5,0,1,-0.2,rel::5/camera_4.jpg::th
rel::5/camera_4.jpg,zh,dependent,0.2,5,0,1,-0.2,rel::5/camera_4.jpg::zh
rel::5/camera_5.jpg,en,dependent,1,5,1,1,0,rel::5/camera_5.jpg::en
rel::5/camera_5.jpg,fr,dependent,1,5,1,1,0,rel::5/camera_5.jpg::fr
rel::5/camera_5.jpg,ja,dependent,1,5,1,1,0,rel::5/camera_5.jpg::ja
rel::5/camera_5.jpg,ru,dependent,1,5,1,1,0,rel::5/camera_5.jpg::ru
rel::5/camera_5.jpg,th,dependent,1,5,1,1,0,rel::5/camera_5.jpg::th
rel::5/camera_5.jpg,zh,dependent,1,5,1,1,0,rel::5/camera_5.jpg::zh
rel::5/camera_6.jpg,en,dependent,0.8,5,1,1,0.19999999999999996,rel::5/camera_6.jpg::en
rel::5/camera_6.jpg,fr,dependent,0.6,5,1,1,0.4,rel::5/camera_6.jpg::fr
rel::5/camera_6.jpg,ja,dependent,0.2,5,0,1,-0.2,rel::5/camera_6.jpg::ja
rel::5/camera_6.jpg,ru,dependent,0,5,1,1,1,rel::5/camera_6.jpg::ru
rel::5/camera_6.jpg,th,dependent,0,5,0,1,0,rel::5/camera_6.jpg::th
rel::5/camera_6.jpg,zh,dependent,0.2,5,0,1,-0.2,rel::5/camera_6.jpg::zh
rel::5/camera_7.jpg,en,dependent,0,5,0,1,0,rel::5/camera_7.jpg::en
rel::5/camera_7.jpg,fr,dependent,0,5,0,1,0,rel::5/camera_7.jpg::fr
rel::5/camera_7.jpg,ja,dependent,0,5,1,1,1,rel::5/camera_7.jpg::ja
rel::5/camera_7.jpg,ru,dependent,0,5,0,1,0,rel::5/camera_7.jpg::ru
rel::5/camera_7.jpg,th,dependent,0,5,0,1,0,rel::5/camera_7.jpg::th
rel::5/camera_7.jpg,zh,dependent,0,5,0,1,0,rel::5/camera_7.jpg::zh
rel::5/camera_8.jpg,en,independent,1,5,1,1,0,rel::5/camera_8.jpg::en
rel::5/camera_8.jpg,fr,independent,0.8,5,1,1,0.19999999999999996,rel::5/camera_8.jpg::fr
rel::5/camera_8.jpg,ja,independent,0.8,5,1,1,0.19999999999999996,rel::5/camera_8.jpg::ja
rel::5/camera_8.jpg,ru,independent,1,5,0,1,-1,rel::5/camera_8.jpg::ru
rel::5/camera_8.jpg,th,independent,0.8,5,0,1,-0.8,rel::5/camera_8.jpg::th
rel::5/camera_8.jpg,zh,independent,0.4,5,1,1,0.6,rel::5/camera_8.jpg::zh
rel::5/camera_9.jpg,en,dependent,1,5,1,1,0,rel::5/camera_9.jpg::en
rel::5/camera_9.jpg,fr,dependent,0.8,5,1,1,0.19999999999999996,rel::5/camera_9.jpg::fr
rel::5/camera_9.jpg,ja,dependent,0.6,5,1,1,0.4,rel::5/camera_9.jpg::ja
rel::5/camera_9.jpg,ru,dependent,0.6,5,1,1,0.4,rel::5/camera_9.jpg::ru
rel::5/camera_9.jpg,th,dependent,0,5,0,1,0,rel::5/camera_9.jpg::th
rel::5/camera_9.jpg,zh,dependent,0.8,5,1,1,0.19999999999999996,rel::5/camera_9.jpg::zh
rel::5/file_1.jpg,en,dependent,0.8,5,1,1,0.19999999999999996,rel::5/file_1.jpg::en
rel::5/file_1.jpg,fr,dependent,0.8,5,1,1,0.19999999999999996,rel::5/file_1.jpg::fr
rel::5/file_1.jpg,ja,dependent,1,5,1,1,0,rel::5/file_1.jpg::ja
rel::5/file_1.jpg,ru,dependent,1,5,1,1,0,rel::5/file_1.jpg::ru
rel::5/file_1.jpg,th,dependent,1,5,1,1,0,rel::5/file_1.jpg::th
rel::5/file_1.jpg,zh,dependent,1,5,1,1,0,rel::5/file_1.jpg::zh
rel::5/file_10.jpg,en,dependent,1,5,1,1,0,rel::5/file_10.jpg::en
rel::5/file_10.jpg,fr,dependent,1,5,1,1,0,rel::5/file_10.jpg::fr
rel::5/file_10.jpg,ja,dependent,0.4,5,1,1,0.6,rel::5/file_10.jpg::ja
rel::5/file_10.jpg,ru,dependent,0.2,5,1,1,0.8,rel::5/file_10.jpg::ru
rel::5/file_10.jpg,th,dependent,0.2,5,0,1,-0.2,rel::5/file_10.jpg::th
rel::5/file_10.jpg,zh,dependent,1,5,1,1,0,rel::5/file_10.jpg::zh
rel::5/file_11.jpg,en,dependent,0.2,5,1,1,0.8,rel::5/file_11.jpg::en
rel::5/file_11.jpg,fr,dependent,0.4,5,0,1,-0.4,rel::5/file_11.jpg::fr
rel::5/file_11.jpg,ja,dependent,0.6,5,0,1,-0.6,rel::5/file_11.jpg::ja
rel::5/file_11.jpg,ru,dependent,0.4,5,1,1,0.6,rel::5/file_11.jpg::ru
rel::5/file_11.jpg,th,dependent,0.4,5,1,1,0.6,rel::5/file_11.jpg::th
rel::5/file_11.jpg,zh,dependent,0.4,5,1,1,0.6,rel::5/file_11.jpg::zh
rel::5/file_12.jpg,en,dependent,1,5,1,1,0,rel::5/file_12.jpg::en
rel::5/file_12.jpg,fr,dependent,1,5,1,1,0,rel::5/file_12.jpg::fr
rel::5/file_12.jpg,ja,dependent,1,5,1,1,0,rel::5/file_12.jpg::ja
rel::5/file_12.jpg,ru,dependent,0.8,5,1,1,0.19999999999999996,rel::5/file_12.jpg::ru
rel::5/file_12.jpg,th,dependent,1,5,1,1,0,rel::5/file_12.jpg::th
rel::5/file_12.jpg,zh,dependent,1,5,1,1,0,rel::5/file_12.jpg::zh
rel::5/file_13.jpg,en,dependent,0.8,5,1,1,0.19999999999999996,rel::5/file_13.jpg::en
rel::5/file_13.jpg,fr,dependent,0.4,5,1,1,0.6,rel::5/file_13.jpg::fr
rel::5/file_13.jpg,ja,dependent,0.2,5,1,1,0.8,rel::5/file_13.jpg::ja
rel::5/file_13.jpg,ru,dependent,0,5,1,1,1,rel::5/file_13.jpg::ru
rel::5/file_13.jpg,th,dependent,0.4,5,0,1,-0.4,rel::5/file_13.jpg::th
rel::5/file_13.jpg,zh,dependent,0.8,5,1,1,0.19999999999999996,rel::5/file_13.jpg::zh
rel::5/file_14.jpg,en,dependent,1,5,1,1,0,rel::5/file_14.jpg::en
rel::5/file_14.jpg,fr,dependent,0.8,5,1,1,0.19999999999999996,rel::5/file_14.jpg::fr
rel::5/file_14.jpg,ja,dependent,0.4,5,1,1,0.6,rel::5/file_14.jpg::ja
rel::5/file_14.jpg,ru,dependent,0,5,1,1,1,rel::5/file_14.jpg::ru
rel::5/file_14.jpg,th,dependent,0.4,5,0,1,-0.4,rel::5/file_14.jpg::th
rel::5/file_14.jpg,zh,dependent,0.8,5,1,1,0.19999999999999996,rel::5/file_14.jpg::zh
rel::5/file_15.jpg,en,dependent,0.8,5,1,1,0.19999999999999996,rel::5/file_15.jpg::en
rel::5/file_15.jpg,fr,dependent,1,5,1,1,0,rel::5/file_15.jpg::fr
rel::5/file_15.jpg,ja,dependent,0.4,5,1,1,0.6,rel::5/file_15.jpg::ja
rel::5/file_15.jpg,ru,dependent,0.4,5,0,1,-0.4,rel::5/file_15.jpg::ru
rel::5/file_15.jpg,th,dependent,0.6,5,1,1,0.4,rel::5/file_15.jpg::th
rel::5/file_15.jpg,zh,dependent,0.8,5,1,1,0.19999999999999996,rel::5/file_15.jpg::zh
rel::5/file_16.jpg,en,dependent,0.6,5,0,1,-0.6,rel::5/file_16.jpg::en
rel::5/file_16.jpg,fr,dependent,0.4,5,0,1,-0.4,rel::5/file_16.jpg::fr
rel::5/file_16.jpg,ja,dependent,0.2,5,1,1,0.8,rel::5/file_16.jpg::ja
rel::5/file_16.jpg,ru,dependent,0.2,5,0,1,-0.2,rel::5/file_16.jpg::ru
rel::5/file_16.jpg,th,dependent,0,5,1,1,1,rel::5/file_16.jpg::th
rel::5/file_16.jpg,zh,dependent,0.2,5,0,1,-0.2,rel::5/file_16.jpg::zh
rel::5/file_17.jpg,en,dependent,0.4,5,1,1,0.6,rel::5/file_17.jpg::en
rel::5/file_17.jpg,fr,dependent,0.6,5,0,1,-0.6,rel::5/file_17.jpg::fr
rel::5/file_17.jpg,ja,dependent,0.6,5,0,1,-0.6,rel::5/file_17.jpg::ja
rel::5/file_17.jpg,ru,dependent,0.6,5,0,1,-0.6,rel::5/file_17.jpg::ru
rel::5/file_17.jpg,th,dependent,0.4,5,1,1,0.6,rel::5/file_17.jpg::th
rel::5/file_17.jpg,zh,dependent,0.4,5,1,1,0.6,rel::5/file_17.jpg::zh
rel::5/file_2.jpg,en,dependent,0.6,5,0,1,-0.6,rel::5/file_2.jpg::en
rel::5/file_2.jpg,fr,dependent,0.2,5,0,1,-0.2,rel::5/file_2.jpg::fr
rel::5/file_2.jpg,ja,dependent,0,5,0,1,0,rel::5/file_2.jpg::ja
rel::5/file_2.jpg,ru,dependent,0.6,5,1,1,0.4,rel::5/file_2.jpg::ru
rel::5/file_2.jpg,th,dependent,0,5,0,1,0,rel::5/file_2.jpg::th
rel::5/file_2.jpg,zh,dependent,0.2,5,1,1,0.8,rel::5/file_2.jpg::zh
rel::5/file_3.jpg,en,dependent,0.8,5,1,1,0.19999999999999996,rel::5/file_3.jpg::en
rel::5/file_3.jpg,fr,dependent,0.8,5,1,1,0.19999999999999996,rel::5/file_3.jpg::fr
rel::5/file_3.jpg,ja,dependent,0.8,5,1,1,0.19999999999999996,rel::5/file_3.jpg::ja
rel::5/file_3.jpg,ru,dependent,0.8,5,1,1,0.19999999999999996,rel::5/file_3.jpg::ru
rel::5/file_3.jpg,th,dependent,1,5,1,1,0,rel::5/file_3.jpg::th
rel::5/file_3.jpg,zh,dependent,1,5,1,1,0,rel::5/file_3.jpg::zh
rel::5/file_4.jpg,en,dependent,1,5,1,1,0,rel::5/file_4.jpg::en
rel::5/file_4.jpg,fr,dependent,0.8,5,1,1,0.19999999999999996,rel::5/file_4.jpg::fr
rel::5/file_4.jpg,ja,dependent,0.8,5,1,1,0.19999999999999996,rel::5/file_4.jpg::ja
rel::5/file_4.jpg,ru,dependent,0.4,5,0,1,-0.4,rel::5/file_4.jpg::ru
rel::5/file_4.jpg,th,dependent,0.6,5,0,1,-0.6,rel::5/file_4.jpg::th
rel::5/file_4.jpg,zh,dependent,0.8,5,1,1,0.19999999999999996,rel::5/file_4.jpg::zh
rel::5/file_5.jpg,en,independent,1,5,0,1,-1,rel::5/file_5.jpg::en
rel::5/file_5.jpg,fr,independent,0.8,5,1,1,0.19999999999999996,rel::5/file_5.jpg::fr
rel::5/file_5.jpg,ja,independent,0.8,5,1,1,0.19999999999999996,rel::5/file_5.jpg::ja
rel::5/file_5.jpg,ru,independent,0.8,5,1,1,0.19999999999999996,rel::5/file_5.jpg::ru
rel::5/file_5.jpg,th,independent,0.8,5,1,1,0.19999999999999996,rel::5/file_5.jpg::th
rel::5/file_5.jpg,zh,independent,1,5,1,1,0,rel::5/file_5.jpg::zh
rel::5/file_6.jpg,en,dependent,1,5,1,1,0,rel::5/file_6.jpg::en
rel::5/file_6.jpg,fr,dependent,0.8,5,1,1,0.19999999999999996,rel::5/file_6.jpg::fr
rel::5/file_6.jpg,ja,dependent,0.6,5,1,1,0.4,rel::5/file_6.jpg::ja
rel::5/file_6.jpg,ru,dependent,0.8,5,1,1,0.19999999999999996,rel::5/file_6.jpg::ru
rel::5/file_6.jpg,th,dependent,0.6,5,0,1,-0.6,rel::5/file_6.jpg::th
rel::5/file_6.jpg,zh,dependent,0.8,5,1,1,0.19999999999999996,rel::5/file_6.jpg::zh
rel::5/file_7.jpg,en,dependent,0.6,5,1,1,0.4,rel::5/file_7.jpg::en
rel::5/file_7.jpg,fr,dependent,0.6,5,1,1,0.4,rel::5/file_7.jpg::fr
rel::5/file_7.jpg,ja,dependent,0.4,5,0,1,-0.4,rel::5/file_7.jpg::ja
rel::5/file_7.jpg,ru,dependent,0.2,5,1,1,0.8,rel::5/file_7.jpg::ru
rel::5/file_7.jpg,th,dependent,0.4,5,0,1,-0.4,rel::5/file_7.jpg::th
rel::5/file_7.jpg,zh,dependent,0.4,5,1,1,0.6,rel::5/file_7.jpg::zh
rel::5/file_8.jpg,en,dependent,0.8,5,1,1,0.19999999999999996,rel::5/file_8.jpg::en
rel::5/file_8.jpg,fr,dependent,0,5,1,1,1,rel::5/file_8.jpg::fr
rel::5/file_8.jpg,ja,dependent,0.2,5,1,1,0.8,rel::5/file_8.jpg::ja
rel::5/file_8.jpg,ru,dependent,0,5,1,1,1,rel::5/file_8.jpg::ru
rel::5/file_8.jpg,th,dependent,0,5,0,1,0,rel::5/file_8.jpg::th
rel::5/file_8.jpg,zh,dependent,1,5,1,1,0,rel::5/file_8.jpg::zh
rel::5/file_9.jpg,en,independent,0.8,5,1,1,0.19999999999999996,rel::5/file_9.jpg::en
rel::5/file_9.jpg,fr,independent,0.6,5,1,1,0.4,rel::5/file_9.jpg::fr
rel::5/file_9.jpg,ja,independent,0.6,5,1,1,0.4,rel::5/file_9.jpg::ja
rel::5/file_9.jpg,ru,independent,0.8,5,1,1,0.19999999999999996,rel::5/file_9.jpg::ru
rel::5/file_9.jpg,th,independent,1,5,1,1,0,rel::5/file_9.jpg::th
rel::5/file_9.jpg,zh,independent,0.8,5,1,1,0.19999999999999996,rel::5/file_9.jpg::zh
rel::5/forest_1.jpg,en,dependent,1,5,1,1,0,rel::5/forest_1.jpg::en
rel::5/forest_1.jpg,fr,dependent,1,5,1,1,0,rel::5/forest_1.jpg::fr
rel::5/forest_1.jpg,ja,dependent,1,5,1,1,0,rel::5/forest_1.jpg::ja
rel::5/forest_1.jpg,ru,dependent,1,5,1,1,0,rel::5/forest_1.jpg::ru
rel::5/forest_1.jpg,th,dependent,1,5,1,1,0,rel::5/forest_1.jpg::th
rel::5/forest_1.jpg,zh,dependent,1,5,1,1,0,rel::5/forest_1.jpg::zh
rel::5/forest_10.jpg,en,independent,0.6,5,1,1,0.4,rel::5/forest_10.jpg::en
rel::5/forest_10.jpg,fr,independent,0.8,5,1,1,0.19999999999999996,rel::5/forest_10.jpg::fr
rel::5/forest_10.jpg,ja,independent,0.6,5,1,1,0.4,rel::5/forest_10.jpg::ja
rel::5/forest_10.jpg,ru,independent,0.6,5,1,1,0.4,rel::5/forest_10.jpg::ru
rel::5/forest_10.jpg,th,independent,0.8,5,0,1,-0.8,rel::5/forest_10.jpg::th
rel::5/forest_10.jpg,zh,independent,0.6,5,1,1,0.4,rel::5/forest_10.jpg::zh
rel::5/forest_11.jpg,en,dependent,1,5,1,1,0,rel::5/forest_11.jpg::en
rel::5/forest_11.jpg,fr,dependent,0.8,5,1,1,0.19999999999999996,rel::5/forest_11.jpg::fr
rel::5/forest_11.jpg,ja,dependent,0.8,5,1,1,0.19999999999999996,rel::5/forest_11.jpg::ja
rel::5/forest_11.jpg,ru,dependent,1,5,1,1,0,rel::5/forest_11.jpg::ru
rel::5/forest_11.jpg,th,dependent,1,5,0,1,-1,rel::5/forest_11.jpg::th
rel::5/forest_11.jpg,zh,dependent,0.8,5,1,1,0.19999999999999996,rel::5/forest_11.jpg::zh
rel::5/forest_12.jpg,en,dependent,0,5,0,1,0,rel::5/forest_12.jpg::en
rel::5/forest_12.jpg,fr,dependent,0,5,0,1,0,rel::5/forest_12.jpg::fr
rel::5/forest_12.jpg,ja,dependent,0,5,0,1,0,rel::5/forest_12.jpg::ja
rel::5/forest_12.jpg,ru,dependent,0,5,0,1,0,rel::5/forest_12.jpg::ru
rel::5/forest_12.jpg,th,dependent,0,5,0,1,0,rel::5/forest_12.jpg::th
rel::5/forest_12.jpg,zh,dependent,0,5,0,1,0,rel::5/forest_12.jpg::zh
rel::5/forest_13.jpg,en,dependent,0,5,1,1,1,rel::5/forest_13.jpg::en
rel::5/forest_13.jpg,fr,dependent,0,5,0,1,0,rel::5/forest_13.jpg::fr
rel::5/forest_13.jpg,ja,dependent,0,5,0,1,0,rel::5/forest_13.jpg::ja
rel::5/forest_13.jpg,ru,dependent,0,5,0,1,0,rel::5/forest_13.jpg::ru
rel::5/forest_13.jpg,th,dependent,0,5,0,1,0,rel::5/forest_13.jpg::th
rel::5/forest_13.jpg,zh,dependent,0,5,0,1,0,rel::5/forest_13.jpg::zh
rel::5/forest_2.jpg,en,dependent,0.8,5,1,1,0.19999999999999996,rel::5/forest_2.jpg::en
rel::5/forest_2.jpg,fr,dependent,0.4,5,1,1,0.6,rel::5/forest_2.jpg::fr
rel::5/forest_2.jpg,ja,dependent,0.2,5,0,1,-0.2,rel::5/forest_2.jpg::ja
rel::5/forest_2.jpg,ru,dependent,1,5,0,1,-1,rel::5/forest_2.jpg::ru
rel::5/forest_2.jpg,th,dependent,1,5,1,1,0,rel::5/forest_2.jpg::th
rel::5/forest_2.jpg,zh,dependent,0.2,5,1,1,0.8,rel::5/forest_2.jpg::zh
rel::5/forest_3.jpg,en,dependent,1,5,1,1,0,rel::5/forest_3.jpg::en
rel::5/forest_3.jpg,fr,dependent,0.8,5,1,1,0.19999999999999996,rel::5/forest_3.jpg::fr
rel::5/forest_3.jpg,ja,dependent,0.2,5,1,1,0.8,rel::5/forest_3.jpg::ja
rel::5/forest_3.jpg,ru,dependent,0.6,5,1,1,0.4,rel::5/forest_3.jpg::ru
rel::5/forest_3.jpg,th,dependent,0,5,0,1,0,rel::5/forest_3.jpg::th
rel::5/forest_3.jpg,zh,dependent,0.6,5,1,1,0.4,rel::5/forest_3.jpg::zh
rel::5/forest_4.jpg,en,independent,0.6,5,1,1,0.4,rel::5/forest_4.jpg::en
rel::5/forest_4.jpg,fr,independent,0.6,5,1,1,0.4,rel::5/forest_4.jpg::fr
rel::5/forest_4.jpg,ja,independent,0.8,5,0,1,-0.8,rel::5/forest_4.jpg::ja
rel::5/forest_4.jpg,ru,independent,0.8,5,1,1,0.19999999999999996,rel::5/forest_4.jpg::ru
rel::5/forest_4.jpg,th,independent,0.6,5,0,1,-0.6,rel::5/forest_4.jpg::th
rel::5/forest_4.jpg,zh,independent,0.4,5,1,1,0.6,rel::5/forest_4.jpg::zh
rel::5/forest_5.jpg,en,dependent,1,5,1,1,0,rel::5/forest_5.jpg::en
rel::5/forest_5.jpg,fr,dependent,1,5,1,1,0,rel::5/forest_5.jpg::fr
rel::5/forest_5.jpg,ja,dependent,0.8,5,1,1,0.19999999999999996,rel::5/forest_5.jpg::ja
rel::5/forest_5.jpg,ru,dependent,1,5,1,1,0,rel::5/forest_5.jpg::ru
rel::5/forest_5.jpg,th,dependent,1,5,1,1,0,rel::5/forest_5.jpg::th
rel::5/forest_5.jpg,zh,dependent,1,5,1,1,0,rel::5/forest_5.jpg::zh
rel::5/forest_6.jpg,en,dependent,0.2,5,0,1,-0.2,rel::5/forest_6.jpg::en
rel::5/forest_6.jpg,fr,dependent,0,5,0,1,0,rel::5/forest_6.jpg::fr
rel::5/forest_6.jpg,ja,dependent,0,5,1,1,1,rel::5/forest_6.jpg::ja
rel::5/forest_6.jpg,ru,dependent,0,5,0,1,0,rel::5/forest_6.jpg::ru
rel::5/forest_6.jpg,th,dependent,0,5,0,1,0,rel::5/forest_6.jpg::th
rel::5/forest_6.jpg,zh,dependent,0,5,0,1,0,rel::5/forest_6.jpg::zh
rel::5/forest_7.jpg,en,dependent,1,5,1,1,0,rel::5/forest_7.jpg::en
rel::5/forest_7.jpg,fr,dependent,1,5,1,1,0,rel::5/forest_7.jpg::fr
rel::5/forest_7.jpg,ja,dependent,1,5,1,1,0,rel::5/forest_7.jpg::ja
rel::5/forest_7.jpg,ru,dependent,0.8,5,1,1,0.19999999999999996,rel::5/forest_7.jpg::ru
rel::5/forest_7.jpg,th,dependent,1,5,0,1,-1,rel::5/forest_7.jpg::th
rel::5/forest_7.jpg,zh,dependent,0.8,5,1,1,0.19999999999999996,rel::5/forest_7.jpg::zh
rel::5/forest_8.jpg,en,dependent,0.8,5,1,1,0.19999999999999996,rel::5/forest_8.jpg::en
rel::5/forest_8.jpg,fr,dependent,0.2,5,1,1,0.8,rel::5/forest_8.jpg::fr
rel::5/forest_8.jpg,ja,dependent,0.2,5,1,1,0.8,rel::5/forest_8.jpg::ja
rel::5/forest_8.jpg,ru,dependent,0.2,5,1,1,0.8,rel::5/forest_8.jpg::ru
rel::5/forest_8.jpg,th,dependent,0,5,0,1,0,rel::5/forest_8.jpg::th
rel::5/forest_8.jpg,zh,dependent,0.8,5,1,1,0.19999999999999996,rel::5/forest_8.jpg::zh
rel::5/forest_9.jpg,en,dependent,1,5,1,1,0,rel::5/forest_9.jpg::en
rel::5/forest_9.jpg,fr,dependent,1,5,1,1,0,rel::5/forest_9.jpg::fr
rel::5/forest_9.jpg,ja,dependent,0.6,5,1,1,0.4,rel::5/forest_9.jpg::ja
rel::5/forest_9.jpg,ru,dependent,1,5,1,1,0,rel::5/forest_9.jpg::ru
rel::5/forest_9.jpg,th,dependent,1,5,1,1,0,rel::5/forest_9.jpg::th
rel::5/forest_9.jpg,zh,dependent,0.8,5,1,1,0.19999999999999996,rel::5/forest_9.jpg::zh
rel::5/manager_1.jpg,en,dependent,1,5,1,1,0,rel::5/manager_1.jpg::en
rel::5/manager_1.jpg,fr,dependent,0.8,5,1,1,0.19999999999999996,rel::5/manager_1.jpg::fr
rel::5/manager_1.jpg,ja,dependent,0.6,5,1,1,0.4,rel::5/manager_1.jpg::ja
rel::5/manager_1.jpg,ru,dependent,0.4,5,1,1,0.6,rel::5/manager_1.jpg::ru
rel::5/manager_1.jpg,th,dependent,0.4,5,1,1,0.6,rel::5/manager_1.jpg::th
rel::5/manager_1.jpg,zh,dependent,0.6,5,1,1,0.4,rel::5/manager_1.jpg::zh
rel::5/manager_10.jpg,en,dependent,0.8,5,1,1,0.19999999999999996,rel::5/manager_10.jpg::en
rel::5/manager_10.jpg,fr,dependent,0.8,5,1,1,0.19999999999999996,rel::5/manager_10.jpg::fr
rel::5/manager_10.jpg,ja,dependent,0.2,5,0,1,-0.2,rel::5/manager_10.jpg::ja
rel::5/manager_10.jpg,ru,dependent,0.2,5,0,1,-0.2,rel::5/manager_10.jpg::ru
rel::5/manager_10.jpg,th,dependent,0.2,5,0,1,-0.2,rel::5/manager_10.jpg::th
rel::5/manager_10.jpg,zh,dependent,0.6,5,1,1,0.4,rel::5/manager_10.jpg::zh
rel::5/manager_11.jpg,en,dependent,1,5,1,1,0,rel::5/manager_11.jpg::en
rel::5/manager_11.jpg,fr,dependent,0.4,5,1,1,0.6,rel::5/manager_11.jpg::fr
rel::5/manager_11.jpg,ja,dependent,0.6,5,1,1,0.4,rel::5/manager_11.jpg::ja
rel::5/manager_11.jpg,ru,dependent,0.6,5,1,1,0.4,rel::5/manager_11.jpg::ru
rel::5/manager_11.jpg,th,dependent,0.6,5,1,1,0.4,rel::5/manager_11.jpg::th
rel::5/manager_11.jpg,zh,dependent,0.8,5,0,1,-0.8,rel::5/manager_11.jpg::zh
rel::5/manager_2.jpg,en,dependent,1,5,1,1,0,rel::5/manager_2.jpg::en
rel::5/manager_2.jpg,fr,dependent,0.8,5,1,1,0.19999999999999996,rel::5/manager_2.jpg::fr
rel::5/manager_2.jpg,ja,dependent,0.8,5,1,1,0.19999999999999996,rel::5/manager_2.jpg::ja
rel::5/manager_2.jpg,ru,dependent,0.8,5,1,1,0.19999999999999996,rel::5/manager_2.jpg::ru
rel::5/manager_2.jpg,th,dependent,0.8,5,0,1,-0.8,rel::5/manager_2.jpg::th
rel::5/manager_2.jpg,zh,dependent,0.6,5,1,1,0.4,rel::5/manager_2.jpg::zh
rel::5/manager_3.jpg,en,independent,1,5,1,1,0,rel::5/manager_3.jpg::en
rel::5/manager_3.jpg,fr,independent,1,5,1,1,0,rel::5/manager_3.jpg::fr
rel::5/manager_3.jpg,ja,independent,1,5,1,1,0,rel::5/manager_3.jpg::ja
rel::5/manager_3.jpg,ru,independent,1,5,1,1,0,rel::5/manager_3.jpg::ru
rel::5/manager_3.jpg,th,independent,1,5,1,1,0,rel::5/manager_3.jpg::th
rel::5/manager_3.jpg,zh,independent,1,5,1,1,0,rel::5/manager_3.jpg::zh
rel::5/manager_4.jpg,en,dependent,0.8,5,1,1,0.19999999999999996,rel::5/manager_4.jpg::en
rel::5/manager_4.jpg,fr,dependent,0.8,5,1,1,0.19999999999999996,rel::5/manager_4.jpg::fr
rel::5/manager_4.jpg,ja,dependent,0.6,5,1,1,0.4,rel::5/manager_4.jpg::ja
rel::5/manager_4.jpg,ru,dependent,0.6,5,1,1,0.4,rel::5/manager_4.jpg::ru
rel::5/manager_4.jpg,th,dependent,0.8,5,0,1,-0.8,rel::5/manager_4.jpg::th
rel::5/manager_4.jpg,zh,dependent,0.8,5,0,1,-0.8,rel::5/manager_4.jpg::zh
rel::5/manager_5.jpg,en,independent,0,5,1,1,1,rel::5/manager_5.jpg::en
rel::5/manager_5.jpg,fr,independent,0.4,5,0,1,-0.4,rel::5/manager_5.jpg::fr
rel::5/manager_5.jpg,ja,independent,0.4,5,0,1,-0.4,rel::5/manager_5.jpg::ja
rel::5/manager_5.jpg,ru,independent,0,5,0,1,0,rel::5/manager_5.jpg::ru
rel::5/manager_5.jpg,th,independent,0.2,5,0,1,-0.2,rel::5/manager_5.jpg::th
rel::5/manager_5.jpg,zh,independent,0.4,5,0,1,-0.4,rel::5/manager_5.jpg::zh
rel::5/manager_6.jpg,en,dependent,0.2,5,0,1,-0.2,rel::5/manager_6.jpg::en
rel::5/manager_6.jpg,fr,dependent,0,5,0,1,0,rel::5/manager_6.jpg::fr
rel::5/manager_6.jpg,ja,dependent,0,5,1,1,1,rel::5/manager_6.jpg::ja
rel::5/manager_6.jpg,ru,dependent,0.2,5,0,1,-0.2,rel::5/manager_6.jpg::ru
rel::5/manager_6.jpg,th,dependent,0.2,5,0,1,-0.2,rel::5/manager_6.jpg::th
rel::5/manager_6.jpg,zh,dependent,0,5,0,1,0,rel::5/manager_6.jpg::zh
rel::5/manager_7.jpg,en,dependent,0.8,5,1,1,0.19999999999999996,rel::5/manager_7.jpg::en
rel::5/manager_7.jpg,fr,dependent,0.8,5,1,1,0.19999999999999996,rel::5/manager_7.jpg::fr
rel::5/manager_7.jpg,ja,dependent,0.6,5,1,1,0.4,rel::5/manager_7.jpg::ja
rel::5/manager_7.jpg,ru,dependent,1,5,0,1,-1,rel::5/manager_7.jpg::ru
rel::5/manager_7.jpg,th,dependent,0.8,5,0,1,-0.8,rel::5/manager_7.jpg::th
rel::5/manager_7.jpg,zh,dependent,0.8,5,1,1,0.19999999999999996,rel::5/manager_7.jpg::zh
rel::5/manager_8.jpg,en,dependent,1,5,1,1,0,rel::5/manager_8.jpg::en
rel::5/manager_8.jpg,fr,dependent,1,5,1,1,0,rel::5/manager_8.jpg::fr
rel::5/manager_8.jpg,ja,dependent,1,5,1,1,0,rel::5/manager_8.jpg::ja
rel::5/manager_8.jpg,ru,dependent,1,5,1,1,0,rel::5/manager_8.jpg::ru
rel::5/manager_8.jpg,th,dependent,0.8,5,0,1,-0.8,rel::5/manager_8.jpg::th
rel::5/manager_8.jpg,zh,dependent,1,5,1,1,0,rel::5/manager_8.jpg::zh
rel::5/manager_9.jpg,en,dependent,0.8,5,1,1,0.19999999999999996,rel::5/manager_9.jpg::en
rel::5/manager_9.jpg,fr,dependent,0.8,5,1,1,0.19999999999999996,rel::5/manager_9.jpg::fr
rel::5/manager_9.jpg,ja,dependent,0.4,5,1,1,0.6,rel::5/manager_9.jpg::ja
rel::5/manager_9.jpg,ru,dependent,0,5,1,1,1,rel::5/manager_9.jpg::ru
rel::5/manager_9.jpg,th,dependent,0,5,0,1,0,rel::5/manager_9.jpg::th
rel::5/manager_9.jpg,zh,dependent,0.8,5,1,1,0.19999999999999996,rel::5/manager_9.jpg::zh
rel::5/message_1.jpg,en,dependent,0,5,0,1,0,rel::5/message_1.jpg::en
rel::5/message_1.jpg,fr,dependent,0,5,0,1,0,rel::5/message_1.jpg::fr
rel::5/message_1.jpg,ja,dependent,0,5,0,1,0,rel::5/message_1.jpg::ja
rel::5/message_1.jpg,ru,dependent,0,5,0,1,0,rel::5/message_1.jpg::ru
rel::5/message_1.jpg,th,dependent,0,5,0,1,0,rel::5/message_1.jpg::th
rel::5/message_1.jpg,zh,dependent,0,5,0,1,0,rel::5/message_1.jpg::zh
rel::5/message_10.jpg,en,dependent,1,5,1,1,0,rel::5/message_10.jpg::en
rel::5/message_10.jpg,fr,dependent,1,5,1,1,0,rel::5/message_10.jpg::fr
rel::5/message_10.jpg,ja,dependent,1,5,1,1,0,rel::5/message_10.jpg::ja
rel::5/message_10.jpg,ru,dependent,0.2,5,1,1,0.8,rel::5/message_10.jpg::ru
rel::5/message_10.jpg,th,dependent,0.2,5,0,1,-0.2,rel::5/message_10.jpg::th
rel::5/message_10.jpg,zh,dependent,0.8,5,1,1,0.19999999999999996,rel::5/message_10.jpg::zh
rel::5/message_11.jpg,en,dependent,1,5,1,1,0,rel::5/message_11.jpg::en
rel::5/message_11.jpg,fr,dependent,0.8,5,1,1,0.19999999999999996,rel::5/message_11.jpg::fr
rel::5/message_11.jpg,ja,dependent,0.6,5,1,1,0.4,rel::5/message_11.jpg::ja
rel::5/message_11.jpg,ru,dependent,1,5,0,1,-1,rel::5/message_11.jpg::ru
rel::5/message_11.jpg,th,dependent,0.8,5,1,1,0.19999999999999996,rel::5/message_11.jpg::th
rel::5/message_11.jpg,zh,dependent,0.8,5,1,1,0.19999999999999996,rel::5/message_11.jpg::zh
rel::5/message_12.jpg,en,dependent,1,5,1,1,0,rel::5/message_12.jpg::en
rel::5/message_12.jpg,fr,dependent,1,5,1,1,0,rel::5/message_12.jpg::fr
rel::5/message_12.jpg,ja,dependent,1,5,1,1,0,rel::5/message_12.jpg::ja
rel::5/message_12.jpg,ru,dependent,1,5,1,1,0,rel::5/message_12.jpg::ru
rel::5/message_12.jpg,th,dependent,0.6,5,1,1,0.4,rel::5/message_12.jpg::th
rel::5/message_12.jpg,zh,dependent,1,5,1,1,0,rel::5/message_12.jpg::zh
rel::5/message_2.jpg,en,dependent,0.8,5,1,1,0.19999999999999996,rel::5/message_2.jpg::en
rel::5/message_2.jpg,fr,dependent,1,5,1,1,0,rel::5/message_2.jpg::fr
rel::5/message_2.jpg,ja,dependent,0.8,5,1,1,0.19999999999999996,rel::5/message_2.jpg::ja
rel::5/message_2.jpg,ru,dependent,0.2,5,1,1,0.8,rel::5/message_2.jpg::ru
rel::5/message_2.jpg,th,dependent,0,5,0,1,0,rel::5/message_2.jpg::th
rel::5/message_2.jpg,zh,dependent,0.8,5,1,1,0.19999999999999996,rel::5/message_2.jpg::zh
rel::5/message_3.jpg,en,dependent,1,5,1,1,0,rel::5/message_3.jpg::en
rel::5/message_3.jpg,fr,dependent,1,5,1,1,0,rel::5/message_3.jpg::fr
rel::5/message_3.jpg,ja,dependent,1,5,1,1,0,rel::5/message_3.jpg::ja
rel::5/message_3.jpg,ru,dependent,1,5,1,1,0,rel::5/message_3.jpg::ru
rel::5/message_3.jpg,th,dependent,1,5,1,1,0,rel::5/message_3.jpg::th
rel::5/message_3.jpg,zh,dependent,0.6,5,1,1,0.4,rel::5/message_3.jpg::zh
rel::5/message_4.jpg,en,dependent,0.4,5,1,1,0.6,rel::5/message_4.jpg::en
rel::5/message_4.jpg,fr,dependent,0,5,1,1,1,rel::5/message_4.jpg::fr
rel::5/message_4.jpg,ja,dependent,0,5,0,1,0,rel::5/message_4.jpg::ja
rel::5/message_4.jpg,ru,dependent,0,5,1,1,1,rel::5/message_4.jpg::ru
rel::5/message_4.jpg,th,dependent,0,5,0,1,0,rel::5/message_4.jpg::th
rel::5/message_4.jpg,zh,dependent,0,5,1,1,1,rel::5/message_4.jpg::zh
rel::5/message_5.jpg,en,independent,0.6,5,1,1,0.4,rel::5/message_5.jpg::en
rel::5/message_5.jpg,fr,independent,0.6,5,0,1,-0.6,rel::5/message_5.jpg::fr
rel::5/message_5.jpg,ja,independent,0.4,5,1,1,0.6,rel::5/message_5.jpg::ja
rel::5/message_5.jpg,ru,independent,0.4,5,1,1,0.6,rel::5/message_5.jpg::ru
rel::5/message_5.jpg,th,independent,0.4,5,0,1,-0.4,rel::5/message_5.jpg::th
rel::5/message_5.jpg,zh,independent,0.6,5,1,1,0.4,rel::5/message_5.jpg::zh
rel::5/message_6.jpg,en,dependent,1,5,1,1,0,rel::5/message_6.jpg::en
rel::5/message_6.jpg,fr,dependent,1,5,1,1,0,rel::5/message_6.jpg::fr
rel::5/message_6.jpg,ja,dependent,1,5,1,1,0,rel::5/message_6.jpg::ja
rel::5/message_6.jpg,ru,dependent,1,5,1,1,0,rel::5/message_6.jpg::ru
rel::5/message_6.jpg,th,dependent,1,5,1,1,0,rel::5/message_6.jpg::th
rel::5/message_6.jpg,zh,dependent,1,5,1,1,0,rel::5/message_6.jpg::zh
rel::5/message_7.jpg,en,dependent,0.4,5,1,1,0.6,rel::5/message_7.jpg::en
rel::5/message_7.jpg,fr,dependent,0,5,1,1,1,rel::5/message_7.jpg::fr
rel::5/message_7.jpg,ja,dependent,0.4,5,0,1,-0.4,rel::5/message_7.jpg::ja
rel::5/message_7.jpg,ru,dependent,0.2,5,0,1,-0.2,rel::5/message_7.jpg::ru
rel::5/message_7.jpg,th,dependent,0.4,5,0,1,-0.4,rel::5/message_7.jpg::th
rel::5/message_7.jpg,zh,dependent,0.4,5,1,1,0.6,rel::5/message_7.jpg::zh
rel::5/message_8.jpg,en,independent,0.8,5,1,1,0.19999999999999996,rel::5/message_8.jpg::en
rel::5/message_8.jpg,fr,independent,0.8,5,1,1,0.19999999999999996,rel::5/message_8.jpg::fr
rel::5/message_8.jpg,ja,independent,0.6,5,1,1,0.4,rel::5/message_8.jpg::ja
rel::5/message_8.jpg,ru,independent,0.8,5,1,1,0.19999999999999996,rel::5/message_8.jpg::ru
rel::5/message_8.jpg,th,independent,0.8,5,0,1,-0.8,rel::5/message_8.jpg::th
rel::5/message_8.jpg,zh,independent,0.4,5,1,1,0.6,rel::5/message_8.jpg::zh
rel::5/message_9.jpg,en,dependent,0.8,5,1,1,0.19999999999999996,rel::5/message_9.jpg::en
rel::5/message_9.jpg,fr,dependent,0.8,5,1,1,0.19999999999999996,rel::5/message_9.jpg::fr
rel::5/message_9.jpg,ja,dependent,0.6,5,1,1,0.4,rel::5/message_9.jpg::ja
rel::5/message_9.jpg,ru,dependent,0.4,5,1,1,0.6,rel::5/message_9.jpg::ru
rel::5/message_9.jpg,th,dependent,0.4,5,0,1,-0.4,rel::5/message_9.jpg::th
rel::5/message_9.jpg,zh,dependent,0.6,5,1,1,0.4,rel::5/message_9.jpg::zh
rel::5/phone_1.jpg,en,dependent,0.8,5,1,1,0.19999999999999996,rel::5/phone_1.jpg::en
rel::5/phone_1.jpg,fr,dependent,0.6,5,1,1,0.4,rel::5/phone_1.jpg::fr
rel::5/phone_1.jpg,ja,dependent,0.6,5,1,1,0.4,rel::5/phone_1.jpg::ja
rel::5/phone_1.jpg,ru,dependent,1,5,1,1,0,rel::5/phone_1.jpg::ru
rel::5/phone_1.jpg,th,dependent,0.6,5,1,1,0.4,rel::5/phone_1.jpg::th
rel::5/phone_1.jpg,zh,dependent,1,5,1,1,0,rel::5/phone_1.jpg::zh
rel::5/phone_10.jpg,en,dependent,0,5,0,1,0,rel::5/phone_10.jpg::en
rel::5/phone_10.jpg,fr,dependent,0,5,0,1,0,rel::5/phone_10.jpg::fr
rel::5/phone_10.jpg,ja,dependent,0,5,0,1,0,rel::5/phone_10.jpg::ja
rel::5/phone_10.jpg,ru,dependent,0,5,0,1,0,rel::5/phone_10.jpg::ru
rel::5/phone_10.jpg,th,dependent,0,5,0,1,0,rel::5/phone_10.jpg::th
rel::5/phone_10.jpg,zh,dependent,0,5,0,1,0,rel::5/phone_10.jpg::zh
rel::5/phone_11.jpg,en,dependent,0,5,0,1,0,rel::5/phone_11.jpg::en
rel::5/phone_11.jpg,fr,dependent,0,5,0,1,0,rel::5/phone_11.jpg::fr
rel::5/phone_11.jpg,ja,dependent,0,5,0,1,0,rel::5/phone_11.jpg::ja
rel::5/phone_11.jpg,ru,dependent,0,5,0,1,0,rel::5/phone_11.jpg::ru
rel::5/phone_11.jpg,th,dependent,0,5,0,1,0,rel::5/phone_11.jpg::th
rel::5/phone_11.jpg,zh,dependent,0,5,0,1,0,rel::5/phone_11.jpg::zh
rel::5/phone_12.jpg,en,dependent,0.2,5,1,1,0.8,rel::5/phone_12.jpg::en
rel::5/phone_12.jpg,fr,dependent,0,5,1,1,1,rel::5/phone_12.jpg::fr
rel::5/phone_12.jpg,ja,dependent,0.2,5,0,1,-0.2,rel::5/phone_12.jpg::ja
rel::5/phone_12.jpg,ru,dependent,0.2,5,0,1,-0.2,rel::5/phone_12.jpg::ru
rel::5/phone_12.jpg,th,dependent,0.2,5,0,1,-0.2,rel::5/phone_12.jpg::th
rel::5/phone_12.jpg,zh,dependent,0,5,1,1,1,rel::5/phone_12.jpg::zh
rel::5/phone_13.jpg,en,dependent,0.8,5,1,1,0.19999999999999996,rel::5/phone_13.jpg::en
rel::5/phone_13.jpg,fr,dependent,0.8,5,1,1,0.19999999999999996,rel::5/phone_13.jpg::fr
rel::5/phone_13.jpg,ja,dependent,1,5,1,1,0,rel::5/phone_13.jpg::ja
rel::5/phone_13.jpg,ru,dependent,0.2,5,1,1,0.8,rel::5/phone_13.jpg::ru
rel::5/phone_13.jpg,th,dependent,0,5,0,1,0,rel::5/phone_13.jpg::th
rel::5/phone_13.jpg,zh,dependent,0.8,5,1,1,0.19999999999999996,rel::5/phone_13.jpg::zh
rel::5/phone_14.jpg,en,independent,0.4,5,0,1,-0.4,rel::5/phone_14.jpg::en
rel::5/phone_14.jpg,fr,independent,0.4,5,0,1,-0.4,rel::5/phone_14.jpg::fr
rel::5/phone_14.jpg,ja,independent,0.2,5,0,1,-0.2,rel::5/phone_14.jpg::ja
rel::5/phone_14.jpg,ru,independent,0.6,5,0,1,-0.6,rel::5/phone_14.jpg::ru
rel::5/phone_14.jpg,th,independent,0.8,5,1,1,0.19999999999999996,rel::5/phone_14.jpg::th
rel::5/phone_14.jpg,zh,independent,1,5,0,1,-1,rel::5/phone_14.jpg::zh
rel::5/phone_15.jpg,en,dependent,1,5,1,1,0,rel::5/phone_15.jpg::en
rel::5/phone_15.jpg,fr,dependent,0.8,5,1,1,0.19999999999999996,rel::5/phone_15.jpg::fr
rel::5/phone_15.jpg,ja,dependent,0.4,5,1,1,0.6,rel::5/phone_15.jpg::ja
rel::5/phone_15.jpg,ru,dependent,0.4,5,1,1,0.6,rel::5/phone_15.jpg::ru
rel::5/phone_15.jpg,th,dependent,0,5,0,1,0,rel::5/phone_15.jpg::th
rel::5/phone_15.jpg,zh,dependent,0.8,5,1,1,0.19999999999999996,rel::5/phone_15.jpg::zh
rel::5/phone_16.jpg,en,independent,0.2,5,0,1,-0.2,rel::5/phone_16.jpg::en
rel::5/phone_16.jpg,fr,independent,0,5,0,1,0,rel::5/phone_16.jpg::fr
rel::5/phone_16.jpg,ja,independent,0.6,5,1,1,0.4,rel::5/phone_16.jpg::ja
rel::5/phone_16.jpg,ru,independent,0,5,0,1,0,rel::5/phone_16.jpg::ru
rel::5/phone_16.jpg,th,independent,0,5,0,1,0,rel::5/phone_16.jpg::th
rel::5/phone_16.jpg,zh,independent,0.6,5,1,1,0.4,rel::5/phone_16.jpg::zh
rel::5/phone_17.jpg,en,dependent,1,5,1,1,0,rel::5/phone_17.jpg::en
rel::5/phone_17.jpg,fr,dependent,1,5,1,1,0,rel::5/phone_17.jpg::fr
rel::5/phone_17.jpg,ja,dependent,1,5,1,1,0,rel::5/phone_17.jpg::ja
rel::5/phone_17.jpg,ru,dependent,1,5,1,1,0,rel::5/phone_17.jpg::ru
rel::5/phone_17.jpg,th,dependent,1,5,0,1,-1,rel::5/phone_17.jpg::th
rel::5/phone_17.jpg,zh,dependent,1,5,1,1,0,rel::5/phone_17.jpg::zh
rel::5/phone_18.jpg,en,dependent,0.8,5,1,1,0.19999999999999996,rel::5/phone_18.jpg::en
rel::5/phone_18.jpg,fr,dependent,0.4,5,1,1,0.6,rel::5/phone_18.jpg::fr
rel::5/phone_18.jpg,ja,dependent,0.4,5,1,1,0.6,rel::5/phone_18.jpg::ja
rel::5/phone_18.jpg,ru,dependent,1,5,1,1,0,rel::5/phone_18.jpg::ru
rel::5/phone_18.jpg,th,dependent,1,5,0,1,-1,rel::5/phone_18.jpg::th
rel::5/phone_18.jpg,zh,dependent,0.6,5,1,1,0.4,rel::5/phone_18.jpg::zh
rel::5/phone_2.jpg,en,dependent,0,5,1,1,1,rel::5/phone_2.jpg::en
rel::5/phone_2.jpg,fr,dependent,0.2,5,0,1,-0.2,rel::5/phone_2.jpg::fr
rel::5/phone_2.jpg,ja,dependent,0,5,0,1,0,rel::5/phone_2.jpg::ja
rel::5/phone_2.jpg,ru,dependent,0,5,0,1,0,rel::5/phone_2.jpg::ru
rel::5/phone_2.jpg,th,dependent,0,5,0,1,0,rel::5/phone_2.jpg::th
rel::5/phone_2.jpg,zh,dependent,0.2,5,0,1,-0.2,rel::5/phone_2.jpg::zh
rel::5/phone_3.jpg,en,dependent,1,5,1,1,0,rel::5/phone_3.jpg::en
rel::5/phone_3.jpg,fr,dependent,0.4,5,1,1,0.6,rel::5/phone_3.jpg::fr
rel::5/phone_3.jpg,ja,dependent,0.2,5,1,1,0.8,rel::5/phone_3.jpg::ja
rel::5/phone_3.jpg,ru,dependent,0,5,1,1,1,rel::5/phone_3.jpg::ru
rel::5/phone_3.jpg,th,dependent,0,5,0,1,0,rel::5/phone_3.jpg::th
rel::5/phone_3.jpg,zh,dependent,0.2,5,0,1,-0.2,rel::5/phone_3.jpg::zh
rel::5/phone_4.jpg,en,dependent,0.6,5,1,1,0.4,rel::5/phone_4.jpg::en
rel::5/phone_4.jpg,fr,dependent,0,5,1,1,1,rel::5/phone_4.jpg::fr
rel::5/phone_4.jpg,ja,dependent,0.2,5,1,1,0.8,rel::5/phone_4.jpg::ja
rel::5/phone_4.jpg,ru,dependent,0,5,0,1,0,rel::5/phone_4.jpg::ru
rel::5/phone_4.jpg,th,dependent,0,5,0,1,0,rel::5/phone_4.jpg::th
rel::5/phone_4.jpg,zh,dependent,0.6,5,1,1,0.4,rel::5/phone_4.jpg::zh
rel::5/phone_5.jpg,en,dependent,0.2,5,1,1,0.8,rel::5/phone_5.jpg::en
rel::5/phone_5.jpg,fr,dependent,0.4,5,0,1,-0.4,rel::5/phone_5.jpg::fr
rel::5/phone_5.jpg,ja,dependent,0.2,5,0,1,-0.2,rel::5/phone_5.jpg::ja
rel::5/phone_5.jpg,ru,dependent,0.4,5,0,1,-0.4,rel::5/phone_5.jpg::ru
rel::5/phone_5.jpg,th,dependent,0.4,5,0,1,-0.4,rel::5/phone_5.jpg::th
rel::5/phone_5.jpg,zh,dependent,0.2,5,0,1,-0.2,rel::5/phone_5.jpg::zh
rel::5/phone_6.jpg,en,dependent,0.8,5,1,1,0.19999999999999996,rel::5/phone_6.jpg::en
rel::5/phone_6.jpg,fr,dependent,0.8,5,1,1,0.19999999999999996,rel::5/phone_6.jpg::fr
rel::5/phone_6.jpg,ja,dependent,0.6,5,1,1,0.4,rel::5/phone_6.jpg::ja
rel::5/phone_6.jpg,ru,dependent,1,5,1,1,0,rel::5/phone_6.jpg::ru
rel::5/phone_6.jpg,th,dependent,1,5,1,1,0,rel::5/phone_6.jpg::th
rel::5/phone_6.jpg,zh,dependent,0.6,5,1,1,0.4,rel::5/phone_6.jpg::zh
rel::5/phone_7.jpg,en,dependent,0.4,5,1,1,0.6,rel::5/phone_7.jpg::en
rel::5/phone_7.jpg,fr,dependent,0,5,1,1,1,rel::5/phone_7.jpg::fr
rel::5/phone_7.jpg,ja,dependent,0.2,5,1,1,0.8,rel::5/phone_7.jpg::ja
rel::5/phone_7.jpg,ru,dependent,0,5,0,1,0,rel::5/phone_7.jpg::ru
rel::5/phone_7.jpg,th,dependent,0,5,0,1,0,rel::5/phone_7.jpg::th
rel::5/phone_7.jpg,zh,dependent,0.2,5,1,1,0.8,rel::5/phone_7.jpg::zh
rel::5/phone_8.jpg,en,dependent,0.2,5,1,1,0.8,rel::5/phone_8.jpg::en
rel::5/phone_8.jpg,fr,dependent,0,5,0,1,0,rel::5/phone_8.jpg::fr
rel::5/phone_8.jpg,ja,dependent,0,5,0,1,0,rel::5/phone_8.jpg::ja
rel::5/phone_8.jpg,ru,dependent,0,5,1,1,1,rel::5/phone_8.jpg::ru
rel::5/phone_8.jpg,th,dependent,0,5,0,1,0,rel::5/phone_8.jpg::th
rel::5/phone_8.jpg,zh,dependent,0,5,0,1,0,rel::5/phone_8.jpg::zh
rel::5/phone_9.jpg,en,dependent,0.8,5,1,1,0.19999999999999996,rel::5/phone_9.jpg::en
rel::5/phone_9.jpg,fr,dependent,0.4,5,1,1,0.6,rel::5/phone_9.jpg::fr
rel::5/phone_9.jpg,ja,dependent,0.6,5,1,1,0.4,rel::5/phone_9.jpg::ja
rel::5/phone_9.jpg,ru,dependent,0.6,5,1,1,0.4,rel::5/phone_9.jpg::ru
rel::5/phone_9.jpg,th,dependent,0.6,5,0,1,-0.6,rel::5/phone_9.jpg::th
rel::5/phone_9.jpg,zh,dependent,1,5,1,1,0,rel::5/phone_9.jpg::zh
rel::5/record_1.jpg,en,dependent,0.8,5,1,1,0.19999999999999996,rel::5/record_1.jpg::en
rel::5/record_1.jpg,fr,dependent,0.8,5,1,1,0.19999999999999996,rel::5/record_1.jpg::fr
rel::5/record_1.jpg,ja,dependent,0.4,5,1,1,0.6,rel::5/record_1.jpg::ja
rel::5/record_1.jpg,ru,dependent,0.8,5,1,1,0.19999999999999996,rel::5/record_1.jpg::ru
rel::5/record_1.jpg,th,dependent,1,5,0,1,-1,rel::5/record_1.jpg::th
rel::5/record_1.jpg,zh,dependent,0.6,5,1,1,0.4,rel::5/record_1.jpg::zh
rel::5/record_10.jpg,en,dependent,1,5,1,1,0,rel::5/record_10.jpg::en
rel::5/record_10.jpg,fr,dependent,0.8,5,1,1,0.19999999999999996,rel::5/record_10.jpg::fr
rel::5/record_10.jpg,ja,dependent,0,5,1,1,1,rel::5/record_10.jpg::ja
rel::5/record_10.jpg,ru,dependent,0,5,1,1,1,rel::5/record_10.jpg::ru
rel::5/record_10.jpg,th,dependent,0,5,0,1,0,rel::5/record_10.jpg::th
rel::5/record_10.jpg,zh,dependent,0.8,5,1,1,0.19999999999999996,rel::5/record_10.jpg::zh
rel::5/record_11.jpg,en,dependent,1,5,1,1,0,rel::5/record_11.jpg::en
rel::5/record_11.jpg,fr,dependent,1,5,1,1,0,rel::5/record_11.jpg::fr
rel::5/record_11.jpg,ja,dependent,1,5,1,1,0,rel::5/record_11.jpg::ja
rel::5/record_11.jpg,ru,dependent,1,5,1,1,0,rel::5/record_11.jpg::ru
rel::5/record_11.jpg,th,dependent,1,5,1,1,0,rel::5/record_11.jpg::th
rel::5/record_11.jpg,zh,dependent,1,5,1,1,0,rel::5/record_11.jpg::zh
rel::5/record_12.jpg,en,dependent,0.4,5,1,1,0.6,rel::5/record_12.jpg::en
rel::5/record_12.jpg,fr,dependent,0.6,5,0,1,-0.6,rel::5/record_12.jpg::fr
rel::5/record_12.jpg,ja,dependent,0.4,5,1,1,0.6,rel::5/record_12.jpg::ja
rel::5/record_12.jpg,ru,dependent,0.4,5,0,1,-0.4,rel::5/record_12.jpg::ru
rel::5/record_12.jpg,th,dependent,0.8,5,0,1,-0.8,rel::5/record_12.jpg::th
rel::5/record_12.jpg,zh,dependent,0.4,5,0,1,-0.4,rel::5/record_12.jpg::zh
rel::5/record_13.jpg,en,independent,1,5,1,1,0,rel::5/record_13.jpg::en
rel::5/record_13.jpg,fr,independent,1,5,1,1,0,rel::5/record_13.jpg::fr
rel::5/record_13.jpg,ja,independent,1,5,1,1,0,rel::5/record_13.jpg::ja
rel::5/record_13.jpg,ru,independent,1,5,1,1,0,rel::5/record_13.jpg::ru
rel::5/record_13.jpg,th,independent,1,5,1,1,0,rel::5/record_13.jpg::th
rel::5/record_13.jpg,zh,independent,1,5,1,1,0,rel::5/record_13.jpg::zh
rel::5/record_14.jpg,en,dependent,0.8,5,1,1,0.19999999999999996,rel::5/record_14.jpg::en
rel::5/record_14.jpg,fr,dependent,1,5,0,1,-1,rel::5/record_14.jpg::fr
rel::5/record_14.jpg,ja,dependent,1,5,1,1,0,rel::5/record_14.jpg::ja
rel::5/record_14.jpg,ru,dependent,1,5,0,1,-1,rel::5/record_14.jpg::ru
rel::5/record_14.jpg,th,dependent,0.8,5,1,1,0.19999999999999996,rel::5/record_14.jpg::th
rel::5/record_14.jpg,zh,dependent,1,5,1,1,0,rel::5/record_14.jpg::zh
rel::5/record_15.jpg,en,dependent,0.8,5,1,1,0.19999999999999996,rel::5/record_15.jpg::en
rel::5/record_15.jpg,fr,dependent,1,5,0,1,-1,rel::5/record_15.jpg::fr
rel::5/record_15.jpg,ja,dependent,1,5,1,1,0,rel::5/record_15.jpg::ja
rel::5/record_15.jpg,ru,dependent,0.8,5,0,1,-0.8,rel::5/record_15.jpg::ru
rel::5/record_15.jpg,th,dependent,1,5,0,1,-1,rel::5/record_15.jpg::th
rel::5/record_15.jpg,zh,dependent,0.6,5,1,1,0.4,rel::5/record_15.jpg::zh
rel::5/record_16.jpg,en,dependent,0.8,5,1,1,0.19999999999999996,rel::5/record_16.jpg::en
rel::5/record_16.jpg,fr,dependent,0.8,5,1,1,0.19999999999999996,rel::5/record_16.jpg::fr
rel::5/record_16.jpg,ja,dependent,0.2,5,1,1,0.8,rel::5/record_16.jpg::ja
rel::5/record_16.jpg,ru,dependent,0.4,5,1,1,0.6,rel::5/record_16.jpg::ru
rel::5/record_16.jpg,th,dependent,0.4,5,0,1,-0.4,rel::5/record_16.jpg::th
rel::5/record_16.jpg,zh,dependent,0.8,5,1,1,0.19999999999999996,rel::5/record_16.jpg::zh
rel::5/record_17.jpg,en,dependent,0.6,5,1,1,0.4,rel::5/record_17.jpg::en
rel::5/record_17.jpg,fr,dependent,0.4,5,1,1,0.6,rel::5/record_17.jpg::fr
rel::5/record_17.jpg,ja,dependent,0.2,5,0,1,-0.2,rel::5/record_17.jpg::ja
rel::5/record_17.jpg,ru,dependent,0,5,0,1,0,rel::5/record_17.jpg::ru
rel::5/record_17.jpg,th,dependent,0,5,0,1,0,rel::5/record_17.jpg::th
rel::5/record_17.jpg,zh,dependent,0,5,0,1,0,rel::5/record_17.jpg::zh
rel::5/record_18.jpg,en,dependent,0.8,5,1,1,0.19999999999999996,rel::5/record_18.jpg::en
rel::5/record_18.jpg,fr,dependent,0.4,5,1,1,0.6,rel::5/record_18.jpg::fr
rel::5/record_18.jpg,ja,dependent,0.2,5,1,1,0.8,rel::5/record_18.jpg::ja
rel::5/record_18.jpg,ru,dependent,0.2,5,1,1,0.8,rel::5/record_18.jpg::ru
rel::5/record_18.jpg,th,dependent,0.4,5,0,1,-0.4,rel::5/record_18.jpg::th
rel::5/record_18.jpg,zh,dependent,0.8,5,1,1,0.19999999999999996,rel::5/record_18.jpg::zh
rel::5/record_19.jpg,en,dependent,0.4,5,1,1,0.6,rel::5/record_19.jpg::en
rel::5/record_19.jpg,fr,dependent,0.4,5,1,1,0.6,rel::5/record_19.jpg::fr
rel::5/record_19.jpg,ja,dependent,0.4,5,0,1,-0.4,rel::5/record_19.jpg::ja
rel::5/record_19.jpg,ru,dependent,0.2,5,1,1,0.8,rel::5/record_19.jpg::ru
rel::5/record_19.jpg,th,dependent,0,5,0,1,0,rel::5/record_19.jpg::th
rel::5/record_19.jpg,zh,dependent,0,5,0,1,0,rel::5/record_19.jpg::zh
rel::5/record_2.jpg,en,dependent,0.4,5,1,1,0.6,rel::5/record_2.jpg::en
rel::5/record_2.jpg,fr,dependent,0.4,5,1,1,0.6,rel::5/record_2.jpg::fr
rel::5/record_2.jpg,ja,dependent,0.4,5,1,1,0.6,rel::5/record_2.jpg::ja
rel::5/record_2.jpg,ru,dependent,0.8,5,0,1,-0.8,rel::5/record_2.jpg::ru
rel::5/record_2.jpg,th,dependent,0,5,1,1,1,rel::5/record_2.jpg::th
rel::5/record_2.jpg,zh,dependent,0.2,5,1,1,0.8,rel::5/record_2.jpg::zh
rel::5/record_20.jpg,en,dependent,1,5,1,1,0,rel::5/record_20.jpg::en
rel::5/record_20.jpg,fr,dependent,1,5,1,1,0,rel::5/record_20.jpg::fr
rel::5/record_20.jpg,ja,dependent,0.6,5,0,1,-0.6,rel::5/record_20.jpg::ja
rel::5/record_20.jpg,ru,dependent,1,5,0,1,-1,rel::5/record_20.jpg::ru
rel::5/record_20.jpg,th,dependent,1,5,1,1,0,rel::5/record_20.jpg::th
rel::5/record_20.jpg,zh,dependent,0.8,5,1,1,0.19999999999999996,rel::5/record_20.jpg::zh
rel::5/record_3.jpg,en,dependent,0.8,5,1,1,0.19999999999999996,rel::5/record_3.jpg::en
rel::5/record_3.jpg,fr,dependent,0.8,5,1,1,0.19999999999999996,rel::5/record_3.jpg::fr
rel::5/record_3.jpg,ja,dependent,0.4,5,1,1,0.6,rel::5/record_3.jpg::ja
rel::5/record_3.jpg,ru,dependent,0.4,5,1,1,0.6,rel::5/record_3.jpg::ru
rel::5/record_3.jpg,th,dependent,0.6,5,0,1,-0.6,rel::5/record_3.jpg::th
rel::5/record_3.jpg,zh,dependent,0.2,5,1,1,0.8,rel::5/record_3.jpg::zh
rel::5/record_4.jpg,en,independent,1,5,1,1,0,rel::5/record_4.jpg::en
rel::5/record_4.jpg,fr,independent,1,5,1,1,0,rel::5/record_4.jpg::fr
rel::5/record_4.jpg,ja,independent,1,5,1,1,0,rel::5/record_4.jpg::ja
rel::5/record_4.jpg,ru,independent,1,5,1,1,0,rel::5/record_4.jpg::ru
rel::5/record_4.jpg,th,independent,1,5,1,1,0,rel::5/record_4.jpg::th
rel::5/record_4.jpg,zh,independent,1,5,1,1,0,rel::5/record_4.jpg::zh
rel::5/record_5.jpg,en,dependent,1,5,1,1,0,rel::5/record_5.jpg::en
rel::5/record_5.jpg,fr,dependent,1,5,1,1,0,rel::5/record_5.jpg::fr
rel::5/record_5.jpg,ja,dependent,1,5,1,1,0,rel::5/record_5.jpg::ja
rel::5/record_5.jpg,ru,dependent,1,5,1,1,0,rel::5/record_5.jpg::ru
rel::5/record_5.jpg,th,dependent,1,5,1,1,0,rel::5/record_5.jpg::th
rel::5/record_5.jpg,zh,dependent,1,5,1,1,0,rel::5/record_5.jpg::zh
rel::5/record_6.jpg,en,independent,1,5,1,1,0,rel::5/record_6.jpg::en
rel::5/record_6.jpg,fr,independent,1,5,1,1,0,rel::5/record_6.jpg::fr
rel::5/record_6.jpg,ja,independent,1,5,1,1,0,rel::5/record_6.jpg::ja
rel::5/record_6.jpg,ru,independent,1,5,1,1,0,rel::5/record_6.jpg::ru
rel::5/record_6.jpg,th,independent,1,5,1,1,0,rel::5/record_6.jpg::th
rel::5/record_6.jpg,zh,independent,1,5,1,1,0,rel::5/record_6.jpg::zh
rel::5/record_7.jpg,en,dependent,1,5,1,1,0,rel::5/record_7.jpg::en
rel::5/record_7.jpg,fr,dependent,1,5,1,1,0,rel::5/record_7.jpg::fr
rel::5/record_7.jpg,ja,dependent,1,5,1,1,0,rel::5/record_7.jpg::ja
rel::5/record_7.jpg,ru,dependent,1,5,1,1,0,rel::5/record_7.jpg::ru
rel::5/record_7.jpg,th,dependent,1,5,1,1,0,rel::5/record_7.jpg::th
rel::5/record_7.jpg,zh,dependent,1,5,1,1,0,rel::5/record_7.jpg::zh
rel::5/record_8.jpg,en,dependent,0.6,5,1,1,0.4,rel::5/record_8.jpg::en
rel::5/record_8.jpg,fr,dependent,0.8,5,1,1,0.19999999999999996,rel::5/record_8.jpg::fr
rel::5/record_8.jpg,ja,dependent,0.8,5,0,1,-0.8,rel::5/record_8.jpg::ja
rel::5/record_8.jpg,ru,dependent,0,5,1,1,1,rel::5/record_8.jpg::ru
rel::5/record_8.jpg,th,dependent,0.6,5,0,1,-0.6,rel::5/record_8.jpg::th
rel::5/record_8.jpg,zh,dependent,0.6,5,0,1,-0.6,rel::5/record_8.jpg::zh
rel::5/record_9.jpg,en,independent,0.4,5,1,1,0.6,rel::5/record_9.jpg::en
rel::5/record_9.jpg,fr,independent,0.8,5,1,1,0.19999999999999996,rel::5/record_9.jpg::fr
rel::5/record_9.jpg,ja,independent,0.4,5,1,1,0.6,rel::5/record_9.jpg::ja
rel::5/record_9.jpg,ru,independent,0.6,5,0,1,-0.6,rel::5/record_9.jpg::ru
rel::5/record_9.jpg,th,independent,1,5,0,1,-1,rel::5/record_9.jpg::th
rel::5/record_9.jpg,zh,independent,0.4,5,1,1,0.6,rel::5/record_9.jpg::zh
rel::6/camera_1.jpg,en,dependent,1,5,1,1,0,rel::6/camera_1.jpg::en
rel::6/camera_1.jpg,fr,dependent,1,5,1,1,0,rel::6/camera_1.jpg::fr
rel::6/camera_1.jpg,ja,dependent,0.8,5,1,1,0.19999999999999996,rel::6/camera_1.jpg::ja
rel::6/camera_1.jpg,ru,dependent,1,5,1,1,0,rel::6/camera_1.jpg::ru
rel::6/camera_1.jpg,th,dependent,0.6,5,1,1,0.4,rel::6/camera_1.jpg::th
rel::6/camera_1.jpg,zh,dependent,1,5,1,1,0,rel::6/camera_1.jpg::zh
rel::6/camera_10.jpg,en,independent,0.2,5,0,1,-0.2,rel::6/camera_10.jpg::en
rel::6/camera_10.jpg,fr,independent,0.2,5,0,1,-0.2,rel::6/camera_10.jpg::fr
rel::6/camera_10.jpg,ja,independent,0.2,5,0,1,-0.2,rel::6/camera_10.jpg::ja
rel::6/camera_10.jpg,ru,independent,0.2,5,0,1,-0.2,rel::6/camera_10.jpg::ru
rel::6/camera_10.jpg,th,independent,0,5,1,1,1,rel::6/camera_10.jpg::th
rel::6/camera_10.jpg,zh,independent,0.2,5,0,1,-0.2,rel::6/camera_10.jpg::zh
rel::6/camera_2.jpg,en,independent,0.4,5,1,1,0.6,rel::6/camera_2.jpg::en
rel::6/camera_2.jpg,fr,independent,0.2,5,1,1,0.8,rel::6/camera_2.jpg::fr
rel::6/camera_2.jpg,ja,independent,0.6,5,0,1,-0.6,rel::6/camera_2.jpg::ja
rel::6/camera_2.jpg,ru,independent,0.4,5,1,1,0.6,rel::6/camera_2.jpg::ru
rel::6/camera_2.jpg,th,independent,0.6,5,0,1,-0.6,rel::6/camera_2.jpg::th
rel::6/camera_2.jpg,zh,independent,0.6,5,0,1,-0.6,rel::6/camera_2.jpg::zh
rel::6/camera_3.jpg,en,independent,0,5,0,1,0,rel::6/camera_3.jpg::en
rel::6/camera_3.jpg,fr,independent,0,5,0,1,0,rel::6/camera_3.jpg::fr
rel::6/camera_3.jpg,ja,independent,0.2,5,0,1,-0.2,rel::6/camera_3.jpg::ja
rel::6/camera_3.jpg,ru,independent,0,5,0,1,0,rel::6/camera_3.jpg::ru
rel::6/camera_3.jpg,th,independent,0,5,0,1,0,rel::6/camera_3.jpg::th
rel::6/camera_3.jpg,zh,independent,0,5,0,1,0,rel::6/camera_3.jpg::zh
rel::6/camera_4.jpg,en,dependent,1,5,1,1,0,rel::6/camera_4.jpg::en
rel::6/camera_4.jpg,fr,dependent,1,5,1,1,0,rel::6/camera_4.jpg::fr
rel::6/camera_4.jpg,ja,dependent,0.2,5,1,1,0.8,rel::6/camera_4.jpg::ja
rel::6/camera_4.jpg,ru,dependent,0,5,1,1,1,rel::6/camera_4.jpg::ru
rel::6/camera_4.jpg,th,dependent,0.2,5,1,1,0.8,rel::6/camera_4.jpg::th
rel::6/camera_4.jpg,zh,dependent,0.2,5,1,1,0.8,rel::6/camera_4.jpg::zh
rel::6/camera_5.jpg,en,dependent,1,5,0,1,-1,rel::6/camera_5.jpg::en
rel::6/camera_5.jpg,fr,dependent,0.8,5,1,1,0.19999999999999996,rel::6/camera_5.jpg::fr
rel::6/camera_5.jpg,ja,dependent,0.8,5,0,1,-0.8,rel::6/camera_5.jpg::ja
rel::6/camera_5.jpg,ru,dependent,0.4,5,1,1,0.6,rel::6/camera_5.jpg::ru
rel::6/camera_5.jpg,th,dependent,0.8,5,1,1,0.19999999999999996,rel::6/camera_5.jpg::th
rel::6/camera_5.jpg,zh,dependent,0.8,5,1,1,0.19999999999999996,rel::6/camera_5.jpg::zh
rel::6/camera_6.jpg,en,dependent,0.6,5,1,1,0.4,rel::6/camera_6.jpg::en
rel::6/camera_6.jpg,fr,dependent,0.4,5,1,1,0.6,rel::6/camera_6.jpg::fr
rel::6/camera_6.jpg,ja,dependent,0,5,1,1,1,rel::6/camera_6.jpg::ja
rel::6/camera_6.jpg,ru,dependent,0.2,5,0,1,-0.2,rel::6/camera_6.jpg::ru
rel::6/camera_6.jpg,th,dependent,0,5,0,1,0,rel::6/camera_6.jpg::th
rel::6/camera_6.jpg,zh,dependent,0,5,0,1,0,rel::6/camera_6.jpg::zh
rel::6/camera_7.jpg,en,independent,0.2,5,0,1,-0.2,rel::6/camera_7.jpg::en
rel::6/camera_7.jpg,fr,independent,0.2,5,0,1,-0.2,rel::6/camera_7.jpg::fr
rel::6/camera_7.jpg,ja,independent,0,5,0,1,0,rel::6/camera_7.jpg::ja
rel::6/camera_7.jpg,ru,independent,0,5,0,1,0,rel::6/camera_7.jpg::ru
rel::6/camera_7.jpg,th,independent,0,5,0,1,0,rel::6/camera_7.jpg::th
rel::6/camera_7.jpg,zh,independent,0,5,1,1,1,rel::6/camera_7.jpg::zh
rel::6/camera_8.jpg,en,dependent,0.2,5,1,1,0.8,rel::6/camera_8.jpg::en
rel::6/camera_8.jpg,fr,dependent,0.6,5,0,1,-0.6,rel::6/camera_8.jpg::fr
rel::6/camera_8.jpg,ja,dependent,0,5,0,1,0,rel::6/camera_8.jpg::ja
rel::6/camera_8.jpg,ru,dependent,0.8,5,0,1,-0.8,rel::6/camera_8.jpg::ru
rel::6/camera_8.jpg,th,dependent,0.4,5,0,1,-0.4,rel::6/camera_8.jpg::th
rel::6/camera_8.jpg,zh,dependent,0.4,5,0,1,-0.4,rel::6/camera_8.jpg::zh
rel::6/camera_9.jpg,en,dependent,0,5,0,1,0,rel::6/camera_9.jpg::en
rel::6/camera_9.jpg,fr,dependent,0.4,5,0,1,-0.4,rel::6/camera_9.jpg::fr
rel::6/camera_9.jpg,ja,dependent,0,5,0,1,0,rel::6/camera_9.jpg::ja
rel::6/camera_9.jpg,ru,dependent,0.2,5,0,1,-0.2,rel::6/camera_9.jpg::ru
rel::6/camera_9.jpg,th,dependent,0,5,0,1,0,rel::6/camera_9.jpg::th
rel::6/camera_9.jpg,zh,dependent,0,5,0,1,0,rel::6/camera_9.jpg::zh
rel::6/health_1.jpg,en,dependent,0.8,5,1,1,0.19999999999999996,rel::6/health_1.jpg::en
rel::6/health_1.jpg,fr,dependent,0.2,5,1,1,0.8,rel::6/health_1.jpg::fr
rel::6/health_1.jpg,ja,dependent,0,5,1,1,1,rel::6/health_1.jpg::ja
rel::6/health_1.jpg,ru,dependent,0.2,5,1,1,0.8,rel::6/health_1.jpg::ru
rel::6/health_1.jpg,th,dependent,0,5,0,1,0,rel::6/health_1.jpg::th
rel::6/health_1.jpg,zh,dependent,0.8,5,1,1,0.19999999999999996,rel::6/health_1.jpg::zh
rel::6/health_10.jpg,en,dependent,0.8,5,1,1,0.19999999999999996,rel::6/health_10.jpg::en
rel::6/health_10.jpg,fr,dependent,0.8,5,1,1,0.19999999999999996,rel::6/health_10.jpg::fr
rel::6/health_10.jpg,ja,dependent,0.6,5,1,1,0.4,rel::6/health_10.jpg::ja
rel::6/health_10.jpg,ru,dependent,0.8,5,1,1,0.19999999999999996,rel::6/health_10.jpg::ru
rel::6/health_10.jpg,th,dependent,0.6,5,0,1,-0.6,rel::6/health_10.jpg::th
rel::6/health_10.jpg,zh,dependent,0.8,5,1,1,0.19999999999999996,rel::6/health_10.jpg::zh
rel::6/health_2.jpg,en,dependent,1,5,1,1,0,rel::6/health_2.jpg::en
rel::6/health_2.jpg,fr,dependent,0.6,5,1,1,0.4,rel::6/health_2.jpg::fr
rel::6/health_2.jpg,ja,dependent,0.8,5,0,1,-0.8,rel::6/health_2.jpg::ja
rel::6/health_2.jpg,ru,dependent,0.4,5,1,1,0.6,rel::6/health_2.jpg::ru
rel::6/health_2.jpg,th,dependent,0.6,5,1,1,0.4,rel::6/health_2.jpg::th
rel::6/health_2.jpg,zh,dependent,0.8,5,1,1,0.19999999999999996,rel::6/health_2.jpg::zh
rel::6/health_3.jpg,en,dependent,0.4,5,1,1,0.6,rel::6/health_3.jpg::en
rel::6/health_3.jpg,fr,dependent,0.2,5,0,1,-0.2,rel::6/health_3.jpg::fr
rel::6/health_3.jpg,ja,dependent,0.2,5,0,1,-0.2,rel::6/health_3.jpg::ja
rel::6/health_3.jpg,ru,dependent,0,5,0,1,0,rel::6/health_3.jpg::ru
rel::6/health_3.jpg,th,dependent,0,5,0,1,0,rel::6/health_3.jpg::th
rel::6/health_3.jpg,zh,dependent,0.4,5,1,1,0.6,rel::6/health_3.jpg::zh
rel::6/health_4.jpg,en,independent,0.2,5,0,1,-0.2,rel::6/health_4.jpg::en
rel::6/health_4.jpg,fr,independent,0.8,5,1,1,0.19999999999999996,rel::6/health_4.jpg::fr
rel::6/health_4.jpg,ja,independent,1,5,1,1,0,rel::6/health_4.jpg::ja
rel::6/health_4.jpg,ru,independent,1,5,1,1,0,rel::6/health_4.jpg::ru
rel::6/health_4.jpg,th,independent,1,5,1,1,0,rel::6/health_4.jpg::th
rel::6/health_4.jpg,zh,independent,0.2,5,0,1,-0.2,rel::6/health_4.jpg::zh
rel::6/health_5.jpg,en,dependent,0.8,5,1,1,0.19999999999999996,rel::6/health_5.jpg::en
rel::6/health_5.jpg,fr,dependent,0.4,5,1,1,0.6,rel::6/health_5.jpg::fr
rel::6/health_5.jpg,ja,dependent,0.4,5,0,1,-0.4,rel::6/health_5.jpg::ja
rel::6/health_5.jpg,ru,dependent,0.2,5,1,1,0.8,rel::6/health_5.jpg::ru
rel::6/health_5.jpg,th,dependent,0.4,5,0,1,-0.4,rel::6/health_5.jpg::th
rel::6/health_5.jpg,zh,dependent,0.6,5,1,1,0.4,rel::6/health_5.jpg::zh
rel::6/health_6.jpg,en,dependent,1,5,1,1,0,rel::6/health_6.jpg::en
rel::6/health_6.jpg,fr,dependent,1,5,1,1,0,rel::6/health_6.jpg::fr
rel::6/health_6.jpg,ja,dependent,1,5,1,1,0,rel::6/health_6.jpg::ja
rel::6/health_6.jpg,ru,dependent,0.6,5,1,1,0.4,rel::6/health_6.jpg::ru
rel::6/health_6.jpg,th,dependent,1,5,0,1,-1,rel::6/health_6.jpg::th
rel::6/health_6.jpg,zh,dependent,1,5,1,1,0,rel::6/health_6.jpg::zh
rel::6/health_7.jpg,en,dependent,0.2,5,0,1,-0.2,rel::6/health_7.jpg::en
rel::6/health_7.jpg,fr,dependent,0,5,0,1,0,rel::6/health_7.jpg::fr
rel::6/health_7.jpg,ja,dependent,0,5,0,1,0,rel::6/health_7.jpg::ja
rel::6/health_7.jpg,ru,dependent,0,5,0,1,0,rel::6/health_7.jpg::ru
rel::6/health_7.jpg,th,dependent,0,5,0,1,0,rel::6/health_7.jpg::th
rel::6/health_7.jpg,zh,dependent,0,5,0,1,0,rel::6/health_7.jpg::zh
rel::6/health_8.jpg,en,independent,1,5,1,1,0,rel::6/health_8.jpg::en
rel::6/health_8.jpg,fr,independent,1,5,1,1,0,rel::6/health_8.jpg::fr
rel::6/health_8.jpg,ja,independent,1,5,1,1,0,rel::6/health_8.jpg::ja
rel::6/health_8.jpg,ru,independent,1,5,1,1,0,rel::6/health_8.jpg::ru
rel::6/health_8.jpg,th,independent,1,5,1,1,0,rel::6/health_8.jpg::th
rel::6/health_8.jpg,zh,independent,1,5,1,1,0,rel::6/health_8.jpg::zh
rel::6/health_9.jpg,en,dependent,0.4,5,1,1,0.6,rel::6/health_9.jpg::en
rel::6/health_9.jpg,fr,dependent,0.4,5,0,1,-0.4,rel::6/health_9.jpg::fr
rel::6/health_9.jpg,ja,dependent,0.2,5,0,1,-0.2,rel::6/health_9.jpg::ja
rel::6/health_9.jpg,ru,dependent,0.8,5,0,1,-0.8,rel::6/health_9.jpg::ru
rel::6/health_9.jpg,th,dependent,0,5,1,1,1,rel::6/health_9.jpg::th
rel::6/health_9.jpg,zh,dependent,0.4,5,0,1,-0.4,rel::6/health_9.jpg::zh
rel::6/message_1.jpg,en,independent,0.6,5,1,1,0.4,rel::6/message_1.jpg::en
rel::6/message_1.jpg,fr,independent,0.6,5,1,1,0.4,rel::6/message_1.jpg::fr
rel::6/message_1.jpg,ja,independent,0.8,5,1,1,0.19999999999999996,rel::6/message_1.jpg::ja
rel::6/message_1.jpg,ru,independent,0.8,5,0,1,-0.8,rel::6/message_1.jpg::ru
rel::6/message_1.jpg,th,independent,0.8,5,0,1,-0.8,rel::6/message_1.jpg::th
rel::6/message_1.jpg,zh,independent,0.8,5,1,1,0.19999999999999996,rel::6/message_1.jpg::zh
rel::6/message_10.jpg,en,dependent,0.4,5,1,1,0.6,rel::6/message_10.jpg::en
rel::6/message_10.jpg,fr,dependent,0.4,5,1,1,0.6,rel::6/message_10.jpg::fr
rel::6/message_10.jpg,ja,dependent,0.2,5,1,1,0.8,rel::6/message_10.jpg::ja
rel::6/message_10.jpg,ru,dependent,0.2,5,0,1,-0.2,rel::6/message_10.jpg::ru
rel::6/message_10.jpg,th,dependent,0,5,0,1,0,rel::6/message_10.jpg::th
rel::6/message_10.jpg,zh,dependent,0,5,0,1,0,rel::6/message_10.jpg::zh
rel::6/message_2.jpg,en,independent,1,5,1,1,0,rel::6/message_2.jpg::en
rel::6/message_2.jpg,fr,independent,1,5,1,1,0,rel::6/message_2.jpg::fr
rel::6/message_2.jpg,ja,independent,0.8,5,1,1,0.19999999999999996,rel::6/message_2.jpg::ja
rel::6/message_2.jpg,ru,independent,0.8,5,1,1,0.19999999999999996,rel::6/message_2.jpg::ru
rel::6/message_2.jpg,th,independent,1,5,0,1,-1,rel::6/message_2.jpg::th
rel::6/message_2.jpg,zh,independent,0.8,5,1,1,0.19999999999999996,rel::6/message_2.jpg::zh
rel::6/message_3.jpg,en,dependent,1,5,1,1,0,rel::6/message_3.jpg::en
rel::6/message_3.jpg,fr,dependent,0.6,5,1,1,0.4,rel::6/message_3.jpg::fr
rel::6/message_3.jpg,ja,dependent,0.8,5,1,1,0.19999999999999996,rel::6/message_3.jpg::ja
rel::6/message_3.jpg,ru,dependent,1,5,1,1,0,rel::6/message_3.jpg::ru
rel::6/message_3.jpg,th,dependent,1,5,1,1,0,rel::6/message_3.jpg::th
rel::6/message_3.jpg,zh,dependent,1,5,1,1,0,rel::6/message_3.jpg::zh
rel::6/message_7.jpg,en,independent,0.8,5,1,1,0.19999999999999996,rel::6/message_7.jpg::en
rel::6/message_7.jpg,fr,independent,0.8,5,1,1,0.19999999999999996,rel::6/message_7.jpg::fr
rel::6/message_7.jpg,ja,independent,0.6,5,1,1,0.4,rel::6/message_7.jpg::ja
rel::6/message_7.jpg,ru,independent,0.8,5,1,1,0.19999999999999996,rel::6/message_7.jpg::ru
rel::6/message_7.jpg,th,independent,1,5,0,1,-1,rel::6/message_7.jpg::th
rel::6/message_7.jpg,zh,independent,0.8,5,1,1,0.19999999999999996,rel::6/message_7.jpg::zh
rel::6/phone_1.jpg,en,independent,1,5,1,1,0,rel::6/phone_1.jpg::en
rel::6/phone_1.jpg,fr,independent,1,5,1,1,0,rel::6/phone_1.jpg::fr
rel::6/phone_1.jpg,ja,independent,1,5,1,1,0,rel::6/phone_1.jpg::ja
rel::6/phone_1.jpg,ru,independent,1,5,1,1,0,rel::6/phone_1.jpg::ru
rel::6/phone_1.jpg,th,independent,1,5,0,1,-1,rel::6/phone_1.jpg::th
rel::6/phone_1.jpg,zh,independent,1,5,1,1,0,rel::6/phone_1.jpg::zh
rel::6/phone_10.jpg,en,independent,0.6,5,1,1,0.4,rel::6/phone_10.jpg::en
rel::6/phone_10.jpg,fr,independent,0.2,5,0,1,-0.2,rel::6/phone_10.jpg::fr
rel::6/phone_10.jpg,ja,independent,0.6,5,1,1,0.4,rel::6/phone_10.jpg::ja
rel::6/phone_10.jpg,ru,independent,0.2,5,0,1,-0.2,rel::6/phone_10.jpg::ru
rel::6/phone_10.jpg,th,independent,0.6,5,0,1,-0.6,rel::6/phone_10.jpg::th
rel::6/phone_10.jpg,zh,independent,0.6,5,0,1,-0.6,rel::6/phone_10.jpg::zh
rel::6/phone_2.jpg,en,independent,0.8,5,1,1,0.19999999999999996,rel::6/phone_2.jpg::en
rel::6/phone_2.jpg,fr,independent,0.8,5,1,1,0.19999999999999996,rel::6/phone_2.jpg::fr
rel::6/phone_2.jpg,ja,independent,0.8,5,1,1,0.19999999999999996,rel::6/phone_2.jpg::ja
rel::6/phone_2.jpg,ru,independent,0.6,5,1,1,0.4,rel::6/phone_2.jpg::ru
rel::6/phone_2.jpg,th,independent,0.8,5,0,1,-0.8,rel::6/phone_2.jpg::th
rel::6/phone_2.jpg,zh,independent,0.8,5,1,1,0.19999999999999996,rel::6/phone_2.jpg::zh
rel::6/phone_3.jpg,en,independent,0.8,5,1,1,0.19999999999999996,rel::6/phone_3.jpg::en
rel::6/phone_3.jpg,fr,independent,0.8,5,1,1,0.19999999999999996,rel::6/phone_3.jpg::fr
rel::6/phone_3.jpg,ja,independent,0.8,5,1,1,0.19999999999999996,rel::6/phone_3.jpg::ja
rel::6/phone_3.jpg,ru,independent,0.8,5,1,1,0.19999999999999996,rel::6/phone_3.jpg::ru
rel::6/phone_3.jpg,th,independent,1,5,0,1,-1,rel::6/phone_3.jpg::th
rel::6/phone_3.jpg,zh,independent,0.8,5,1,1,0.19999999999999996,rel::6/phone_3.jpg::zh
rel::6/phone_4.jpg,en,dependent,0.8,5,1,1,0.19999999999999996,rel::6/phone_4.jpg::en
rel::6/phone_4.jpg,fr,dependent,0,5,1,1,1,rel::6/phone_4.jpg::fr
rel::6/phone_4.jpg,ja,dependent,0.2,5,1,1,0.8,rel::6/phone_4.jpg::ja
rel::6/phone_4.jpg,ru,dependent,0,5,0,1,0,rel::6/phone_4.jpg::ru
rel::6/phone_4.jpg,th,dependent,0.2,5,0,1,-0.2,rel::6/phone_4.jpg::th
rel::6/phone_4.jpg,zh,dependent,0.8,5,0,1,-0.8,rel::6/phone_4.jpg::zh
rel::6/phone_5.jpg,en,dependent,0.4,5,1,1,0.6,rel::6/phone_5.jpg::en
rel::6/phone_5.jpg,fr,dependent,0.4,5,1,1,0.6,rel::6/phone_5.jpg::fr
rel::6/phone_5.jpg,ja,dependent,0.4,5,0,1,-0.4,rel::6/phone_5.jpg::ja
rel::6/phone_5.jpg,ru,dependent,0.2,5,0,1,-0.2,rel::6/phone_5.jpg::ru
rel::6/phone_5.jpg,th,dependent,0,5,0,1,0,rel::6/phone_5.jpg::th
rel::6/phone_5.jpg,zh,dependent,0,5,1,1,1,rel::6/phone_5.jpg::zh
rel::6/phone_6.jpg,en,independent,0.4,5,1,1,0.6,rel::6/phone_6.jpg::en
rel::6/phone_6.jpg,fr,independent,0.6,5,0,1,-0.6,rel::6/phone_6.jpg::fr
rel::6/phone_6.jpg,ja,independent,0.6,5,0,1,-0.6,rel::6/phone_6.jpg::ja
rel::6/phone_6.jpg,ru,independent,0.6,5,0,1,-0.6,rel::6/phone_6.jpg::ru
rel::6/phone_6.jpg,th,independent,0.8,5,0,1,-0.8,rel::6/phone_6.jpg::th
rel::6/phone_6.jpg,zh,independent,0.4,5,0,1,-0.4,rel::6/phone_6.jpg::zh
rel::6/phone_7.jpg,en,dependent,0.8,5,1,1,0.19999999999999996,rel::6/phone_7.jpg::en
rel::6/phone_7.jpg,fr,dependent,0.6,5,1,1,0.4,rel::6/phone_7.jpg::fr
rel::6/phone_7.jpg,ja,dependent,0.4,5,1,1,0.6,rel::6/phone_7.jpg::ja
rel::6/phone_7.jpg,ru,dependent,0.2,5,0,1,-0.2,rel::6/phone_7.jpg::ru
rel::6/phone_7.jpg,th,dependent,0,5,1,1,1,rel::6/phone_7.jpg::th
rel::6/phone_7.jpg,zh,dependent,0.8,5,1,1,0.19999999999999996,rel::6/phone_7.jpg::zh
rel::6/phone_9.jpg,en,dependent,1,5,1,1,0,rel::6/phone_9.jpg::en
rel::6/phone_9.jpg,fr,dependent,1,5,1,1,0,rel::6/phone_9.jpg::fr
rel::6/phone_9.jpg,ja,dependent,1,5,1,1,0,rel::6/phone_9.jpg::ja
rel::6/phone_9.jpg,ru,dependent,0.8,5,1,1,0.19999999999999996,rel::6/phone_9.jpg::ru
rel::6/phone_9.jpg,th,dependent,1,5,1,1,0,rel::6/phone_9.jpg::th
rel::6/phone_9.jpg,zh,dependent,0.8,5,1,1,0.19999999999999996,rel::6/phone_9.jpg::zh
rel::6/record_1.jpg,en,dependent,0.8,5,1,1,0.19999999999999996,rel::6/record_1.jpg::en
rel::6/record_1.jpg,fr,dependent,0.8,5,1,1,0.19999999999999996,rel::6/record_1.jpg::fr
rel::6/record_1.jpg,ja,dependent,0.8,5,1,1,0.19999999999999996,rel::6/record_1.jpg::ja
rel::6/record_1.jpg,ru,dependent,0.6,5,1,1,0.4,rel::6/record_1.jpg::ru
rel::6/record_1.jpg,th,dependent,1,5,0,1,-1,rel::6/record_1.jpg::th
rel::6/record_1.jpg,zh,dependent,0.8,5,1,1,0.19999999999999996,rel::6/record_1.jpg::zh
rel::6/record_5.jpg,en,dependent,1,5,1,1,0,rel::6/record_5.jpg::en
rel::6/record_5.jpg,fr,dependent,1,5,1,1,0,rel::6/record_5.jpg::fr
rel::6/record_5.jpg,ja,dependent,0.4,5,1,1,0.6,rel::6/record_5.jpg::ja
rel::6/record_5.jpg,ru,dependent,0,5,1,1,1,rel::6/record_5.jpg::ru
rel::6/record_5.jpg,th,dependent,0,5,0,1,0,rel::6/record_5.jpg::th
rel::6/record_5.jpg,zh,dependent,0.8,5,1,1,0.19999999999999996,rel::6/record_5.jpg::zh
rel::6/safari_10.jpg,en,dependent,0.4,5,1,1,0.6,rel::6/safari_10.jpg::en
rel::6/safari_10.jpg,fr,dependent,0.4,5,1,1,0.6,rel::6/safari_10.jpg::fr
rel::6/safari_10.jpg,ja,dependent,0,5,0,1,0,rel::6/safari_10.jpg::ja
rel::6/safari_10.jpg,ru,dependent,0,5,0,1,0,rel::6/safari_10.jpg::ru
rel::6/safari_10.jpg,th,dependent,0,5,0,1,0,rel::6/safari_10.jpg::th
rel::6/safari_10.jpg,zh,dependent,0.6,5,1,1,0.4,rel::6/safari_10.jpg::zh
rel::6/safari_2.jpg,en,dependent,0,5,0,1,0,rel::6/safari_2.jpg::en
rel::6/safari_2.jpg,fr,dependent,0,5,0,1,0,rel::6/safari_2.jpg::fr
rel::6/safari_2.jpg,ja,dependent,0,5,0,1,0,rel::6/safari_2.jpg::ja
rel::6/safari_2.jpg,ru,dependent,0,5,0,1,0,rel::6/safari_2.jpg::ru
rel::6/safari_2.jpg,th,dependent,0,5,0,1,0,rel::6/safari_2.jpg::th
rel::6/safari_2.jpg,zh,dependent,0,5,0,1,0,rel::6/safari_2.jpg::zh
rel::6/safari_3.jpg,en,dependent,0.4,5,1,1,0.6,rel::6/safari_3.jpg::en
rel::6/safari_3.jpg,fr,dependent,0.6,5,1,1,0.4,rel::6/safari_3.jpg::fr
rel::6/safari_3.jpg,ja,dependent,0.6,5,1,1,0.4,rel::6/safari_3.jpg::ja
rel::6/safari_3.jpg,ru,dependent,0.4,5,1,1,0.6,rel::6/safari_3.jpg::ru
rel::6/safari_3.jpg,th,dependent,0.6,5,0,1,-0.6,rel::6/safari_3.jpg::th
rel::6/safari_3.jpg,zh,dependent,0.6,5,1,1,0.4,rel::6/safari_3.jpg::zh
rel::6/safari_5.jpg,en,dependent,1,5,1,1,0,rel::6/safari_5.jpg::en
rel::6/safari_5.jpg,fr,dependent,1,5,1,1,0,rel::6/safari_5.jpg::fr
rel::6/safari_5.jpg,ja,dependent,1,5,1,1,0,rel::6/safari_5.jpg::ja
rel::6/safari_5.jpg,ru,dependent,0.8,5,1,1,0.19999999999999996,rel::6/safari_5.jpg::ru
rel::6/safari_5.jpg,th,dependent,1,5,1,1,0,rel::6/safari_5.jpg::th
rel::6/safari_5.jpg,zh,dependent,1,5,1,1,0,rel::6/safari_5.jpg::zh
rel::6/safari_6.jpg,en,independent,0.6,5,1,1,0.4,rel::6/safari_6.jpg::en
rel::6/safari_6.jpg,fr,independent,1,5,1,1,0,rel::6/safari_6.jpg::fr
rel::6/safari_6.jpg,ja,independent,0.6,5,1,1,0.4,rel::6/safari_6.jpg::ja
rel::6/safari_6.jpg,ru,independent,1,5,0,1,-1,rel::6/safari_6.jpg::ru
rel::6/safari_6.jpg,th,independent,0.8,5,1,1,0.19999999999999996,rel::6/safari_6.jpg::th
rel::6/safari_6.jpg,zh,independent,0.8,5,1,1,0.19999999999999996,rel::6/safari_6.jpg::zh
rel::6/safari_7.jpg,en,dependent,0.8,5,1,1,0.19999999999999996,rel::6/safari_7.jpg::en
rel::6/safari_7.jpg,fr,dependent,0.8,5,1,1,0.19999999999999996,rel::6/safari_7.jpg::fr
rel::6/safari_7.jpg,ja,dependent,0.8,5,1,1,0.19999999999999996,rel::6/safari_7.jpg::ja
rel::6/safari_7.jpg,ru,dependent,1,5,1,1,0,rel::6/safari_7.jpg::ru
rel::6/safari_7.jpg,th,dependent,1,5,1,1,0,rel::6/safari_7.jpg::th
rel::6/safari_7.jpg,zh,dependent,0.8,5,1,1,0.19999999999999996,rel::6/safari_7.jpg::zh
rel::6/sport_1.jpg,en,dependent,1,5,0,1,-1,rel::6/sport_1.jpg::en
rel::6/sport_1.jpg,fr,dependent,1,5,1,1,0,rel::6/sport_1.jpg::fr
rel::6/sport_1.jpg,ja,dependent,1,5,1,1,0,rel::6/sport_1.jpg::ja
rel::6/sport_1.jpg,ru,dependent,0.8,5,1,1,0.19999999999999996,rel::6/sport_1.jpg::ru
rel::6/sport_1.jpg,th,dependent,1,5,1,1,0,rel::6/sport_1.jpg::th
rel::6/sport_1.jpg,zh,dependent,1,5,1,1,0,rel::6/sport_1.jpg::zh
rel::6/sport_10.jpg,en,dependent,0.8,5,1,1,0.19999999999999996,rel::6/sport_10.jpg::en
rel::6/sport_10.jpg,fr,dependent,0,5,0,1,0,rel::6/sport_10.jpg::fr
rel::6/sport_10.jpg,ja,dependent,0,5,0,1,0,rel::6/sport_10.jpg::ja
rel::6/sport_10.jpg,ru,dependent,0,5,0,1,0,rel::6/sport_10.jpg::ru
rel::6/sport_10.jpg,th,dependent,0,5,0,1,0,rel::6/sport_10.jpg::th
rel::6/sport_10.jpg,zh,dependent,0,5,0,1,0,rel::6/sport_10.jpg::zh
rel::6/sport_2.jpg,en,dependent,0.6,5,1,1,0.4,rel::6/sport_2.jpg::en
rel::6/sport_2.jpg,fr,dependent,0.6,5,1,1,0.4,rel::6/sport_2.jpg::fr
rel::6/sport_2.jpg,ja,dependent,0.8,5,1,1,0.19999999999999996,rel::6/sport_2.jpg::ja
rel::6/sport_2.jpg,ru,dependent,0.6,5,1,1,0.4,rel::6/sport_2.jpg::ru
rel::6/sport_2.jpg,th,dependent,0.8,5,0,1,-0.8,rel::6/sport_2.jpg::th
rel::6/sport_2.jpg,zh,dependent,0.8,5,1,1,0.19999999999999996,rel::6/sport_2.jpg::zh
rel::6/sport_3.jpg,en,dependent,1,5,1,1,0,rel::6/sport_3.jpg::en
rel::6/sport_3.jpg,fr,dependent,1,5,1,1,0,rel::6/sport_3.jpg::fr
rel::6/sport_3.jpg,ja,dependent,1,5,1,1,0,rel::6/sport_3.jpg::ja
rel::6/sport_3.jpg,ru,dependent,1,5,1,1,0,rel::6/sport_3.jpg::ru
rel::6/sport_3.jpg,th,dependent,1,5,0,1,-1,rel::6/sport_3.jpg::th
rel::6/sport_3.jpg,zh,dependent,1,5,1,1,0,rel::6/sport_3.jpg::zh
rel::6/sport_4.jpg,en,dependent,1,5,1,1,0,rel::6/sport_4.jpg::en
rel::6/sport_4.jpg,fr,dependent,1,5,1,1,0,rel::6/sport_4.jpg::fr
rel::6/sport_4.jpg,ja,dependent,1,5,1,1,0,rel::6/sport_4.jpg::ja
rel::6/sport_4.jpg,ru,dependent,1,5,1,1,0,rel::6/sport_4.jpg::ru
rel::6/sport_4.jpg,th,dependent,0.6,5,0,1,-0.6,rel::6/sport_4.jpg::th
rel::6/sport_4.jpg,zh,dependent,1,5,1,1,0,rel::6/sport_4.jpg::zh
rel::6/sport_5.jpg,en,dependent,0.2,5,1,1,0.8,rel::6/sport_5.jpg::en
rel::6/sport_5.jpg,fr,dependent,0.2,5,1,1,0.8,rel::6/sport_5.jpg::fr
rel::6/sport_5.jpg,ja,dependent,0,5,0,1,0,rel::6/sport_5.jpg::ja
rel::6/sport_5.jpg,ru,dependent,0,5,0,1,0,rel::6/sport_5.jpg::ru
rel::6/sport_5.jpg,th,dependent,0,5,0,1,0,rel::6/sport_5.jpg::th
rel::6/sport_5.jpg,zh,dependent,0,5,0,1,0,rel::6/sport_5.jpg::zh
rel::6/sport_6.jpg,en,independent,0,5,0,1,0,rel::6/sport_6.jpg::en
rel::6/sport_6.jpg,fr,independent,0,5,0,1,0,rel::6/sport_6.jpg::fr
rel::6/sport_6.jpg,ja,independent,0,5,0,1,0,rel::6/sport_6.jpg::ja
rel::6/sport_6.jpg,ru,independent,0,5,0,1,0,rel::6/sport_6.jpg::ru
rel::6/sport_6.jpg,th,independent,0,5,0,1,0,rel::6/sport_6.jpg::th
rel::6/sport_6.jpg,zh,independent,0,5,0,1,0,rel::6/sport_6.jpg::zh
rel::6/sport_7.jpg,en,dependent,0.6,5,1,1,0.4,rel::6/sport_7.jpg::en
rel::6/sport_7.jpg,fr,dependent,0,5,0,1,0,rel::6/sport_7.jpg::fr
rel::6/sport_7.jpg,ja,dependent,0,5,0,1,0,rel::6/sport_7.jpg::ja
rel::6/sport_7.jpg,ru,dependent,0,5,0,1,0,rel::6/sport_7.jpg::ru
rel::6/sport_7.jpg,th,dependent,0,5,0,1,0,rel::6/sport_7.jpg::th
rel::6/sport_7.jpg,zh,dependent,0,5,0,1,0,rel::6/sport_7.jpg::zh
rel::6/sport_8.jpg,en,dependent,1,5,1,1,0,rel::6/sport_8.jpg::en
rel::6/sport_8.jpg,fr,dependent,1,5,1,1,0,rel::6/sport_8.jpg::fr
rel::6/sport_8.jpg,ja,dependent,1,5,1,1,0,rel::6/sport_8.jpg::ja
rel::6/sport_8.jpg,ru,dependent,0.8,5,1,1,0.19999999999999996,rel::6/sport_8.jpg::ru
rel::6/sport_8.jpg,th,dependent,1,5,0,1,-1,rel::6/sport_8.jpg::th
rel::6/sport_8.jpg,zh,dependent,1,5,1,1,0,rel::6/sport_8.jpg::zh
rel::6/sport_9.jpg,en,dependent,0,5,0,1,0,rel::6/sport_9.jpg::en
rel::6/sport_9.jpg,fr,dependent,0.2,5,0,1,-0.2,rel::6/sport_9.jpg::fr
rel::6/sport_9.jpg,ja,dependent,0.4,5,0,1,-0.4,rel::6/sport_9.jpg::ja
rel::6/sport_9.jpg,ru,dependent,0.4,5,0,1,-0.4,rel::6/sport_9.jpg::ru
rel::6/sport_9.jpg,th,dependent,0.4,5,1,1,0.6,rel::6/sport_9.jpg::th
rel::6/sport_9.jpg,zh,dependent,0.4,5,1,1,0.6,rel::6/sport_9.jpg::zh
rel::6/wallet_1.jpg,en,dependent,0.8,5,1,1,0.19999999999999996,rel::6/wallet_1.jpg::en
rel::6/wallet_1.jpg,fr,dependent,1,5,1,1,0,rel::6/wallet_1.jpg::fr
rel::6/wallet_1.jpg,ja,dependent,0.4,5,0,1,-0.4,rel::6/wallet_1.jpg::ja
rel::6/wallet_1.jpg,ru,dependent,0.8,5,1,1,0.19999999999999996,rel::6/wallet_1.jpg::ru
rel::6/wallet_1.jpg,th,dependent,0.2,5,0,1,-0.2,rel::6/wallet_1.jpg::th
rel::6/wallet_1.jpg,zh,dependent,0.8,5,1,1,0.19999999999999996,rel::6/wallet_1.jpg::zh
rel::6/wallet_2.jpg,en,dependent,0,5,0,1,0,rel::6/wallet_2.jpg::en
rel::6/wallet_2.jpg,fr,dependent,0.2,5,0,1,-0.2,rel::6/wallet_2.jpg::fr
rel::6/wallet_2.jpg,ja,dependent,0,5,0,1,0,rel::6/wallet_2.jpg::ja
rel::6/wallet_2.jpg,ru,dependent,0,5,0,1,0,rel::6/wallet_2.jpg::ru
rel::6/wallet_2.jpg,th,dependent,0,5,0,1,0,rel::6/wallet_2.jpg::th
rel::6/wallet_2.jpg,zh,dependent,0.2,5,0,1,-0.2,rel::6/wallet_2.jpg::zh
rel::6/wallet_3.jpg,en,dependent,0.2,5,1,1,0.8,rel::6/wallet_3.jpg::en
rel::6/wallet_3.jpg,fr,dependent,0.4,5,0,1,-0.4,rel::6/wallet_3.jpg::fr
rel::6/wallet_3.jpg,ja,dependent,0.2,5,0,1,-0.2,rel::6/wallet_3.jpg::ja
rel::6/wallet_3.jpg,ru,dependent,0.2,5,0,1,-0.2,rel::6/wallet_3.jpg::ru
rel::6/wallet_3.jpg,th,dependent,0,5,0,1,0,rel::6/wallet_3.jpg::th
rel::6/wallet_3.jpg,zh,dependent,0.2,5,0,1,-0.2,rel::6/wallet_3.jpg::zh
rel::6/wallet_4.jpg,en,independent,1,5,1,1,0,rel::6/wallet_4.jpg::en
rel::6/wallet_4.jpg,fr,independent,1,5,1,1,0,rel::6/wallet_4.jpg::fr
rel::6/wallet_4.jpg,ja,independent,1,5,1,1,0,rel::6/wallet_4.jpg::ja
rel::6/wallet_4.jpg,ru,independent,1,5,1,1,0,rel::6/wallet_4.jpg::ru
rel::6/wallet_4.jpg,th,independent,1,5,1,1,0,rel::6/wallet_4.jpg::th
rel::6/wallet_4.jpg,zh,independent,1,5,1,1,0,rel::6/wallet_4.jpg::zh
rel::6/wallet_6.jpg,en,dependent,1,5,1,1,0,rel::6/wallet_6.jpg::en
rel::6/wallet_6.jpg,fr,dependent,0.6,5,1,1,0.4,rel::6/wallet_6.jpg::fr
rel::6/wallet_6.jpg,ja,dependent,0.8,5,1,1,0.19999999999999996,rel::6/wallet_6.jpg::ja
rel::6/wallet_6.jpg,ru,dependent,0.4,5,1,1,0.6,rel::6/wallet_6.jpg::ru
rel::6/wallet_6.jpg,th,dependent,0.4,5,0,1,-0.4,rel::6/wallet_6.jpg::th
rel::6/wallet_6.jpg,zh,dependent,1,5,1,1,0,rel::6/wallet_6.jpg::zh
rel::6/wallet_7.jpg,en,dependent,0.8,5,1,1,0.19999999999999996,rel::6/wallet_7.jpg::en
rel::6/wallet_7.jpg,fr,dependent,0.8,5,1,1,0.19999999999999996,rel::6/wallet_7.jpg::fr
rel::6/wallet_7.jpg,ja,dependent,0.8,5,1,1,0.19999999999999996,rel::6/wallet_7.jpg::ja
rel::6/wallet_7.jpg,ru,dependent,0.8,5,1,1,0.19999999999999996,rel::6/wallet_7.jpg::ru
rel::6/wallet_7.jpg,th,dependent,0.8,5,0,1,-0.8,rel::6/wallet_7.jpg::th
rel::6/wallet_7.jpg,zh,dependent,0.8,5,1,1,0.19999999999999996,rel::6/wallet_7.jpg::zh
rel::6/wallet_8.jpg,en,dependent,0.6,5,0,1,-0.6,rel::6/wallet_8.jpg::en
rel::6/wallet_8.jpg,fr,dependent,0.2,5,0,1,-0.2,rel::6/wallet_8.jpg::fr
rel::6/wallet_8.jpg,ja,dependent,0.6,5,1,1,0.4,rel::6/wallet_8.jpg::ja
rel::6/wallet_8.jpg,ru,dependent,0.2,5,0,1,-0.2,rel::6/wallet_8.jpg::ru
rel::6/wallet_8.jpg,th,dependent,0.4,5,0,1,-0.4,rel::6/wallet_8.jpg::th
rel::6/wallet_8.jpg,zh,dependent,0.4,5,0,1,-0.4,rel::6/wallet_8.jpg::zh
